hidden_sizes,omega_0,lr,n_epochs,n_per_param,seed,n_params_total,final_loss,min_loss,mean_rel_err,max_rel_err,min_correct_digits,mean_correct_digits,max_correct_digits,elapsed_s
"[128, 128, 128]",20.0,0.0005,4000,1024,2024,34181,4.2537503759376705e-05,3.914056287612766e-05,0.0002471669448750115,0.0004091538852207491,4,4.75,5,52.26543354988098
"[128, 128, 128]",10.0,0.0005,8000,1024,137,34181,2.6148198230657727e-05,2.31193880608771e-05,0.00025995184296221405,0.0004450040199204121,4,4.75,6,105.30065321922302
"[64, 64, 64]",15.0,0.0001,8000,1024,2024,8901,0.00041122251423075795,0.0003552043635863811,0.0003323645837622198,0.0009865248783567633,4,4.875,6,106.07099723815918
"[128, 128, 128]",20.0,0.0001,8000,1024,137,34181,5.361293733585626e-05,4.6605284296674654e-05,0.0003421644326492947,0.0011116602022223543,4,4.75,6,105.3215000629425
"[64, 64, 64]",10.0,0.0005,8000,1024,2024,8901,9.846432658378035e-05,9.792082710191607e-05,0.00034711538160363937,0.0009695669787040041,4,4.75,6,108.65785479545593
"[128, 128, 128]",15.0,0.0001,8000,1024,2024,34181,7.55864311940968e-05,6.774863868486136e-05,0.00043425714961958795,0.0006725780796459275,4,4.625,5,106.57557249069214
"[128, 128, 128]",10.0,0.0005,8000,1024,42,34181,2.9837210604455322e-05,2.7237245376454666e-05,0.0004524325872077792,0.0007746914126175988,4,4.5,5,107.37104034423828
"[128, 128, 128]",10.0,0.0005,4000,1024,137,34181,8.080124098341912e-05,6.883302557980642e-05,0.00046170179878778566,0.001259956540734787,4,4.625,5,52.95047163963318
"[64, 64, 64]",20.0,0.0001,8000,1024,42,8901,0.000273387529887259,0.00024409021716564894,0.0004883671201964009,0.001036042950236642,4,4.5,6,107.09369444847107
"[128, 128, 128]",20.0,0.0005,8000,1024,137,34181,1.4685499991173856e-05,1.3989885701448657e-05,0.0005072352246638476,0.0013291643997594223,4,4.625,5,105.89483785629272
"[128, 128, 128]",15.0,0.0001,4000,1024,2024,34181,0.00031411403324455023,0.00027452214271761477,0.0005223287581896888,0.0012676528434640388,4,4.75,6,53.829617977142334
"[128, 128, 128]",20.0,0.0005,8000,1024,2024,34181,1.8586768419481814e-05,1.3451952327159233e-05,0.0005399007913890572,0.0012433843319127255,4,4.5,5,105.26702880859375
"[64, 64, 64]",10.0,0.0005,8000,1024,42,8901,0.00011767551768571138,9.618158219382167e-05,0.0005534464270384508,0.0017553611332673158,4,4.5,5,106.86197996139526
"[128, 128, 128]",20.0,0.0001,4000,1024,2024,34181,0.0002027418522629887,0.00017144085722975433,0.0005923267733601777,0.0013794671807611978,4,4.375,5,53.05692791938782
"[128, 128, 128]",20.0,0.0001,8000,1024,2024,34181,5.7443488913122565e-05,4.6580138587160036e-05,0.0006199257741040165,0.001100391735829977,4,4.25,5,106.28462958335876
"[128, 128, 128]",10.0,0.0005,4000,1024,2024,34181,9.909562504617497e-05,8.285049261758104e-05,0.0006295446232405965,0.0012975760426588248,4,4.5,6,53.11838412284851
"[128, 128, 128]",10.0,0.0001,8000,1024,137,34181,9.562427294440567e-05,8.634866389911622e-05,0.0006541804306475026,0.0009827467724868946,4,4.25,5,106.05619645118713
"[64, 64, 64]",15.0,0.0005,8000,1024,2024,8901,0.00011917949450435117,0.00010811071842908859,0.0006814474154560568,0.0013397861160458074,4,4.25,5,107.54231142997742
"[128, 128, 128]",15.0,0.0001,4000,1024,42,34181,0.0003613522567320615,0.0003064590273424983,0.0007929799359584067,0.002250241629747056,4,4.375,6,53.346686124801636
"[64, 64, 64]",15.0,0.0005,4000,1024,42,8901,0.00020626327022910118,0.0001765589986462146,0.000792994100985861,0.0020447317615180263,4,4.25,5,53.710201263427734
"[128, 128, 128]",10.0,0.0001,8000,1024,42,34181,0.00011092600470874459,9.080231393454596e-05,0.0009892831272275417,0.0014651276615207363,4,4.125,5,106.60070872306824
"[64, 64, 64]",10.0,0.0005,8000,1024,137,8901,0.00010963068780256435,8.908149902708828e-05,0.0010245609865710684,0.0019258388257094214,4,4.0,4,107.09759044647217
"[128, 128, 128]",10.0,0.0005,8000,1024,2024,34181,3.459341314737685e-05,2.8631089662667364e-05,0.0010961507286766164,0.0015753228914303068,4,4.0,4,106.12788701057434
"[128, 128, 128]",15.0,0.0001,4000,1024,137,34181,0.00020338271860964596,0.00017334945732727647,0.0010983899664287402,0.0029039146226097277,4,4.375,5,52.54369640350342
"[64, 64, 64]",20.0,0.0001,8000,1024,137,8901,0.0004992450121790171,0.000415000191424042,0.0011004284240948227,0.003073902682765253,4,4.375,6,107.72729682922363
"[64, 64, 64]",20.0,0.0001,4000,1024,2024,8901,0.001932729035615921,0.0012342726113274693,0.0012156900070084552,0.0023564319066598336,4,4.125,5,53.72151470184326
"[64, 64, 64]",20.0,0.0005,8000,1024,2024,8901,9.14389020181261e-05,8.194868132704869e-05,0.0005907481807085965,0.0011520338417744817,3,4.25,5,107.66707730293274
"[128, 128, 128]",15.0,0.0005,8000,1024,42,34181,2.200867311330512e-05,2.042894993792288e-05,0.0006001915630145149,0.001371724255104166,3,4.25,5,106.43007612228394
"[128, 128, 128]",10.0,0.0001,8000,1024,2024,34181,0.00013125076657161117,0.00011598488345043734,0.0006355366826225628,0.001923528196731464,3,4.5,6,107.05587983131409
"[128, 128, 128]",20.0,0.0005,8000,1024,42,34181,1.8961975001730025e-05,1.8064627511193976e-05,0.0006556020349153941,0.001464222326903103,3,4.375,5,105.6940987110138
"[64, 64, 64]",10.0,0.0005,4000,1024,42,8901,0.00026959762908518314,0.00024061868316493928,0.0007024421855654266,0.001676107036828284,3,4.0,5,53.17140245437622
"[64, 64, 64]",20.0,0.0001,8000,1024,2024,8901,0.00043092144187539816,0.0003935478162020445,0.0007485059697461615,0.001617865009470674,3,4.25,5,106.63363242149353
"[128, 128, 128]",15.0,0.0005,8000,1024,137,34181,2.814861545630265e-05,1.7947717424249277e-05,0.0007612551797086906,0.0016023224442119485,3,3.875,4,106.41423511505127
"[64, 64, 64]",15.0,0.0005,8000,1024,137,8901,0.00010656143422238529,9.191144636133686e-05,0.0007978459649627181,0.0018055286259867445,3,4.0,5,106.23054027557373
"[128, 128, 128]",20.0,0.0001,8000,1024,42,34181,7.261813880177215e-05,7.241804269142449e-05,0.0008059719963730847,0.0015966220853158779,3,4.25,5,107.4167320728302
"[64, 64, 64]",15.0,0.0005,8000,1024,42,8901,7.895160524640232e-05,6.419380952138454e-05,0.0008223969062057567,0.0016374433557950793,3,4.5,6,106.9253740310669
"[128, 128, 128]",15.0,0.0001,8000,1024,42,34181,9.675248293206096e-05,8.030689787119627e-05,0.0008544847203766338,0.0016605618931084776,3,4.125,5,106.28901934623718
"[128, 128, 128]",15.0,0.0001,8000,1024,137,34181,5.7909412134904414e-05,5.159919965080917e-05,0.0008700313085599296,0.001200206092043314,3,4.25,6,105.63499736785889
"[64, 64, 64]",15.0,0.0005,4000,1024,137,8901,0.0002958184340968728,0.0002620175073388964,0.0009559344711720538,0.0031210547903520935,3,4.125,5,52.96878981590271
"[128, 128, 128]",20.0,0.0001,4000,1024,42,34181,0.0002934135845862329,0.00024739449145272374,0.0010251885740210512,0.0019198088271112255,3,4.0,5,53.79017949104309
"[64, 64, 64]",15.0,0.0001,8000,1024,137,8901,0.0005064590950496495,0.00039812910836189985,0.0010265667172439335,0.0020519104281468085,3,4.0,5,106.12998247146606
"[64, 64, 64]",15.0,0.0001,8000,1024,42,8901,0.0002761157520581037,0.0002476221416145563,0.0010618690712397227,0.003415242727056592,3,4.0,5,107.10566425323486
"[128, 128, 128]",20.0,0.0001,4000,1024,137,34181,0.00020999033586122096,0.0001757870486471802,0.001120074606245449,0.0020867456503759862,3,3.75,4,53.19192099571228
"[64, 64, 64]",20.0,0.0005,4000,1024,137,8901,0.0003859227290377021,0.00031810763175599277,0.0011400999216868025,0.0025667035942240316,3,4.25,5,53.1269097328186
"[128, 128, 128]",15.0,0.0005,8000,1024,2024,34181,1.7670046872808598e-05,1.231288661074359e-05,0.0013827876550685865,0.002055312733856155,3,3.875,5,105.5625319480896
"[128, 128, 128]",10.0,0.0001,4000,1024,137,34181,0.00038038851926103234,0.0002928756002802402,0.001393101495127139,0.003418249749316712,3,4.0,5,53.542548179626465
"[128, 128, 128]",15.0,0.0005,4000,1024,2024,34181,4.211103077977896e-05,4.077026460436173e-05,0.0013972255250420031,0.0019665670190037034,3,3.75,4,53.03922128677368
"[128, 128, 128]",10.0,0.0001,4000,1024,42,34181,0.00038704671896994114,0.00034056504955515265,0.0014082878512153606,0.0024531843692029522,3,3.875,4,52.75891065597534
"[64, 64, 64]",10.0,0.0005,4000,1024,137,8901,0.0002928636968135834,0.0002482298295944929,0.0015937671148245885,0.0023029876440139652,3,3.875,5,53.094810962677
"[128, 128, 128]",20.0,0.0005,4000,1024,137,34181,5.2327603043522686e-05,3.924850170733407e-05,0.0018684956458258086,0.002653358631018565,3,3.75,4,52.836323976516724
"[64, 64, 64]",15.0,0.0005,4000,1024,2024,8901,0.00037175853503867984,0.00027191598201170564,0.0019292403142205517,0.0030387174519964843,3,3.75,4,53.21447229385376
"[128, 128, 128]",10.0,0.0001,4000,1024,2024,34181,0.00047922320663928986,0.00042984148603864014,0.0019914010462124,0.005790478868377253,3,3.875,5,53.10206460952759
"[64, 64, 64]",10.0,0.0001,8000,1024,42,8901,0.0004893206059932709,0.00044478586642071605,0.002082383310258393,0.003735853389991889,3,3.875,4,107.31220006942749
"[64, 64, 64]",20.0,0.0005,8000,1024,42,8901,8.253200212493539e-05,7.415236177621409e-05,0.0021347782909621298,0.0039028729651307006,3,3.5,4,108.3301293849945
"[64, 64, 64]",20.0,0.0005,4000,1024,2024,8901,0.000303334672935307,0.00020553250215016305,0.0021665664160818534,0.004617183456175385,3,3.875,5,53.665409088134766
"[64, 64, 64]",15.0,0.0001,4000,1024,2024,8901,0.00179182062856853,0.0012295437045395374,0.002233528013105965,0.004536042119349924,3,3.75,4,53.13762617111206
"[64, 64, 64]",20.0,0.0001,4000,1024,42,8901,0.0008776496397331357,0.0007089924765750766,0.0022975439408763876,0.004227169868245839,3,3.75,5,52.5714635848999
"[128, 128, 128]",20.0,0.0005,4000,1024,42,34181,5.917589442105964e-05,4.660389822674915e-05,0.0023774326220933357,0.0040555585379185325,3,3.625,4,52.82138013839722
"[64, 64, 64]",10.0,0.0005,4000,1024,2024,8901,0.0003245538682676852,0.000274201127467677,0.0023795147319016267,0.003561111767494097,3,3.625,4,53.69048595428467
"[64, 64, 64]",20.0,0.0005,4000,1024,42,8901,0.0001916040782816708,0.00016637681983411312,0.0024138535574069805,0.0036317691182119675,3,3.625,5,52.43754720687866
"[64, 64, 64]",10.0,0.0001,8000,1024,137,8901,0.0004840381152462214,0.00042213714914396405,0.002497176026296483,0.004425503093030898,3,3.875,6,106.9530463218689
"[64, 64, 64]",10.0,0.0001,8000,1024,2024,8901,0.0005086810560896993,0.0004396729345899075,0.0025673113818904018,0.0045519435226191625,3,3.75,4,108.24776458740234
"[64, 64, 64]",20.0,0.0001,4000,1024,137,8901,0.0016428814269602299,0.0012618976179510355,0.0026029270384259388,0.009418217540474038,3,4.125,7,52.76984143257141
"[64, 64, 64]",15.0,0.0001,4000,1024,42,8901,0.0009326435392722487,0.0008205228950828314,0.00261511692892096,0.0051868685659091605,3,3.625,4,52.7703378200531
"[128, 128, 128]",10.0,0.0005,4000,1024,42,34181,8.321943460032344e-05,7.268557965289801e-05,0.0026499878130954854,0.0034921019015693067,3,3.625,4,52.88552522659302
"[128, 128, 128]",15.0,0.0005,4000,1024,42,34181,7.799248851370066e-05,6.12188596278429e-05,0.0027692134042164775,0.0036499404061753854,3,3.5,4,53.173932790756226
"[128, 128, 128]",15.0,0.0005,4000,1024,137,34181,6.77586067467928e-05,4.825141149922274e-05,0.003054325816496894,0.003624498286137139,3,3.5,4,53.200783491134644
"[64, 64, 64]",20.0,0.0005,8000,1024,137,8901,0.00013761373702436686,0.00010729854693636298,0.003810661319468277,0.005734752792520267,3,3.75,5,108.03053617477417
"[64, 64, 64]",15.0,0.0001,4000,1024,137,8901,0.0017413217574357986,0.0013306718319654465,0.006186375657659285,0.012829919752256797,3,3.375,4,53.31250619888306
"[64, 64, 64]",10.0,0.0001,4000,1024,2024,8901,0.001700997119769454,0.0014638175489380956,0.004102218067399229,0.012409328391710672,2,3.5,4,53.681833028793335
"[64, 64, 64]",10.0,0.0001,4000,1024,42,8901,0.001522501464933157,0.0013935392489656806,0.006117709872086015,0.021355829950704976,2,3.375,4,55.12456440925598
"[64, 64, 64]",10.0,0.0001,4000,1024,137,8901,0.0018914372194558382,0.0014459375524893403,0.008109138299042598,0.019746011335222646,2,3.125,4,54.173227071762085
