hidden_sizes,lr,n_epochs,n_per_param,seed,n_params_total,final_loss,min_loss,mean_rel_err,max_rel_err,I_1_dig,I_2_dig,I_3_dig,I_4_dig,I_5_dig,I_6_dig,I_7_dig,I_8_dig,min_dig,mean_dig,max_dig,elapsed_s
"[64, 128, 256, 512]",0.0002,8000,1024,42,1723393,0.00013637362280860543,0.00010927120456472039,0.000472350900673219,0.0006701589936628713,4,4,4,5,4,4,4,5,4,4.25,5,1478.4758591651917
"[48, 96, 192, 384]",0.0005,12000,256,42,969985,7.429107063217089e-05,4.8006793804233894e-05,0.0005962227139353544,0.0009657232208450801,4,5,4,5,4,4,4,5,4,4.375,5,471.7614986896515
"[48, 96, 192, 384]",0.0005,12000,512,137,969985,3.702966932905838e-05,3.210684371879324e-05,0.0007312651571708911,0.0017717989126566148,4,4,4,6,6,4,4,5,4,4.625,6,910.2273926734924
"[64, 128, 256, 512]",0.0002,12000,256,999,1723393,0.00012227456318214536,8.030493336264044e-05,0.00077395753683151,0.002057481179705046,4,4,4,5,4,4,4,5,4,4.25,5,567.7783069610596
"[64, 128, 256, 512]",0.0002,12000,512,7,1723393,8.095433440757915e-05,6.740157550666481e-05,0.0008097765980115653,0.0016113729859786193,4,4,4,5,4,4,4,4,4,4.125,5,1069.7253353595734
"[32, 64, 128, 256]",0.0002,16000,512,2024,431617,0.000243028363911435,0.0001372898113913834,0.0008216037126382275,0.0014742597398912014,5,4,4,4,4,4,4,4,4,4.125,5,759.0709662437439
"[16, 32, 64, 128]",0.0005,16000,512,137,108289,0.00014117076352704316,0.00012621318455785513,0.000846667377126022,0.0024879904715512046,4,4,4,4,4,5,4,5,4,4.25,5,480.15708446502686
"[32, 64, 128, 256]",0.0002,16000,1024,42,431617,0.00014083270798437297,0.00011531301424838603,0.0008766378519478572,0.0016897653083043083,5,4,4,4,4,4,4,4,4,4.125,5,1525.9667739868164
"[16, 32, 64, 128]",0.0002,16000,512,999,108289,0.000779744703322649,0.0004438991891220212,0.0009266470456584643,0.0033848320524862753,4,4,4,6,4,5,5,4,4,4.5,6,479.9896945953369
"[64, 128, 256, 512]",0.0005,8000,256,42,1723393,0.00010974847100442275,6.5436506702099e-05,0.0009780808534975351,0.002756805541792005,4,4,4,5,4,5,4,4,4,4.25,5,378.726984500885
"[64, 128, 256, 512]",0.0005,8000,256,999,1723393,0.00010298464621882886,6.895442493259907e-05,0.0009873318044235388,0.0018257348796980406,4,4,4,5,4,4,4,5,4,4.25,5,378.8009612560272
"[32, 64, 128, 256]",0.0001,16000,1024,2024,431617,0.00028351444052532315,0.0002059906837530434,0.0010341059875395382,0.0030791556317120235,4,4,5,4,4,5,4,4,4,4.25,5,1526.20716547966
"[32, 64, 128, 256]",0.0005,12000,512,2024,431617,9.013352246256545e-05,6.708809814881533e-05,0.0010448358937439062,0.001965510881302619,4,5,4,4,4,4,4,5,4,4.25,5,569.290369272232
"[32, 64, 128, 256]",0.0005,12000,256,2024,431617,0.00013684123405255377,6.680392834823579e-05,0.0011290753695152498,0.0022172774796536724,4,4,5,4,4,4,4,5,4,4.25,5,344.73300647735596
"[64, 128, 256, 512]",0.0002,12000,256,42,1723393,0.00013128436694387347,0.00010348648356739432,0.0014172221266501473,0.0023707923440965486,4,4,4,4,4,4,4,4,4,4.0,4,567.6470983028412
"[64, 128, 256, 512]",0.0005,8000,512,7,1723393,8.073920616880059e-05,5.792389129055664e-05,0.0014349611835998892,0.0026629621980735515,4,4,4,4,4,4,4,4,4,4.0,4,712.9905800819397
"[48, 96, 192, 384]",0.0005,12000,512,999,969985,8.34508246043697e-05,4.7720510337967426e-05,0.001471150133922751,0.0029004356870998434,4,4,4,4,4,4,4,4,4,4.0,4,910.1662230491638
"[32, 64, 128, 256]",0.0001,16000,256,2024,431617,0.00046179594937711954,0.00034087069798260927,0.0015778210481242286,0.004214126070429648,4,4,4,4,4,4,4,4,4,4.0,4,459.91216111183167
"[48, 96, 192, 384]",0.0005,12000,512,2024,969985,7.173417543526739e-05,5.176512058824301e-05,0.001722893996480886,0.005551952980838054,4,4,5,4,4,4,4,4,4,4.125,5,910.2220208644867
"[64, 128, 256, 512]",0.0002,12000,512,42,1723393,8.85227564140223e-05,7.658172398805618e-05,0.001873714406489672,0.005044823624223934,4,4,5,4,4,4,4,4,4,4.125,5,1069.7064888477325
"[48, 96, 192, 384]",0.0002,8000,256,2024,969985,0.00046659173676744103,0.0003312248445581645,0.0007541744451351139,0.0017111559683097286,3,4,5,6,4,4,5,4,3,4.375,6,315.5494849681854
"[48, 96, 192, 384]",0.0002,12000,1024,2024,969985,0.0001400773471686989,0.00010903727525146678,0.0007922401426457477,0.0017687150791897705,4,5,4,5,3,4,4,5,3,4.25,5,1868.3885724544525
"[48, 96, 192, 384]",0.0002,12000,1024,42,969985,0.0001716257247608155,0.00012144917855039239,0.0008226921174666711,0.0015889848336296433,4,6,4,4,3,5,4,4,3,4.25,6,1868.972395658493
"[48, 96, 192, 384]",0.0002,12000,1024,7,969985,0.00012388324830681086,9.89812906482257e-05,0.0009329177623178818,0.00172457182572702,4,4,4,4,3,4,5,4,3,4.0,5,1868.1196138858795
"[64, 128, 256, 512]",0.0001,12000,1024,7,1723393,0.00016754865646362305,0.0001378824090352282,0.0009631057251296446,0.0019839143129156966,4,4,4,5,3,4,4,4,3,4.0,5,2213.130003452301
"[32, 64, 128, 256]",0.0005,12000,256,42,431617,0.0001457301405025646,8.645962225273252e-05,0.0009635754086039863,0.002621374219319514,3,4,4,6,4,4,5,5,3,4.375,6,345.0006446838379
"[16, 32, 64, 128]",0.0005,16000,256,137,108289,0.00017267513612750918,0.00012205212260596454,0.000999126968390724,0.0021849297654886707,7,4,4,5,3,4,5,5,3,4.625,7,349.7903311252594
"[64, 128, 256, 512]",0.0002,12000,256,2024,1723393,0.00010837919398909435,7.67626115703024e-05,0.0010197091404781956,0.002420486566672845,4,4,4,5,3,4,4,4,3,4.0,5,568.4068095684052
"[64, 128, 256, 512]",0.0001,8000,1024,999,1723393,0.00033905322197824717,0.00022480872576124966,0.0010372805346689576,0.004147477280312164,4,4,4,4,3,5,4,6,3,4.25,6,1478.3182439804077
"[48, 96, 192, 384]",0.0001,12000,512,7,969985,0.0007033040747046471,0.00030736596090719104,0.0010380666387967688,0.0018591388966762426,3,4,4,6,4,4,4,4,3,4.125,6,911.3358640670776
"[32, 64, 128, 256]",0.0002,16000,512,137,431617,0.0001410947588738054,0.0001302333694184199,0.0010931334411197838,0.0019994299422559886,3,4,5,4,4,4,4,4,3,4.0,5,758.8266017436981
"[64, 128, 256, 512]",0.0002,8000,256,42,1723393,0.00025013647973537445,0.00017884644330479205,0.0010953111716636523,0.002330164075449736,3,5,4,5,4,4,5,4,3,4.25,5,378.998384475708
"[64, 128, 256, 512]",0.0005,8000,1024,137,1723393,7.16937574907206e-05,5.164468166185543e-05,0.0011066454970799135,0.002145204635472925,4,4,4,4,3,4,4,5,3,4.0,5,1476.1933553218842
"[32, 64, 128, 256]",0.0005,8000,1024,137,431617,0.00018225403618998826,0.00013020020560361445,0.0011762882511007486,0.0025403427361302615,3,4,4,5,5,4,4,4,3,4.125,5,764.6665904521942
"[64, 128, 256, 512]",0.0002,12000,1024,2024,1723393,8.967249596025795e-05,7.268272020155564e-05,0.0012017736543596565,0.0018845543796022547,4,4,4,4,3,4,4,4,3,3.875,4,2213.8827407360077
"[64, 128, 256, 512]",0.0001,12000,1024,2024,1723393,0.000203209143364802,0.00014554413792211562,0.0012187556826340506,0.0024996072512511315,3,5,4,5,3,4,4,5,3,4.125,5,2213.4544038772583
"[48, 96, 192, 384]",0.0002,8000,512,137,969985,0.00026652502128854394,0.0002149032079614699,0.001234780791725957,0.0026374474414471018,3,4,4,5,4,5,4,4,3,4.125,5,607.7029604911804
"[32, 64, 128, 256]",0.0001,16000,512,137,431617,0.00033010769402608275,0.0002832766040228307,0.0012396020939432998,0.0023197501480778015,4,4,4,4,3,4,4,4,3,3.875,4,759.15718126297
"[32, 64, 128, 256]",0.0001,16000,256,137,431617,0.0005915250512771308,0.00034332089126110077,0.0012783423710348238,0.003017860928170749,4,5,4,5,3,4,4,5,3,4.25,5,459.8965427875519
"[64, 128, 256, 512]",0.0001,8000,512,42,1723393,0.0003881633165292442,0.0003152783028781414,0.0013074121558009487,0.0029402174934257974,4,4,5,4,3,4,4,4,3,4.0,5,713.212589263916
"[48, 96, 192, 384]",0.0002,8000,256,42,969985,0.0003761647385545075,0.0002811517333611846,0.0013299004090836744,0.004665828104762635,4,4,5,4,3,5,4,4,3,4.125,5,315.2988896369934
"[64, 128, 256, 512]",0.0002,8000,256,2024,1723393,0.00028314130031503737,0.00016074342420324683,0.0013308406165923358,0.0025579695103178307,4,4,4,5,3,4,4,4,3,4.0,5,378.71622014045715
"[64, 128, 256, 512]",0.0002,8000,1024,137,1723393,0.0001895665336633101,0.0001328689104411751,0.0013568778828844453,0.0028706409549035393,3,5,4,4,3,4,4,5,3,4.0,5,1477.6691472530365
"[16, 32, 64, 128]",0.0005,12000,1024,137,108289,0.00024187250528484583,0.00020210207730997354,0.001358088942500734,0.002851272868386517,3,4,4,5,3,4,5,4,3,4.0,5,702.7169804573059
"[64, 128, 256, 512]",0.0002,8000,1024,2024,1723393,0.00016040373884607106,0.00013816294085700065,0.001384899760451678,0.002309861872293588,3,4,4,4,4,4,5,5,3,4.125,5,1476.4207706451416
"[32, 64, 128, 256]",0.0001,16000,1024,7,431617,0.0002902104752138257,0.00022356133558787405,0.0013859724279462302,0.0026747967164198814,3,4,5,5,3,4,4,5,3,4.125,5,1526.2511885166168
"[32, 64, 128, 256]",0.0005,8000,1024,2024,431617,0.000132425018819049,0.00011537694081198424,0.0013931400536923318,0.004001973484672808,4,4,3,5,4,4,3,5,3,4.0,5,764.8528425693512
"[48, 96, 192, 384]",0.0005,8000,512,999,969985,0.0001229141344083473,0.00010756935807876289,0.0014102809312547147,0.003016505345344996,4,4,4,4,3,4,4,4,3,3.875,4,607.6209642887115
"[32, 64, 128, 256]",0.0002,12000,1024,137,431617,0.00022461244952864945,0.00017485397984273732,0.0015068951452431455,0.0024837965268684433,3,4,4,5,3,4,4,4,3,3.875,5,1145.2325367927551
"[64, 128, 256, 512]",0.0001,12000,512,137,1723393,0.0002746357349678874,0.00021312927128747106,0.00153955983664694,0.0034328718238948552,3,4,3,4,4,5,4,4,3,3.875,5,1069.439350605011
"[64, 128, 256, 512]",0.0002,12000,256,7,1723393,0.0001658656692598015,7.151492172852159e-05,0.0015599166718115068,0.0031991842784065304,3,4,4,4,4,4,4,4,3,3.875,4,568.0972211360931
"[48, 96, 192, 384]",0.0002,8000,512,42,969985,0.00029511252068914473,0.0002426024730084464,0.001581808215565352,0.005715246794938004,5,5,4,4,4,4,3,4,3,4.125,5,608.1395165920258
"[32, 64, 128, 256]",0.0005,8000,512,137,431617,0.0001843995414674282,0.00015654641902074218,0.0015925368207309813,0.005993682116653231,4,4,5,6,3,4,3,4,3,4.125,6,379.8424654006958
"[16, 32, 64, 128]",0.0002,12000,512,999,108289,0.001123223453760147,0.0007442578207701445,0.0015968546374622943,0.0031384417592643598,3,4,3,5,3,4,4,5,3,3.875,5,360.3588442802429
"[64, 128, 256, 512]",0.0002,12000,1024,137,1723393,8.375541074201465e-05,6.826458411524072e-05,0.00161855985154671,0.00358466661201798,3,4,4,5,4,4,3,5,3,4.0,5,2213.6701827049255
"[64, 128, 256, 512]",0.0001,12000,256,42,1723393,0.0002411361929262057,0.00019830894598271698,0.001619875172221379,0.0033713218112855956,4,4,4,4,4,5,3,4,3,4.0,5,567.91907787323
"[48, 96, 192, 384]",0.0005,8000,1024,999,969985,8.297983731608838e-05,6.56701740808785e-05,0.0016247694335312637,0.0030173869032193153,3,4,3,4,4,4,4,4,3,3.75,4,1246.9397206306458
"[16, 32, 64, 128]",0.0005,12000,512,137,108289,0.00024634390138089657,0.00020995801605749875,0.0016364872841262402,0.0028317707211527494,3,4,4,4,3,4,4,5,3,3.875,5,360.3605303764343
"[64, 128, 256, 512]",0.0005,8000,512,999,1723393,7.621691474923864e-05,5.368436177377589e-05,0.001644176985899826,0.0035693343036410923,3,5,3,4,3,5,3,4,3,3.75,5,712.9685411453247
"[48, 96, 192, 384]",0.0002,12000,512,7,969985,0.00022170539887156337,0.00011911840556422248,0.0016450683618207886,0.002574406294046853,3,4,4,4,4,4,4,4,3,3.875,4,910.3904802799225
"[48, 96, 192, 384]",0.0005,12000,256,999,969985,8.203483594115824e-05,5.6060031056404114e-05,0.0016731244720806322,0.0031739402264068734,3,4,4,5,3,4,4,4,3,3.875,5,471.6929295063019
"[16, 32, 64, 128]",0.0005,12000,512,999,108289,0.0003674780309665948,0.0002565286122262478,0.0016745626235058978,0.0033615057564363384,3,4,4,4,3,4,4,4,3,3.75,4,360.3244652748108
"[64, 128, 256, 512]",0.0001,12000,1024,42,1723393,0.00013117975322529674,0.00012993993004783988,0.0016878813748101148,0.0027211526752790693,3,5,4,4,3,4,4,4,3,3.875,5,2215.120740890503
"[32, 64, 128, 256]",0.0002,12000,512,42,431617,0.00027059376589022577,0.00021421156998258084,0.0016945601564157483,0.003980068803525453,3,4,3,4,4,4,4,4,3,3.75,4,570.1851210594177
"[64, 128, 256, 512]",0.0001,12000,1024,999,1723393,0.00011695892317220569,9.481354936724529e-05,0.0016965291809350517,0.003222775396470053,4,5,4,4,3,4,4,4,3,4.0,5,2213.920231103897
"[16, 32, 64, 128]",0.0005,16000,1024,999,108289,0.0001658387918723747,0.00015574651479255408,0.0017059449050823394,0.0029780576009050324,4,4,4,4,3,4,4,5,3,4.0,5,937.1562118530273
"[32, 64, 128, 256]",0.0002,8000,256,137,431617,0.0005546859465539455,0.00042808399302884936,0.0017272068358752714,0.006546946661268657,3,4,5,5,4,4,3,4,3,4.0,5,230.28768181800842
"[64, 128, 256, 512]",0.0002,8000,256,999,1723393,0.00019156382768414915,0.00015180015179794282,0.0017357196878855258,0.003664394736379683,4,4,4,4,3,4,4,5,3,4.0,5,378.5480606555939
"[48, 96, 192, 384]",0.0005,12000,256,2024,969985,6.554291758220643e-05,5.7770463172346354e-05,0.0017721542553632546,0.004982659661967024,4,4,4,4,4,3,5,4,3,4.0,5,471.8861711025238
"[64, 128, 256, 512]",0.0001,8000,1024,7,1723393,0.0005415373598225415,0.0002939874539151788,0.0017740917785563585,0.0036869433212883664,3,4,3,4,3,4,4,5,3,3.75,5,1477.6762480735779
"[48, 96, 192, 384]",0.0005,8000,1024,137,969985,9.549341484671459e-05,6.521410250570625e-05,0.001775615128837826,0.002833135657313178,3,5,3,4,3,5,4,4,3,3.875,5,1246.156879901886
"[32, 64, 128, 256]",0.0005,8000,1024,7,431617,0.00017570273485034704,0.00012136489385738969,0.0017770461288065561,0.003966639683990324,3,4,4,5,3,4,3,5,3,3.875,5,764.7335362434387
"[64, 128, 256, 512]",0.0005,8000,1024,42,1723393,6.530711834784597e-05,5.220347156864591e-05,0.0017881074058978832,0.004316847124852352,3,4,3,4,4,4,3,4,3,3.625,4,1476.7495441436768
"[32, 64, 128, 256]",0.0002,8000,512,7,431617,0.0004654052318073809,0.0003974623105023056,0.0018150889739749604,0.0026277570146727293,3,4,4,4,3,4,4,4,3,3.75,4,379.9608793258667
"[48, 96, 192, 384]",0.0002,8000,1024,2024,969985,0.0002598701394163072,0.00020258694712538272,0.0018311429827768287,0.004276988073001244,4,4,4,4,4,3,5,4,3,4.0,5,1247.5884799957275
"[64, 128, 256, 512]",0.0002,12000,512,137,1723393,0.00010058480256702751,7.552798342658207e-05,0.0018327622926623385,0.0034717772095357114,3,4,4,4,3,4,4,4,3,3.75,4,1069.7300188541412
"[32, 64, 128, 256]",0.0002,12000,256,137,431617,0.00039595161797478795,0.00021591605036519468,0.001840057320878227,0.0038821095871361053,3,4,3,4,4,4,4,4,3,3.75,4,345.38671493530273
"[64, 128, 256, 512]",0.0005,8000,256,7,1723393,0.0001184028951684013,6.656386540271342e-05,0.0018605139510426945,0.004428035914903704,3,6,4,4,3,4,4,4,3,4.0,6,378.75976061820984
"[64, 128, 256, 512]",0.0005,8000,512,2024,1723393,6.75449991831556e-05,3.9407550502801314e-05,0.0018630192095426977,0.002996375879210608,3,4,4,4,3,4,4,4,3,3.75,4,712.8479528427124
"[32, 64, 128, 256]",0.0005,8000,256,2024,431617,0.00021379493409767747,0.0001362129405606538,0.001914799210682341,0.004560165170055564,4,4,4,5,3,4,3,4,3,3.875,5,230.11083817481995
"[64, 128, 256, 512]",0.0001,12000,512,42,1723393,0.00018235073366668075,0.0001690914505161345,0.0019186560489787535,0.005409339719618623,3,5,3,5,3,4,3,4,3,3.75,5,1069.8838551044464
"[32, 64, 128, 256]",0.0005,12000,256,137,431617,0.00012518177391029894,7.347823702730238e-05,0.0019372690771724914,0.003589639564521425,3,4,4,4,3,4,4,4,3,3.75,4,344.977872133255
"[64, 128, 256, 512]",0.0002,8000,256,7,1723393,0.0002522070426493883,0.00016557617345824838,0.0019712035348115856,0.00383915716662279,4,4,4,4,3,4,4,4,3,3.875,4,378.5644688606262
"[64, 128, 256, 512]",0.0001,12000,512,2024,1723393,0.00031256844522431493,0.00018915568944066763,0.0019891489866741495,0.0032179731651250367,3,4,3,4,4,4,4,4,3,3.75,4,1069.4577333927155
"[64, 128, 256, 512]",0.0002,8000,256,137,1723393,0.0002345172833884135,0.0001773689000401646,0.002018006052455355,0.005988099600846207,5,4,4,4,3,4,4,4,3,4.0,5,378.83861660957336
"[48, 96, 192, 384]",0.0002,12000,256,137,969985,0.00020609678176697344,0.00012227936531417072,0.002031045864159237,0.003687815633099674,3,4,4,4,3,4,3,4,3,3.625,4,472.4621407985687
"[48, 96, 192, 384]",0.0002,8000,1024,137,969985,0.00028873575502075255,0.00019609424634836614,0.0020510705902514977,0.0036128238050166764,3,4,3,4,3,4,3,4,3,3.5,4,1247.2524936199188
"[16, 32, 64, 128]",0.0005,8000,1024,137,108289,0.0004067282425239682,0.00037615609471686184,0.0020524322747193517,0.007293348529359252,5,4,3,4,4,4,4,4,3,4.0,5,469.54136085510254
"[32, 64, 128, 256]",0.0001,16000,256,7,431617,0.0005277473828755319,0.00038199053960852325,0.0020573282622259746,0.004826626370407165,4,3,4,4,4,4,3,6,3,4.0,6,459.8000147342682
"[48, 96, 192, 384]",0.0002,8000,1024,999,969985,0.00026501945103518665,0.00018747654394246638,0.0020676698827662198,0.0045941720655193535,3,4,3,4,3,4,4,4,3,3.625,4,1247.5637958049774
"[16, 32, 64, 128]",0.0005,16000,1024,42,108289,0.00021332237520255148,0.00017360228230245411,0.0020744808402970148,0.004767329855243566,3,4,4,4,3,4,4,5,3,3.875,5,936.80113530159
"[32, 64, 128, 256]",0.0005,12000,256,7,431617,0.00010430201655253768,8.377507765544578e-05,0.0021787422712966475,0.003766181674110268,4,4,3,4,4,4,4,4,3,3.875,4,344.81331038475037
"[64, 128, 256, 512]",0.0002,8000,512,2024,1723393,0.0001824761275202036,0.0001259816635865718,0.002181578422376666,0.0034731968913719233,3,4,4,4,3,4,3,4,3,3.625,4,713.4563994407654
"[16, 32, 64, 128]",0.0002,12000,1024,999,108289,0.0007580267847515643,0.0006313213380053639,0.0021933426589602636,0.008361497989928687,3,4,4,4,4,4,4,4,3,3.875,4,703.147882938385
"[48, 96, 192, 384]",0.0001,12000,256,2024,969985,0.00040236307540908456,0.0003098493907600641,0.00219548620108005,0.005131385447728393,4,3,4,5,3,4,4,4,3,3.875,5,472.36871790885925
"[48, 96, 192, 384]",0.0002,12000,256,2024,969985,0.00019214622443541884,0.00014828486018814147,0.002201297332521777,0.005525433561393751,3,3,4,4,4,4,4,4,3,3.75,4,472.59476923942566
"[48, 96, 192, 384]",0.0005,8000,512,7,969985,9.485273767495528e-05,7.284061575774103e-05,0.0022316007820810334,0.0038057695149022555,3,4,3,4,4,4,4,4,3,3.75,4,607.7433972358704
"[64, 128, 256, 512]",0.0001,12000,512,999,1723393,0.000137170689413324,0.00011052976333303377,0.0022336532322724378,0.004761225208310379,3,4,4,4,4,3,4,4,3,3.75,4,1069.919159412384
"[32, 64, 128, 256]",0.0001,16000,512,7,431617,0.00041615517693571746,0.0003492603718768805,0.00225549246210284,0.004957816305625352,3,4,4,4,4,4,4,4,3,3.875,4,759.5517566204071
"[64, 128, 256, 512]",0.0005,8000,1024,7,1723393,8.217168942792341e-05,3.9354912587441504e-05,0.0022712001809606953,0.004242605034528921,3,4,3,4,3,4,3,4,3,3.5,4,1475.638376712799
"[32, 64, 128, 256]",0.0005,12000,512,7,431617,0.0001106815179809928,8.812719897832721e-05,0.0022933489041468452,0.004276366896626627,4,3,4,4,3,3,3,5,3,3.625,5,569.2572979927063
"[48, 96, 192, 384]",0.0002,12000,1024,137,969985,0.00013546907575801015,0.00010349645162932575,0.002326203564394123,0.00407632723180063,3,4,3,4,3,4,4,4,3,3.625,4,1868.8861119747162
"[32, 64, 128, 256]",0.0002,8000,1024,7,431617,0.00037143248482607305,0.00034809097996912897,0.0023428391509602263,0.004757908319267775,4,4,6,4,3,5,3,4,3,4.125,6,764.6929085254669
"[32, 64, 128, 256]",0.0001,16000,512,42,431617,0.00041240788414143026,0.000307827431242913,0.0023559829671145538,0.0050190730702364674,3,4,4,4,3,4,4,4,3,3.75,4,759.1442110538483
"[32, 64, 128, 256]",0.0005,12000,256,999,431617,0.00014910061145201325,9.079206211026758e-05,0.0023844974460143927,0.00417474890294152,3,4,3,4,3,4,3,4,3,3.5,4,344.67619037628174
"[32, 64, 128, 256]",0.0002,8000,1024,42,431617,0.0005025667487643659,0.0003513940901029855,0.002388474730954503,0.003837928860686401,3,4,4,4,3,4,3,5,3,3.75,5,764.2269549369812
"[32, 64, 128, 256]",0.0005,12000,1024,137,431617,8.526684541720897e-05,6.474490510299802e-05,0.0024109931277457586,0.006125457972158211,3,4,3,4,3,4,3,5,3,3.625,5,1145.7812156677246
"[48, 96, 192, 384]",0.0001,12000,256,7,969985,0.0004942309460602701,0.00043393141822889447,0.002438716785530347,0.005757549353959422,3,4,4,5,3,4,5,4,3,4.0,5,472.3682053089142
"[32, 64, 128, 256]",0.0005,12000,1024,7,431617,0.00010755377297755331,6.874527025502175e-05,0.0024420379309305668,0.005247917566379682,3,4,4,4,3,4,3,4,3,3.625,4,1146.0653331279755
"[64, 128, 256, 512]",0.0005,8000,512,42,1723393,8.141752914525568e-05,6.42329832771793e-05,0.00247119768715615,0.004428931246420263,3,4,4,4,3,4,3,4,3,3.625,4,713.2796976566315
"[64, 128, 256, 512]",0.0002,8000,1024,999,1723393,0.0001577804796397686,0.00010874807776417583,0.002483035766166014,0.004374539729232293,3,4,3,4,3,5,3,4,3,3.625,5,1476.4088342189789
"[16, 32, 64, 128]",0.0005,12000,512,7,108289,0.0003661158261820674,0.00021225580712780356,0.00253744003213083,0.004646972655601474,3,4,3,5,3,4,3,4,3,3.625,5,360.3836522102356
"[64, 128, 256, 512]",0.0005,8000,1024,999,1723393,7.217958045657724e-05,5.270180554362014e-05,0.002572106112014433,0.004158798040212494,3,3,3,4,3,4,4,5,3,3.625,5,1476.2541992664337
"[64, 128, 256, 512]",0.0002,12000,1024,42,1723393,6.31260045338422e-05,5.52243618585635e-05,0.0025868621722771653,0.004438502358846484,3,4,4,4,3,3,4,4,3,3.625,4,2213.7275865077972
"[48, 96, 192, 384]",0.0005,8000,256,42,969985,0.00010160147212445736,8.626673661638051e-05,0.0025890297053864364,0.006674582859318124,3,4,3,5,3,5,3,4,3,3.75,5,315.0260148048401
"[32, 64, 128, 256]",0.0002,12000,256,7,431617,0.00036863869172520936,0.000259173393715173,0.0025899734185161633,0.004868700212152211,3,3,5,4,3,3,3,4,3,3.5,5,345.49238204956055
"[64, 128, 256, 512]",0.0001,12000,256,137,1723393,0.00037703418638557196,0.0001894552551675588,0.0025917442238056073,0.0046073492378305055,3,4,3,4,4,4,4,4,3,3.75,4,568.3874657154083
"[32, 64, 128, 256]",0.0001,12000,1024,42,431617,0.0005455746431834996,0.0004813610576093197,0.002597985132124391,0.004513850743450418,4,5,3,4,3,4,4,4,3,3.875,5,1145.9340937137604
"[32, 64, 128, 256]",0.0005,12000,512,999,431617,9.317400690633804e-05,7.578564691357315e-05,0.002606783168371942,0.003900510154860447,3,4,3,4,3,4,3,4,3,3.5,4,569.2688941955566
"[48, 96, 192, 384]",0.0002,8000,1024,7,969985,0.00024198932806029916,0.00020466740534175187,0.0026685117544065166,0.00391378701429038,3,3,3,4,3,4,4,4,3,3.5,4,1247.5926275253296
"[48, 96, 192, 384]",0.0005,8000,1024,7,969985,8.796645852271467e-05,6.54975010547787e-05,0.0026686256112341397,0.004317389838726314,3,4,3,4,3,4,4,4,3,3.625,4,1246.0981585979462
"[16, 32, 64, 128]",0.0005,8000,256,137,108289,0.0006802876014262438,0.000502024544402957,0.002670618066790621,0.009095554437519695,3,4,4,5,3,4,4,4,3,3.875,5,174.9829478263855
"[48, 96, 192, 384]",0.0001,8000,256,999,969985,0.0007962226518429816,0.000639717502053827,0.0026824766715852193,0.0065870478750803705,3,4,3,4,3,5,3,4,3,3.625,5,314.98020029067993
"[32, 64, 128, 256]",0.0005,12000,1024,999,431617,6.652006413787603e-05,5.628383223665878e-05,0.002707359774428497,0.003916461736500797,3,4,3,4,3,4,3,4,3,3.5,4,1145.700398683548
"[48, 96, 192, 384]",0.0001,12000,1024,42,969985,0.0003317082591820508,0.000240064604440704,0.002710523719359118,0.005972702341092515,3,3,3,5,3,4,3,5,3,3.625,5,1869.6145691871643
"[48, 96, 192, 384]",0.0005,8000,256,2024,969985,0.00015269045252352953,0.00011858344805659726,0.0027113407351961475,0.006030231698692263,3,4,3,4,3,5,3,4,3,3.625,5,314.78867530822754
"[64, 128, 256, 512]",0.0005,8000,512,137,1723393,6.121725891716778e-05,5.239962047198787e-05,0.0027575365164993885,0.004436260272212938,3,4,3,4,3,3,4,5,3,3.625,5,712.8642756938934
"[32, 64, 128, 256]",0.0002,12000,256,999,431617,0.00035368010867387056,0.00024725327966734767,0.002776739790636714,0.005715010345677295,3,4,3,5,3,4,3,4,3,3.625,5,345.3517544269562
"[64, 128, 256, 512]",0.0001,12000,512,7,1723393,0.00020748720271512866,0.00015221127250697464,0.0027812587392310605,0.004489227902877413,3,4,3,4,3,4,3,4,3,3.5,4,1069.3509612083435
"[32, 64, 128, 256]",0.0002,12000,1024,2024,431617,0.0002469989121891558,0.0002006434660870582,0.0027825958168863625,0.0036728902982059095,3,4,3,4,3,4,4,4,3,3.625,4,1145.711549282074
"[32, 64, 128, 256]",0.0002,16000,512,999,431617,0.00015075274859555066,0.00012697103375103325,0.002813200833235867,0.005338131306974728,3,4,3,4,3,3,3,5,3,3.5,5,758.9964354038239
"[64, 128, 256, 512]",0.0001,8000,1024,2024,1723393,0.00035481402301229537,0.0003033830435015261,0.002819869243865365,0.00500789314810748,3,4,3,4,3,4,4,4,3,3.625,4,1477.4687304496765
"[16, 32, 64, 128]",0.0002,16000,256,7,108289,0.0008742893696762621,0.0005863560945726931,0.0028898261232895494,0.004586695183172286,3,4,3,4,4,4,3,4,3,3.625,4,351.7738893032074
"[16, 32, 64, 128]",0.0005,16000,256,2024,108289,0.00024700985522940755,0.00020030431915074587,0.0028963881797354147,0.0050772641933589545,3,4,3,4,3,4,3,4,3,3.5,4,350.8856682777405
"[32, 64, 128, 256]",0.0005,8000,512,7,431617,0.00019253959180787206,0.00016348157078027725,0.002898947440601304,0.005632926809182643,3,4,3,4,3,5,3,4,3,3.625,5,379.9868760108948
"[32, 64, 128, 256]",0.0002,8000,512,2024,431617,0.0006709742592647672,0.0004455581947695464,0.00292572121870466,0.006178737375178602,4,4,3,4,3,4,3,4,3,3.625,4,380.1908006668091
"[32, 64, 128, 256]",0.0002,8000,1024,999,431617,0.00043361689313314855,0.00036196463042870164,0.002926839041760016,0.0059942889063408665,4,4,3,4,4,4,3,4,3,3.75,4,763.9538159370422
"[16, 32, 64, 128]",0.0001,16000,512,42,108289,0.0019601895473897457,0.0015210302080959082,0.0029306136186901975,0.006801962431739718,4,3,4,4,3,4,3,4,3,3.625,4,480.3793637752533
"[64, 128, 256, 512]",0.0005,8000,256,2024,1723393,6.174368900246918e-05,4.503003947320394e-05,0.0029506970487129126,0.005596113236238256,3,4,3,4,3,4,4,4,3,3.625,4,378.91514468193054
"[48, 96, 192, 384]",0.0001,12000,512,137,969985,0.0003468967042863369,0.0002526508760638535,0.0029647612945576927,0.004946315020113066,3,3,4,4,3,4,4,4,3,3.625,4,910.7436037063599
"[16, 32, 64, 128]",0.0005,16000,512,42,108289,0.00029974462813697755,0.00021109619410708547,0.0029704377052308948,0.00580406966182881,3,4,3,4,3,4,6,4,3,3.875,6,480.3349733352661
"[48, 96, 192, 384]",0.0001,12000,512,999,969985,0.00030404137214645743,0.00026514846831560135,0.002974059466595588,0.009912686296627867,4,4,4,4,3,4,4,4,3,3.875,4,911.2254409790039
"[16, 32, 64, 128]",0.0005,16000,1024,7,108289,0.0001412687124684453,0.00013495789607986808,0.0029767708814447853,0.004101427370822108,3,4,3,4,3,4,3,4,3,3.5,4,936.7814412117004
"[16, 32, 64, 128]",0.0002,12000,1024,137,108289,0.0006028177449479699,0.0004969445872120559,0.0029809211419319363,0.006445955176054408,3,4,4,4,3,4,3,4,3,3.625,4,702.7496871948242
"[16, 32, 64, 128]",0.0005,16000,1024,2024,108289,0.00026334100402891636,0.0001981025270652026,0.002994892004113252,0.005676481958929199,3,4,3,4,3,4,3,4,3,3.5,4,936.8269031047821
"[32, 64, 128, 256]",0.0001,16000,256,999,431617,0.0006013043457642198,0.000433565815910697,0.003000739695123997,0.0055182608958673435,3,3,3,4,3,4,4,5,3,3.625,5,459.67002177238464
"[16, 32, 64, 128]",0.0005,12000,256,999,108289,0.0005852838512510061,0.000300855899695307,0.0030478819244915316,0.005296206042085321,3,4,4,4,3,4,3,4,3,3.625,4,267.0083546638489
"[48, 96, 192, 384]",0.0002,12000,1024,999,969985,0.00017697674047667533,0.00010987083078362048,0.0030928149254344306,0.004297114158394804,3,3,4,4,3,4,4,4,3,3.625,4,1868.047405719757
"[16, 32, 64, 128]",0.0005,12000,256,7,108289,0.00031649216543883085,0.0002535328094381839,0.0031055682163204515,0.006393358709541612,4,5,3,4,3,4,3,4,3,3.75,5,265.8641109466553
"[32, 64, 128, 256]",0.0001,12000,1024,7,431617,0.0006879763677716255,0.0003694828774314374,0.0031199008345572017,0.008748402391901382,4,4,3,4,4,4,3,4,3,3.75,4,1145.3777439594269
"[48, 96, 192, 384]",0.0001,12000,256,999,969985,0.0003007299383170903,0.0003007299383170903,0.0031790865256937028,0.010381822426729767,3,5,3,5,3,4,3,5,3,3.875,5,472.29165410995483
"[48, 96, 192, 384]",0.0001,12000,1024,7,969985,0.0003316863439977169,0.00026629536296240985,0.0031887025018536917,0.006072672139408541,3,3,3,4,3,4,4,4,3,3.5,4,1868.5976071357727
"[16, 32, 64, 128]",0.0005,12000,1024,999,108289,0.0003443085588514805,0.00026176159735769033,0.0031906117218211943,0.005226949341271001,3,4,3,4,3,4,3,4,3,3.5,4,703.112325668335
"[16, 32, 64, 128]",0.0005,16000,256,42,108289,0.0003240573569200933,0.00022823974722996354,0.0031956607868259476,0.006564887203309151,3,4,3,4,3,3,4,4,3,3.5,4,351.30674982070923
"[32, 64, 128, 256]",0.0002,16000,512,7,431617,0.0001725943002384156,0.00014454766642302275,0.0032174041983830588,0.004332395926311941,3,4,3,4,3,4,4,4,3,3.625,4,758.96231341362
"[48, 96, 192, 384]",0.0001,12000,256,137,969985,0.000398326781578362,0.0002795146428979933,0.0032753262405769683,0.006254042795449119,3,4,4,4,3,4,3,4,3,3.625,4,472.27709579467773
"[48, 96, 192, 384]",0.0005,8000,512,42,969985,0.00011511641059769318,9.07470821402967e-05,0.003291363708157167,0.00458097001865236,3,4,3,4,3,3,3,4,3,3.375,4,607.4174134731293
"[48, 96, 192, 384]",0.0005,8000,512,2024,969985,0.00012522167526185513,9.673801832832396e-05,0.0032951903117225756,0.004457283610209201,3,3,3,4,3,3,4,4,3,3.375,4,607.6535727977753
"[32, 64, 128, 256]",0.0002,16000,512,42,431617,0.00019162529497407377,0.0001437999017070979,0.0033125306077005715,0.004896540476332507,3,4,3,4,3,4,3,4,3,3.5,4,758.9826674461365
"[32, 64, 128, 256]",0.0001,12000,256,2024,431617,0.0014127334579825401,0.0007129574660211802,0.0033234646517354078,0.008423127716033896,3,3,3,4,3,4,4,4,3,3.5,4,345.590425491333
"[48, 96, 192, 384]",0.0001,12000,256,42,969985,0.00047807363444007933,0.000376969255739823,0.0033235775243980166,0.008155730349751419,3,4,4,4,4,4,3,4,3,3.75,4,472.5455071926117
"[32, 64, 128, 256]",0.0002,8000,1024,137,431617,0.00046408784692175686,0.00032634043600410223,0.0033552363746797834,0.006735740753979771,3,4,3,4,3,4,3,4,3,3.5,4,764.6269149780273
"[16, 32, 64, 128]",0.0005,8000,512,999,108289,0.0007333883550018072,0.0004939974169246852,0.0033606821080233665,0.005915342600941528,3,3,5,4,3,3,4,4,3,3.625,5,240.3851273059845
"[48, 96, 192, 384]",0.0001,8000,1024,42,969985,0.0005451557226479053,0.0004831994592677802,0.003376226442440395,0.007137542538307863,3,4,3,4,4,4,3,4,3,3.625,4,1246.5947904586792
"[48, 96, 192, 384]",0.0002,12000,512,999,969985,0.00013134587788954377,0.00011057595838792622,0.0033964083022335724,0.009222334382552974,4,4,4,4,4,3,4,4,3,3.875,4,910.7214386463165
"[32, 64, 128, 256]",0.0002,8000,256,2024,431617,0.0008152472437359393,0.0005748845869675279,0.003414830466281425,0.007609176438284028,3,4,4,4,3,4,3,5,3,3.75,5,230.36475157737732
"[32, 64, 128, 256]",0.0001,16000,512,999,431617,0.000383105332730338,0.0003439347492530942,0.003434180611140519,0.00937858427078326,4,4,3,4,3,4,3,4,3,3.625,4,759.4482867717743
"[48, 96, 192, 384]",0.0002,12000,512,2024,969985,0.00016652344493195415,0.00011215146514587104,0.0035201462296111335,0.005655186167714413,3,4,3,4,3,4,3,4,3,3.5,4,910.5860455036163
"[64, 128, 256, 512]",0.0005,8000,1024,2024,1723393,3.8661048165522516e-05,3.3764874387998134e-05,0.0035263568134001255,0.0059970054168377845,3,4,3,4,3,4,3,4,3,3.5,4,1475.8908331394196
"[64, 128, 256, 512]",0.0001,8000,512,2024,1723393,0.0005285126389935613,0.00036855496000498533,0.003536073717333111,0.006710500460945245,3,4,3,4,3,4,3,4,3,3.5,4,713.9282956123352
"[16, 32, 64, 128]",0.0005,8000,1024,999,108289,0.0006887697381898761,0.000507270684465766,0.0035653951253402966,0.00599152986293483,3,3,5,4,4,3,3,4,3,3.625,5,469.119704246521
"[64, 128, 256, 512]",0.0001,12000,256,7,1723393,0.0003056251734960824,0.00018111898680217564,0.0035682670858870813,0.007241640874338048,5,3,5,4,3,3,3,4,3,3.75,5,568.542093038559
"[16, 32, 64, 128]",0.0002,16000,512,2024,108289,0.0006626183167099953,0.0005422105896286666,0.0035992040369450416,0.013558510481489957,3,5,4,4,4,4,4,3,3,3.875,5,480.0678086280823
"[48, 96, 192, 384]",0.0005,8000,256,999,969985,0.00014986918540671468,0.00010307785851182416,0.003600652777137663,0.005891145099911655,3,3,3,4,3,3,4,4,3,3.375,4,314.8355782032013
"[16, 32, 64, 128]",0.0002,12000,512,42,108289,0.0014331534039229155,0.0009589302353560925,0.003647183490918903,0.007320432146665096,3,3,4,4,3,4,3,4,3,3.5,4,360.96126985549927
"[64, 128, 256, 512]",0.0001,8000,256,7,1723393,0.0006266031414270401,0.00040410691872239113,0.0036545071839946238,0.010259574126120663,3,4,3,4,3,4,3,4,3,3.5,4,378.686265707016
"[32, 64, 128, 256]",0.0005,8000,1024,42,431617,0.00023289283853955567,0.000143353347084485,0.0036636720314130273,0.007936460176534337,3,4,4,5,3,3,3,4,3,3.625,5,764.7797677516937
"[48, 96, 192, 384]",0.0002,8000,512,999,969985,0.00022433322737924755,0.00018907232151832432,0.0036651640944966963,0.006138080136620339,3,4,3,4,3,3,3,4,3,3.375,4,607.1738529205322
"[32, 64, 128, 256]",0.0001,12000,1024,999,431617,0.0005038970848545432,0.00048074530786834657,0.003667608282630693,0.005120585831128088,3,3,4,4,3,3,3,4,3,3.375,4,1145.6804859638214
"[32, 64, 128, 256]",0.0001,12000,256,7,431617,0.0006968104280531406,0.0006291937315836549,0.0036789305722607435,0.006446570651513077,3,3,4,4,3,4,3,4,3,3.5,4,345.368638753891
"[32, 64, 128, 256]",0.0005,8000,256,137,431617,0.00018490341608412564,0.00013673416106030345,0.0036936461499055186,0.005888410642813575,3,3,4,4,3,3,3,4,3,3.375,4,230.14184165000916
"[32, 64, 128, 256]",0.0001,12000,256,999,431617,0.0008909088210202754,0.0006342963315546513,0.003697673749391007,0.0075721988449339575,4,3,3,4,3,3,3,5,3,3.5,5,345.17089343070984
"[48, 96, 192, 384]",0.0005,8000,1024,2024,969985,0.00010424714855616912,8.459505625069141e-05,0.0037845027299546544,0.00766424461264667,3,4,3,4,3,3,3,4,3,3.375,4,1245.9697029590607
"[16, 32, 64, 128]",0.0005,8000,512,7,108289,0.0004962608218193054,0.0004133710463065654,0.0038114597401343333,0.006832414476399341,3,5,3,4,3,4,3,4,3,3.625,5,240.29100918769836
"[16, 32, 64, 128]",0.0002,12000,512,7,108289,0.0009897431591525674,0.0007509423885494471,0.0038411561032469926,0.007556514516033406,3,4,4,4,3,3,4,4,3,3.625,4,360.4383363723755
"[32, 64, 128, 256]",0.0002,8000,256,7,431617,0.0005525045562535524,0.0004693615483120084,0.0038412624132904954,0.014528599245506896,3,3,3,4,3,4,3,5,3,3.5,5,230.3471691608429
"[32, 64, 128, 256]",0.0002,12000,512,2024,431617,0.00025609260774217546,0.00023350126866716892,0.0038450305300520406,0.005073825862693824,3,3,3,4,3,4,3,4,3,3.375,4,569.8714036941528
"[16, 32, 64, 128]",0.0005,8000,256,2024,108289,0.0008585075265727937,0.0006264398107305169,0.0038636734364375126,0.008810563062229129,3,3,3,6,3,4,3,4,3,3.625,6,176.04301190376282
"[64, 128, 256, 512]",0.0001,8000,512,999,1723393,0.0003183181397616863,0.0002526970347389579,0.003886966903340911,0.008402949380509873,3,4,3,4,3,4,3,4,3,3.5,4,713.7506856918335
"[32, 64, 128, 256]",0.0005,8000,512,2024,431617,0.00017295731231570244,0.00013910181587561965,0.003949231478792039,0.006322321429307488,3,4,3,4,3,4,3,4,3,3.5,4,379.9674367904663
"[16, 32, 64, 128]",0.0002,8000,1024,137,108289,0.0012879874557256699,0.0011299888137727976,0.003952627238524195,0.009572372263072153,3,4,4,4,3,4,3,4,3,3.625,4,469.18071818351746
"[16, 32, 64, 128]",0.0005,8000,1024,42,108289,0.0006673547904938459,0.0005145907634869218,0.003981657485985947,0.007835593896540897,3,4,3,4,4,3,3,4,3,3.5,4,469.413560628891
"[64, 128, 256, 512]",0.0001,8000,256,137,1723393,0.0007036527385935187,0.000541238987352699,0.0039829356622272044,0.008773362857075648,3,3,3,4,3,3,4,4,3,3.375,4,378.66845321655273
"[32, 64, 128, 256]",0.0001,16000,1024,137,431617,0.00024403180577792227,0.00021772473701275885,0.004005203124865483,0.006361997808159296,3,3,3,4,3,3,3,4,3,3.25,4,1526.6681258678436
"[16, 32, 64, 128]",0.0002,12000,256,137,108289,0.0024394774809479713,0.0014218979049474,0.004009015348878801,0.006847461944864782,3,5,3,4,3,3,4,4,3,3.625,5,264.45900201797485
"[16, 32, 64, 128]",0.0002,16000,256,137,108289,0.0009657061891630292,0.0007927257684059441,0.00401015167056142,0.012792984482771632,3,4,3,4,3,4,3,5,3,3.625,5,352.1386785507202
"[64, 128, 256, 512]",0.0002,8000,512,42,1723393,0.00016863655764609575,0.00014312603161670268,0.004010565978168259,0.005612348244305854,3,3,3,4,3,3,3,4,3,3.25,4,713.1592261791229
"[32, 64, 128, 256]",0.0001,16000,1024,42,431617,0.00037180620711296797,0.0002899844548664987,0.004011272121842351,0.006395708303542771,3,3,4,4,3,3,3,4,3,3.375,4,1526.7687714099884
"[64, 128, 256, 512]",0.0001,12000,1024,137,1723393,0.0002143275924026966,0.0001733366952976212,0.0040212969712882995,0.005796408105440277,3,3,3,4,3,4,3,4,3,3.375,4,2214.716406106949
"[32, 64, 128, 256]",0.0005,12000,1024,42,431617,9.919122385326773e-05,7.043321966193616e-05,0.004069776420025543,0.005672521325747446,3,3,3,4,3,3,3,4,3,3.25,4,1145.1772620677948
"[64, 128, 256, 512]",0.0002,8000,512,999,1723393,0.0001407005765940994,0.00012343031994532794,0.004089461760566896,0.005034737946274056,3,3,3,4,3,3,3,4,3,3.25,4,713.9235227108002
"[48, 96, 192, 384]",0.0005,8000,1024,42,969985,8.799014904070646e-05,6.364269211189821e-05,0.00409851969570719,0.008310902073929191,3,4,3,4,3,4,3,4,3,3.5,4,1246.6666696071625
"[16, 32, 64, 128]",0.0002,8000,1024,2024,108289,0.0014437357895076275,0.0012906062183901668,0.004128054363542202,0.01112774406646757,3,4,3,4,3,3,4,3,3,3.375,4,469.1264383792877
"[48, 96, 192, 384]",0.0001,8000,1024,137,969985,0.0007460897322744131,0.00047705566976219416,0.0041896643676998715,0.008159050854860492,3,3,3,4,3,4,3,4,3,3.375,4,1247.5273802280426
"[32, 64, 128, 256]",0.0002,8000,256,42,431617,0.0007231925847008824,0.00051548593910411,0.004211240341995194,0.008607878951933897,3,3,4,4,3,3,3,4,3,3.375,4,230.38444328308105
"[16, 32, 64, 128]",0.0002,16000,1024,137,108289,0.00034381684963591397,0.00028908526292070746,0.004213020380507099,0.006982933301469253,3,4,3,4,3,4,3,4,3,3.5,4,937.2469136714935
"[32, 64, 128, 256]",0.0002,12000,1024,7,431617,0.00029057986102998257,0.00017782632494345307,0.004213244212732,0.00702444390966733,3,3,3,4,3,3,3,4,3,3.25,4,1146.2111432552338
"[32, 64, 128, 256]",0.0002,12000,1024,999,431617,0.00020089838653802872,0.00018489624198991805,0.004214855665235065,0.006237375410380831,3,4,3,4,3,3,3,4,3,3.375,4,1146.0219991207123
"[16, 32, 64, 128]",0.0005,8000,256,42,108289,0.0008570591453462839,0.0005894632777199149,0.004221836470391406,0.009014017139557256,3,4,3,4,4,4,3,4,3,3.625,4,175.07501244544983
"[32, 64, 128, 256]",0.0001,12000,256,137,431617,0.0011493581114336848,0.0005516561213880777,0.004223535466483223,0.007758502246092048,3,4,3,4,3,4,3,4,3,3.5,4,345.9856240749359
"[16, 32, 64, 128]",0.0002,16000,512,7,108289,0.0005811213050037622,0.0004498300841078162,0.004234348511310089,0.010152485637832335,3,3,3,4,3,4,5,4,3,3.625,5,479.97749876976013
"[16, 32, 64, 128]",0.0005,8000,256,999,108289,0.0008941347477957606,0.0005527592729777098,0.004259869513049734,0.010968782918934786,4,5,3,4,3,4,3,3,3,3.625,5,176.36715650558472
"[48, 96, 192, 384]",0.0002,8000,1024,42,969985,0.0002450262545607984,0.00021895839017815888,0.004266477289455289,0.008188756283997376,3,3,3,4,3,4,4,4,3,3.5,4,1246.265897512436
"[32, 64, 128, 256]",0.0002,12000,256,42,431617,0.00046572519931942225,0.00026435585459694266,0.004277976582470676,0.008207517741874629,3,4,3,4,3,4,3,4,3,3.5,4,345.13386583328247
"[16, 32, 64, 128]",0.0005,16000,512,7,108289,0.0001820457400754094,0.0001331923995167017,0.00429926754888417,0.005720094660965141,3,3,3,4,3,4,3,4,3,3.375,4,480.07860565185547
"[16, 32, 64, 128]",0.0002,16000,256,2024,108289,0.0006073039839975536,0.0005433111800812185,0.00430211743635231,0.009234087329502875,3,4,4,4,3,4,3,4,3,3.625,4,350.12142848968506
"[16, 32, 64, 128]",0.0005,12000,512,2024,108289,0.0004850462428294122,0.00033926026662811637,0.0043327023061146865,0.00932330613020198,4,4,3,4,3,4,3,4,3,3.625,4,360.4582781791687
"[64, 128, 256, 512]",0.0005,8000,256,137,1723393,0.00011056438961531967,7.421386544592679e-05,0.004336796713107845,0.007818324250581711,3,4,3,4,3,4,3,4,3,3.5,4,378.77670550346375
"[48, 96, 192, 384]",0.0001,8000,512,137,969985,0.0006753959460183978,0.0005621032323688269,0.004355493152921456,0.011889577763993969,3,4,3,4,4,5,3,4,3,3.75,5,607.4784660339355
"[48, 96, 192, 384]",0.0005,8000,256,7,969985,0.00014685874339193106,7.05581478541717e-05,0.00436682675673068,0.008093522335049438,3,3,3,4,3,3,4,4,3,3.375,4,314.76127195358276
"[16, 32, 64, 128]",0.0002,16000,1024,7,108289,0.0005463506677187979,0.00044598826207220554,0.0043733524129797065,0.008488784226126254,3,4,3,4,3,4,3,4,3,3.5,4,937.3239560127258
"[32, 64, 128, 256]",0.0002,16000,256,42,431617,0.0002196976129198447,0.00016890408005565405,0.004410023015686865,0.008015103060022424,3,4,3,4,3,4,3,4,3,3.5,4,459.68739914894104
"[16, 32, 64, 128]",0.0005,12000,1024,2024,108289,0.0003968588716816157,0.00030367536237463355,0.004438261789674416,0.0071637348140652785,3,3,4,4,3,3,3,4,3,3.375,4,703.1584568023682
"[16, 32, 64, 128]",0.0005,8000,512,137,108289,0.0006390957860276103,0.00040766887832432985,0.00446209330555472,0.010021690922450368,4,3,3,3,3,4,4,4,3,3.5,4,240.34430503845215
"[16, 32, 64, 128]",0.0005,12000,512,42,108289,0.00040391506627202034,0.0002719753538258374,0.004466338134902759,0.007937522521044054,3,7,3,4,3,4,3,4,3,3.875,7,360.7201659679413
"[64, 128, 256, 512]",0.0001,12000,256,2024,1723393,0.0003348200407344848,0.00023308688832912594,0.004471737842007842,0.0064407509063198806,3,4,3,4,3,3,4,4,3,3.5,4,568.4711968898773
"[64, 128, 256, 512]",0.0002,8000,512,137,1723393,0.00023811265418771654,0.00014745314547326416,0.004482366119476978,0.007007869007507632,3,4,3,4,3,4,3,4,3,3.5,4,713.0583591461182
"[32, 64, 128, 256]",0.0002,8000,1024,2024,431617,0.0004813502309843898,0.0003955526917707175,0.004495687763489211,0.006251442760794434,3,3,3,4,3,3,3,4,3,3.25,4,764.9515571594238
"[16, 32, 64, 128]",0.0005,12000,256,42,108289,0.0004988153814338148,0.0003406465402804315,0.004498082995276243,0.006439701775590484,3,4,3,4,3,3,3,4,3,3.375,4,266.8717167377472
"[16, 32, 64, 128]",0.0002,8000,1024,42,108289,0.0020735342986881733,0.0015853188233450055,0.0045200395410481264,0.00914110473853226,4,3,3,4,3,4,3,4,3,3.5,4,469.49153566360474
"[32, 64, 128, 256]",0.0001,12000,512,7,431617,0.0007186952279880643,0.0005544724408537149,0.004521820518917008,0.006650811271398022,3,3,3,4,3,3,4,4,3,3.375,4,569.8195197582245
"[48, 96, 192, 384]",0.0001,12000,1024,999,969985,0.0003674055333249271,0.0002154899702873081,0.004563325691831585,0.005859478116090866,3,3,3,4,3,3,3,4,3,3.25,4,1870.043401479721
"[32, 64, 128, 256]",0.0005,8000,256,7,431617,0.0002704627113416791,0.00018885734607465565,0.00457374481975099,0.006580580185469105,3,3,3,4,3,3,3,4,3,3.25,4,229.9089870452881
"[32, 64, 128, 256]",0.0002,8000,256,999,431617,0.000836820574477315,0.0005377745837904513,0.004610761431610816,0.008395501328281877,3,3,4,4,3,3,3,4,3,3.375,4,230.32946062088013
"[32, 64, 128, 256]",0.0005,8000,1024,999,431617,0.00016048720863182098,0.00012441360740922391,0.004630156756810799,0.006783026333792995,3,3,3,4,3,4,3,4,3,3.375,4,764.5555884838104
"[16, 32, 64, 128]",0.0005,12000,1024,7,108289,0.00021824533178005368,0.0001939054054673761,0.00467898986910676,0.006107824884035701,3,3,3,4,3,3,3,4,3,3.25,4,703.3234312534332
"[16, 32, 64, 128]",0.0002,16000,1024,999,108289,0.00040734128560870886,0.0003979150496888906,0.004732180221160913,0.007389997185798146,3,3,3,4,3,4,3,4,3,3.375,4,937.4847569465637
"[48, 96, 192, 384]",0.0005,12000,512,7,969985,6.732137990184128e-05,3.071693208767101e-05,0.00476549255347831,0.006865857858020844,3,3,3,4,3,3,3,4,3,3.25,4,910.1331038475037
"[32, 64, 128, 256]",0.0002,16000,256,7,431617,0.00024635542649775743,0.00017385210958309472,0.0048227877321180244,0.00837542479480403,3,4,3,4,3,4,3,4,3,3.5,4,459.52697467803955
"[48, 96, 192, 384]",0.0001,12000,1024,2024,969985,0.00032750796526670456,0.00024350991589017212,0.004829948797966888,0.008394089035203032,3,3,3,4,3,4,3,4,3,3.375,4,1867.991414308548
"[32, 64, 128, 256]",0.0001,12000,1024,137,431617,0.0004568407020997256,0.0003502973122522235,0.004849311953526242,0.007341306054640693,3,3,3,4,3,4,3,4,3,3.375,4,1145.9990618228912
"[32, 64, 128, 256]",0.0002,12000,1024,42,431617,0.00022989205899648368,0.000180290691787377,0.004853584333573568,0.007830272938177124,3,4,3,4,3,4,3,4,3,3.5,4,1144.9452555179596
"[64, 128, 256, 512]",0.0002,12000,512,2024,1723393,0.00010103103704750538,6.85188133502379e-05,0.004876121688108582,0.00763347487492455,3,4,3,4,3,3,3,4,3,3.375,4,1069.7736418247223
"[48, 96, 192, 384]",0.0002,12000,256,999,969985,0.00016811986279208213,0.00014982589345891029,0.004944179030697767,0.008335872756408581,3,3,3,4,3,3,3,4,3,3.25,4,472.33839559555054
"[48, 96, 192, 384]",0.0002,12000,256,42,969985,0.00021173224376980215,0.0001423863141098991,0.004956019879765286,0.008102593842112328,3,3,3,4,3,3,3,4,3,3.25,4,472.5642046928406
"[16, 32, 64, 128]",0.0002,16000,1024,42,108289,0.0006127666565589607,0.0005190234514884651,0.004973427218645999,0.008753958746460254,3,4,3,4,3,4,3,4,3,3.5,4,937.1139452457428
"[32, 64, 128, 256]",0.0005,8000,512,42,431617,0.0001611705229151994,0.00012200945639051497,0.004985407579683581,0.0067547223567075935,3,3,3,4,3,3,3,4,3,3.25,4,379.8042538166046
"[32, 64, 128, 256]",0.0005,12000,512,137,431617,9.235973266186193e-05,6.91632303642109e-05,0.005008992576302879,0.009069231534976794,3,4,3,4,3,4,3,4,3,3.5,4,569.342808008194
"[16, 32, 64, 128]",0.0005,12000,1024,42,108289,0.0003677337372209877,0.00030307701672427356,0.005011930690371501,0.00785906047446274,3,4,3,4,3,3,3,4,3,3.375,4,702.910165309906
"[32, 64, 128, 256]",0.0005,12000,512,42,431617,0.00010102200030814856,7.220139377750456e-05,0.005019600444885593,0.006885643984107904,3,4,3,4,3,3,3,4,3,3.375,4,569.2645225524902
"[32, 64, 128, 256]",0.0001,8000,1024,137,431617,0.0010029769036918879,0.0007116957567632198,0.005046188798675957,0.006933917481591211,3,3,3,4,3,4,3,4,3,3.375,4,764.4875061511993
"[48, 96, 192, 384]",0.0001,12000,1024,137,969985,0.00028491756529547274,0.00021848545293323696,0.005083659499009347,0.009308949013629664,3,3,3,4,3,3,3,4,3,3.25,4,1868.4212086200714
"[32, 64, 128, 256]",0.0002,12000,512,7,431617,0.0002900486288126558,0.00021479427232407033,0.005121099571503183,0.008672693007962088,3,3,3,4,3,4,3,4,3,3.375,4,569.9546692371368
"[16, 32, 64, 128]",0.0002,16000,256,42,108289,0.0007938578492030501,0.0006409029010683298,0.0051325080570065774,0.011523192863817684,3,4,4,3,3,3,3,3,3,3.25,4,351.2119975090027
"[48, 96, 192, 384]",0.0005,8000,512,137,969985,8.099651313386858e-05,6.772190681658685e-05,0.005159203495112805,0.007632285456825193,3,4,3,4,3,3,3,4,3,3.375,4,607.3821475505829
"[64, 128, 256, 512]",0.0002,12000,1024,7,1723393,9.516116551822051e-05,6.248151476029307e-05,0.005208603583030196,0.009103517972366715,3,4,3,4,3,4,3,4,3,3.5,4,2214.409863471985
"[32, 64, 128, 256]",0.0002,16000,256,999,431617,0.0001958109496627003,0.00013389010564424098,0.0052706352150233785,0.007761199511657699,3,3,3,4,3,3,3,4,3,3.25,4,459.3657269477844
"[16, 32, 64, 128]",0.0002,16000,512,137,108289,0.00042519537964835763,0.00034821813460439444,0.0053119986615612,0.00890013457755128,3,3,3,4,3,4,3,4,3,3.375,4,480.15379428863525
"[32, 64, 128, 256]",0.0002,8000,512,137,431617,0.0003807199536822736,0.0003584603837225586,0.005328002464799906,0.007873108458424006,3,3,3,4,3,3,3,4,3,3.25,4,380.3752143383026
"[16, 32, 64, 128]",0.0002,12000,1024,2024,108289,0.0009181739296764135,0.0007201555999927223,0.005342798775554158,0.01752101562170534,3,4,4,4,3,4,3,3,3,3.5,4,703.152152299881
"[16, 32, 64, 128]",0.0002,12000,512,2024,108289,0.0010761611629277468,0.0008862368995323777,0.005347337429139149,0.02492505388151192,3,4,3,5,4,3,4,3,3,3.625,5,360.6386830806732
"[64, 128, 256, 512]",0.0001,8000,1024,137,1723393,0.0005441276589408517,0.00041408921242691576,0.005369455310509041,0.008246016094413122,3,3,3,4,3,3,3,4,3,3.25,4,1478.1302609443665
"[64, 128, 256, 512]",0.0002,12000,512,999,1723393,8.891607285477221e-05,6.086595021770336e-05,0.005433756905799161,0.009906279850311906,3,3,3,3,3,3,3,4,3,3.125,4,1069.576955795288
"[32, 64, 128, 256]",0.0002,8000,512,42,431617,0.0005488809547387064,0.00041417847387492657,0.005451803191946386,0.008884114989201686,3,3,3,4,3,4,3,4,3,3.375,4,380.53479623794556
"[48, 96, 192, 384]",0.0002,12000,256,7,969985,0.00014099956024438143,0.00011847329733427614,0.00546316329895974,0.0077101229404799064,3,3,3,4,3,4,3,4,3,3.375,4,472.5804660320282
"[16, 32, 64, 128]",0.0002,8000,512,137,108289,0.001983701717108488,0.0011652297107502818,0.005505006376657481,0.010109088246750182,3,4,4,4,3,3,3,4,3,3.5,4,240.4895703792572
"[32, 64, 128, 256]",0.0001,12000,1024,2024,431617,0.0004403468919917941,0.0003320532850921154,0.005506461038067269,0.00943607338024863,3,3,3,4,3,3,3,4,3,3.25,4,1145.601634979248
"[32, 64, 128, 256]",0.0001,12000,256,42,431617,0.0013278778642416,0.0008177949348464608,0.005511273422130641,0.009289501791498157,3,3,4,4,3,3,5,4,3,3.625,5,345.72681522369385
"[64, 128, 256, 512]",0.0001,8000,256,999,1723393,0.00046142650535330176,0.00037722213892266154,0.005534705805314922,0.011985512563311434,3,3,4,3,3,3,3,3,3,3.125,4,378.681263923645
"[48, 96, 192, 384]",0.0002,8000,512,7,969985,0.0003385355812497437,0.00022892080596648157,0.0056898213971153895,0.010018435213248113,3,4,3,3,3,4,3,4,3,3.375,4,607.2195155620575
"[16, 32, 64, 128]",0.0002,16000,256,999,108289,0.0012710313312709332,0.0008272543200291693,0.005718990266386311,0.010733435818071752,3,4,3,4,3,3,3,4,3,3.375,4,350.6876256465912
"[16, 32, 64, 128]",0.0005,16000,1024,137,108289,0.0001652633072808385,0.00012275217159185559,0.005720472370145329,0.009097777070299184,3,3,3,4,3,4,3,4,3,3.375,4,936.7312450408936
"[48, 96, 192, 384]",0.0001,8000,1024,7,969985,0.0006997226737439632,0.0005513534997589886,0.005738678568962301,0.011946775735492753,4,4,3,4,3,4,3,4,3,3.625,4,1246.9296436309814
"[16, 32, 64, 128]",0.0005,8000,256,7,108289,0.0005416908534243703,0.0004568857839331031,0.005744915171465893,0.011973450583521155,3,3,4,4,3,3,3,3,3,3.25,4,175.38003516197205
"[48, 96, 192, 384]",0.0002,12000,512,137,969985,0.00015400888514705002,0.000114887734525837,0.005759775676216197,0.007237435476503956,3,3,3,4,3,4,3,4,3,3.375,4,910.6214921474457
"[16, 32, 64, 128]",0.0005,16000,512,2024,108289,0.0002820395748130977,0.00021456912509165704,0.005794173390326059,0.00976025418525874,3,3,3,4,3,4,3,4,3,3.375,4,480.1573979854584
"[32, 64, 128, 256]",0.0001,8000,1024,42,431617,0.001438383711501956,0.0009599580662325025,0.005807917031368491,0.011965760419260967,4,4,3,4,3,4,3,3,3,3.5,4,764.3838939666748
"[48, 96, 192, 384]",0.0002,12000,512,42,969985,0.00017328874673694372,0.00012721297389362007,0.005872016137658415,0.008321635720809685,3,3,3,4,3,3,3,4,3,3.25,4,910.7330708503723
"[32, 64, 128, 256]",0.0002,16000,256,2024,431617,0.00023416339536197484,0.00017073658818844706,0.0059259841801343255,0.01081507691804418,3,4,3,4,3,4,3,4,3,3.5,4,459.60974073410034
"[48, 96, 192, 384]",0.0001,8000,512,2024,969985,0.0008285802323371172,0.0006450483342632651,0.005937109046400864,0.014670903438412928,4,4,3,3,3,4,3,3,3,3.375,4,607.6499030590057
"[48, 96, 192, 384]",0.0001,8000,1024,2024,969985,0.000682951882481575,0.0005204972112551332,0.005943421962023385,0.013389178662112377,3,5,3,3,4,4,3,4,3,3.625,5,1247.4116659164429
"[32, 64, 128, 256]",0.0002,8000,512,999,431617,0.0007196178194135427,0.000419367483118549,0.005978150770138103,0.008007506180937317,3,3,3,4,3,3,3,4,3,3.25,4,380.15125036239624
"[32, 64, 128, 256]",0.0001,8000,512,137,431617,0.0009707456338219345,0.0009707456338219345,0.0059783880021541305,0.013885221424940943,3,3,3,4,4,3,3,4,3,3.375,4,380.1634533405304
"[16, 32, 64, 128]",0.0001,12000,1024,2024,108289,0.003929708153009415,0.0034211245365440845,0.006009226119665601,0.011511418924510136,3,3,3,4,3,4,4,3,3,3.375,4,704.1248681545258
"[48, 96, 192, 384]",0.0001,12000,512,2024,969985,0.0003815411764662713,0.00026479450752958655,0.0061033766430122595,0.01395735803325938,3,6,3,4,3,4,3,4,3,3.75,6,910.9589002132416
"[32, 64, 128, 256]",0.0001,16000,1024,999,431617,0.0003386487369425595,0.0002858110819943249,0.006173069274029313,0.009764179167197141,3,4,3,3,3,3,3,4,3,3.25,4,1526.240220785141
"[32, 64, 128, 256]",0.0001,12000,512,2024,431617,0.0005338581977412105,0.0004850967088714242,0.0062128389435064275,0.011219134542538558,3,4,3,3,3,4,3,3,3,3.25,4,569.7206647396088
"[32, 64, 128, 256]",0.0002,16000,1024,137,431617,0.00012995683937333524,0.0001174247227027081,0.006235459180675015,0.009534947544872385,3,3,3,4,3,4,3,4,3,3.375,4,1525.9099640846252
"[64, 128, 256, 512]",0.0001,8000,512,7,1723393,0.00040592614095658064,0.0003192261792719364,0.006255112568267076,0.010639644382787177,3,4,3,4,3,3,3,3,3,3.25,4,714.149970293045
"[32, 64, 128, 256]",0.0001,8000,256,42,431617,0.005589782260358334,0.004478260409086943,0.006295746749391324,0.012652796126881286,3,4,3,4,3,3,3,4,3,3.375,4,232.15252304077148
"[32, 64, 128, 256]",0.0001,16000,256,42,431617,0.0005262038321234286,0.00044083010288886726,0.006311699931951741,0.011686421866196823,3,4,3,3,3,4,3,3,3,3.25,4,459.8074460029602
"[16, 32, 64, 128]",0.0001,16000,256,999,108289,0.004362477920949459,0.0029757616575807333,0.006323744187700528,0.017914944818325864,3,5,4,6,3,3,3,3,3,3.75,6,350.9407567977905
"[16, 32, 64, 128]",0.0002,12000,256,7,108289,0.0011332229478284717,0.0009467970812693238,0.006357821202058677,0.016319523069471365,3,4,3,3,3,4,3,3,3,3.25,4,263.7720489501953
"[32, 64, 128, 256]",0.0005,12000,1024,2024,431617,7.139669469324872e-05,6.472133100032806e-05,0.006474437421654888,0.009688897882489016,3,3,3,4,3,3,3,4,3,3.25,4,1145.7864110469818
"[16, 32, 64, 128]",0.0002,16000,1024,2024,108289,0.0006434692768380046,0.000462840951513499,0.006616357054143569,0.010752653756609621,3,3,3,4,3,3,3,5,3,3.375,5,937.2441968917847
"[64, 128, 256, 512]",0.0002,12000,256,137,1723393,0.00019882871129084378,9.668579150456935e-05,0.0066656682775082824,0.010278660032446783,3,3,3,4,3,3,3,4,3,3.25,4,568.0145876407623
"[16, 32, 64, 128]",0.0002,12000,1024,7,108289,0.0008706782246008515,0.0007620266987942159,0.006749355714962367,0.01700787043616404,3,4,3,3,3,4,3,3,3,3.25,4,703.3349404335022
"[16, 32, 64, 128]",0.0002,8000,1024,999,108289,0.0018225848907604814,0.0014285465003922582,0.006814537088402375,0.011174943249175081,3,4,3,3,3,3,4,3,3,3.25,4,469.3157353401184
"[64, 128, 256, 512]",0.0001,8000,256,2024,1723393,0.0008853707113303244,0.0005194920813664794,0.006814702792559206,0.011414517312012427,3,3,3,4,3,3,3,4,3,3.25,4,378.7702522277832
"[16, 32, 64, 128]",0.0002,8000,1024,7,108289,0.0017350564012303948,0.001424105721525848,0.00686551159438918,0.011145500201901148,4,3,3,3,3,3,3,3,3,3.125,4,469.3631021976471
"[48, 96, 192, 384]",0.0005,12000,256,137,969985,9.857869008556008e-05,3.701668174471706e-05,0.006869142425698461,0.011381253771722777,3,4,3,4,3,3,3,4,3,3.375,4,471.83010387420654
"[16, 32, 64, 128]",0.0001,16000,1024,2024,108289,0.002300354652106762,0.0018525461200624704,0.00692367067415427,0.01701553135073004,3,3,4,5,3,3,3,3,3,3.375,5,937.2932660579681
"[48, 96, 192, 384]",0.0002,8000,512,2024,969985,0.00030660250922665,0.00020814561867155135,0.00696212654049135,0.010301572758623711,3,3,3,4,3,3,3,4,3,3.25,4,607.4413409233093
"[16, 32, 64, 128]",0.0001,16000,512,2024,108289,0.0022697756066918373,0.002034942153841257,0.007004377578964101,0.017073675529514026,3,3,3,5,3,3,3,3,3,3.25,5,480.37242221832275
"[32, 64, 128, 256]",0.0001,16000,512,2024,431617,0.0005026697181165218,0.0002848664880730212,0.007118204338975137,0.01392194262383843,3,3,3,4,3,3,3,4,3,3.25,4,759.5762305259705
"[48, 96, 192, 384]",0.0005,8000,256,137,969985,0.00011706653458531946,8.694338612258434e-05,0.007212813100902399,0.010920416014981353,3,3,3,4,3,3,3,4,3,3.25,4,315.06769704818726
"[64, 128, 256, 512]",0.0001,12000,256,999,1723393,0.00021125096827745438,0.0001488846610300243,0.0072129339319518555,0.009284508059654308,3,3,3,4,3,3,3,4,3,3.25,4,568.1144268512726
"[16, 32, 64, 128]",0.0005,8000,1024,7,108289,0.00046771581401117146,0.00036337802885100245,0.007266463300995985,0.011954227670874652,3,3,3,4,3,3,3,4,3,3.25,4,469.46055245399475
"[48, 96, 192, 384]",0.0001,8000,512,42,969985,0.0007186474977061152,0.0006458635907620192,0.007280261243721166,0.01906974403101788,3,4,3,3,4,4,3,3,3,3.375,4,607.7592480182648
"[32, 64, 128, 256]",0.0005,8000,256,999,431617,0.00023202590818982571,0.00017862026288639754,0.0072990726734504146,0.012194532003016609,3,3,3,4,3,3,3,4,3,3.25,4,229.96128678321838
"[32, 64, 128, 256]",0.0001,8000,1024,999,431617,0.0011138874106109142,0.0009292287868447602,0.007338825542477486,0.02029509663032819,3,4,3,4,3,4,3,3,3,3.375,4,764.7749707698822
"[48, 96, 192, 384]",0.0001,8000,256,42,969985,0.001115988940000534,0.0009259608341380954,0.007449630397457358,0.01628885101638619,3,4,3,3,3,4,3,3,3,3.25,4,316.7547240257263
"[64, 128, 256, 512]",0.0002,8000,1024,7,1723393,0.00026955490466207266,0.00014552430366165936,0.007485010253624158,0.011880965411857888,3,3,3,4,3,3,3,4,3,3.25,4,1475.7961485385895
"[48, 96, 192, 384]",0.0005,12000,512,42,969985,6.342607230180874e-05,4.5473694626707584e-05,0.007525804695786443,0.011027009932759917,3,3,3,4,3,3,3,4,3,3.25,4,910.2568960189819
"[32, 64, 128, 256]",0.0002,12000,256,2024,431617,0.0004877211176790297,0.0002593835524749011,0.007544098544393731,0.012051238758797458,3,3,3,4,3,3,3,4,3,3.25,4,345.45534086227417
"[64, 128, 256, 512]",0.0001,8000,512,137,1723393,0.0007811313262209296,0.0005160029977560043,0.007569716099846679,0.013423444188633865,3,3,3,3,3,3,3,3,3,3.0,3,713.0449466705322
"[16, 32, 64, 128]",0.0001,16000,512,137,108289,0.0010510087013244629,0.0009081041789613664,0.00758572017319676,0.01731897056028221,4,5,4,3,3,3,3,3,3,3.5,5,480.2101662158966
"[32, 64, 128, 256]",0.0002,12000,512,137,431617,0.00033358478685840964,0.00019754048844333738,0.007816075648465839,0.010269601554267972,3,3,3,4,3,3,3,4,3,3.25,4,569.7490768432617
"[16, 32, 64, 128]",0.0002,12000,256,42,108289,0.0017341191414743662,0.00135136884637177,0.007896625389863363,0.021247881143930773,3,4,3,3,3,4,3,3,3,3.25,4,264.3358609676361
"[48, 96, 192, 384]",0.0001,12000,512,42,969985,0.0003307624428998679,0.0002886329893954098,0.007990909110403038,0.012148968639588269,3,3,3,4,3,3,3,4,3,3.25,4,910.8115632534027
"[32, 64, 128, 256]",0.0001,8000,256,2024,431617,0.0034973574802279472,0.002741968259215355,0.008014468986893387,0.021830362607623215,3,4,3,3,3,4,4,3,3,3.375,4,230.53862595558167
"[16, 32, 64, 128]",0.0002,16000,512,42,108289,0.0008081515552476048,0.0005907869199290872,0.008036661545996047,0.014706519226156073,3,5,3,3,3,3,3,4,3,3.375,5,480.17533659935
"[16, 32, 64, 128]",0.0002,12000,1024,42,108289,0.0009539168677292764,0.0008097948739305139,0.008052564540702448,0.02046319986106691,3,3,3,4,3,3,3,5,3,3.375,5,702.7941179275513
"[32, 64, 128, 256]",0.0001,12000,512,137,431617,0.0005941577255725861,0.00042796245543286204,0.008171439220999298,0.012289036133097432,3,3,3,4,3,3,3,3,3,3.125,4,569.8213586807251
"[16, 32, 64, 128]",0.0005,8000,1024,2024,108289,0.0006596366292797029,0.0005973537918180227,0.008192521464334914,0.01165699721366535,3,3,3,4,3,3,3,4,3,3.25,4,469.523886680603
"[16, 32, 64, 128]",0.0002,8000,256,137,108289,0.0046472446992993355,0.003555980045348406,0.00823279053532329,0.020909213580978643,3,3,3,4,3,4,3,3,3,3.25,4,177.37276339530945
"[16, 32, 64, 128]",0.0005,12000,256,137,108289,0.0003982188936788589,0.00019134963804390281,0.008323684066336932,0.015616945117277924,3,3,3,4,3,3,3,4,3,3.25,4,267.1755630970001
"[48, 96, 192, 384]",0.0002,8000,256,137,969985,0.0003704745031427592,0.00022881259792484343,0.008325557663056033,0.015153019575116831,3,3,3,4,3,3,3,4,3,3.25,4,315.44720363616943
"[48, 96, 192, 384]",0.0001,8000,512,999,969985,0.0006674281903542578,0.0005466638831421733,0.008371947715668156,0.014378819401292103,3,4,3,3,3,4,3,3,3,3.25,4,608.014232635498
"[32, 64, 128, 256]",0.0005,8000,512,999,431617,0.00020747251983266324,0.00014327708049677312,0.00838924348730508,0.012680964416556294,3,3,3,4,3,3,3,4,3,3.25,4,380.20906257629395
"[32, 64, 128, 256]",0.0002,12000,512,999,431617,0.00025323586305603385,0.00019346800399944186,0.00882804771081189,0.011633530696789188,3,3,3,4,3,3,3,3,3,3.125,4,569.6469972133636
"[16, 32, 64, 128]",0.0001,16000,256,7,108289,0.0042721861973404884,0.003606606274843216,0.008838441880498444,0.021788184775636835,4,5,3,4,3,3,3,3,3,3.5,5,351.77586245536804
"[16, 32, 64, 128]",0.0001,16000,512,999,108289,0.002375256735831499,0.0017746472731232643,0.008860613676709362,0.021633944036505433,3,3,3,4,3,3,3,3,3,3.125,4,480.23837518692017
"[32, 64, 128, 256]",0.0001,8000,512,2024,431617,0.0019393377006053925,0.0011673599947243929,0.008912653631148158,0.024121525484361018,3,4,3,3,3,5,3,3,3,3.375,5,380.174081325531
"[16, 32, 64, 128]",0.0001,12000,512,7,108289,0.005052376538515091,0.0040802848525345325,0.008984665583559603,0.0289646387885963,3,4,3,3,3,4,3,3,3,3.25,4,360.38024497032166
"[48, 96, 192, 384]",0.0005,12000,1024,42,969985,3.7572703149635345e-05,3.124666909570806e-05,0.00905873782644174,0.011268470799795692,3,3,3,3,3,3,3,3,3,3.0,3,1868.2882602214813
"[16, 32, 64, 128]",0.0001,16000,256,42,108289,0.004023594781756401,0.0036506173200905323,0.009152227211308088,0.01758308116210587,3,3,3,3,3,3,3,3,3,3.0,3,351.2322759628296
"[16, 32, 64, 128]",0.0005,16000,256,7,108289,0.0002361652732361108,0.0001455322781112045,0.00922438406316632,0.016739227732719006,3,3,3,3,3,3,3,3,3,3.0,3,349.85503125190735
"[16, 32, 64, 128]",0.0005,12000,256,2024,108289,0.0007116736378520727,0.00030820738174952567,0.009710909209548441,0.011212449158371548,3,3,3,3,3,3,3,3,3,3.0,3,266.0609030723572
"[48, 96, 192, 384]",0.0001,8000,256,2024,969985,0.0010786587372422218,0.0007366975769400597,0.009857425410087802,0.016980500472163842,3,3,3,3,3,3,3,3,3,3.0,3,315.0926477909088
"[16, 32, 64, 128]",0.0002,8000,512,2024,108289,0.0022411204408854246,0.0020562680438160896,0.009920161162292709,0.027579116687299718,3,3,3,4,4,3,3,3,3,3.25,4,240.5640206336975
"[64, 128, 256, 512]",0.0001,8000,1024,42,1723393,0.0003528547822497785,0.0002712951391004026,0.009943759053376864,0.014631040256090163,3,3,3,4,3,3,3,4,3,3.25,4,1478.0498571395874
"[16, 32, 64, 128]",0.0005,16000,512,999,108289,0.0002691145637072623,0.00016781649901531637,0.010080190891092619,0.011522477898458828,3,3,3,3,3,3,3,3,3,3.0,3,480.0785722732544
"[32, 64, 128, 256]",0.0001,8000,512,42,431617,0.0015848269686102867,0.0011661115568131208,0.0103334861925156,0.030845147345729344,3,3,3,3,3,4,3,3,3,3.125,4,380.70218229293823
"[48, 96, 192, 384]",0.0001,8000,256,7,969985,0.0011278712190687656,0.0009430060163140297,0.010408506281006659,0.023060662547922082,3,4,3,3,3,4,3,3,3,3.25,4,315.07599329948425
"[32, 64, 128, 256]",0.0002,16000,256,137,431617,0.0002260266919620335,0.00014634296530857682,0.010831616340104034,0.015415732197847238,3,3,3,3,3,3,3,3,3,3.0,3,459.6498200893402
"[16, 32, 64, 128]",0.0001,8000,512,7,108289,0.00891594123095274,0.006737549789249897,0.010970707895097744,0.024372281063470596,3,3,4,3,3,3,3,3,3,3.125,4,240.66316056251526
"[16, 32, 64, 128]",0.0001,12000,512,137,108289,0.001864040270447731,0.001521450001746416,0.011573383219133227,0.033543501639415184,4,3,3,3,3,4,3,3,3,3.25,4,360.20996832847595
"[16, 32, 64, 128]",0.0002,8000,512,7,108289,0.002256842562928796,0.0017361913342028856,0.012645536913247775,0.030315140884282818,3,3,3,3,3,4,3,3,3,3.125,4,240.52124571800232
"[32, 64, 128, 256]",0.0001,8000,1024,2024,431617,0.0008117154939100146,0.0007317900890484452,0.004807015033365721,0.010437651040926315,2,5,3,5,3,3,5,4,2,3.75,5,763.7871713638306
"[32, 64, 128, 256]",0.0001,12000,512,42,431617,0.0006145479856058955,0.0005387743003666401,0.004973007273064165,0.01296009590579579,4,3,3,4,2,3,3,4,2,3.25,4,569.6272428035736
"[16, 32, 64, 128]",0.0005,8000,512,2024,108289,0.0007310043438337743,0.0006660169456154108,0.005079277945857562,0.012317641666861988,2,3,4,4,2,3,4,4,2,3.25,4,240.2764914035797
"[16, 32, 64, 128]",0.0002,8000,256,7,108289,0.004325217567384243,0.0038059463258832693,0.005217649431649095,0.014091718436204876,3,3,3,4,2,3,4,7,2,3.625,7,176.79012060165405
"[16, 32, 64, 128]",0.0001,16000,1024,137,108289,0.0009202873334288597,0.0007798493606969714,0.005291823281412473,0.01451014383105753,3,4,4,4,2,3,4,4,2,3.5,4,937.1668701171875
"[32, 64, 128, 256]",0.0001,12000,512,999,431617,0.0006600553751923144,0.0005765159148722887,0.005758672330542712,0.013316623367463148,3,3,3,5,2,3,3,4,2,3.25,5,570.1135883331299
"[16, 32, 64, 128]",0.0001,16000,1024,999,108289,0.0013771390076726675,0.0013472267892211676,0.0057852938744841174,0.013135805205787925,3,3,3,4,2,4,3,4,2,3.25,4,936.6724922657013
"[16, 32, 64, 128]",0.0002,12000,512,137,108289,0.0006815759697929025,0.0005784601671621203,0.006010876331719309,0.011921431064821913,2,3,3,4,3,3,3,4,2,3.125,4,360.637975692749
"[48, 96, 192, 384]",0.0002,8000,256,999,969985,0.0003542990889400244,0.00026655709370970726,0.0060557533462556185,0.013097194707717112,2,3,3,4,3,5,3,4,2,3.375,5,315.42116832733154
"[32, 64, 128, 256]",0.0001,8000,256,137,431617,0.0021813102066516876,0.0018700641812756658,0.006119674548650677,0.01432543711171739,2,4,3,4,3,6,3,3,2,3.5,6,230.36009240150452
"[16, 32, 64, 128]",0.0002,8000,512,42,108289,0.003406205214560032,0.003349768929183483,0.006358859546240968,0.01482097547430765,3,3,3,4,2,4,3,4,2,3.25,4,240.48274397850037
"[32, 64, 128, 256]",0.0001,8000,256,999,431617,0.0019877892918884754,0.0011884922860190272,0.0069697936899084266,0.01467105475409068,3,3,3,4,2,3,5,3,2,3.25,5,230.62766313552856
"[32, 64, 128, 256]",0.0001,8000,1024,7,431617,0.0008823544485494494,0.0008027029689401388,0.0071229864017390504,0.014471183670087569,2,3,4,4,3,3,3,4,2,3.25,4,764.1229286193848
"[16, 32, 64, 128]",0.0001,12000,512,42,108289,0.0061789145693182945,0.004916455131024122,0.008154689234223623,0.027473667383406952,2,3,3,4,2,3,4,4,2,3.125,4,360.17793893814087
"[16, 32, 64, 128]",0.0001,16000,1024,42,108289,0.0022158175706863403,0.0019627276342362165,0.008161472741487553,0.017936159626545285,2,3,5,4,3,3,4,3,2,3.375,5,937.198077917099
"[16, 32, 64, 128]",0.0001,8000,1024,42,108289,0.006987560540437698,0.005881705321371555,0.008203160428619063,0.015605505420463536,2,3,3,3,3,3,4,4,2,3.125,4,468.9994010925293
"[16, 32, 64, 128]",0.0001,16000,512,7,108289,0.002539255190640688,0.0021927787456661463,0.008256279959680262,0.022958307291812818,2,3,4,3,4,4,3,3,2,3.25,4,480.2295002937317
"[16, 32, 64, 128]",0.0002,8000,512,999,108289,0.002579618478193879,0.0020179282873868942,0.008311111426354559,0.01192685882729433,2,3,3,3,3,3,5,3,2,3.125,5,240.46416544914246
"[32, 64, 128, 256]",0.0001,8000,512,7,431617,0.0013807835057377815,0.0011448069708421826,0.008367285064878719,0.021977613793335567,4,3,3,3,2,3,3,3,2,3.0,4,380.0095739364624
"[48, 96, 192, 384]",0.0001,8000,512,7,969985,0.0008584418683312833,0.0006377599784173071,0.008690904547248288,0.014409298771073217,2,3,3,3,2,3,4,4,2,3.0,4,608.16770195961
"[16, 32, 64, 128]",0.0001,16000,1024,7,108289,0.0018247239058837295,0.0015679220668971539,0.008761215424632563,0.01503788481518549,3,3,3,3,2,4,3,4,2,3.125,4,937.2379651069641
"[16, 32, 64, 128]",0.0001,16000,256,137,108289,0.0017228748183697462,0.0012805319856852293,0.008796966753963423,0.017228968112208917,2,4,3,4,3,3,3,3,2,3.125,4,350.4502840042114
"[48, 96, 192, 384]",0.0001,8000,1024,999,969985,0.0005058231181465089,0.0003822540456894785,0.008831465856867615,0.012621586002134757,3,3,3,4,2,3,3,4,2,3.125,4,1246.802401304245
"[16, 32, 64, 128]",0.0002,8000,256,999,108289,0.004321500658988953,0.0030726580880582333,0.008993235639723289,0.017582352084271797,2,3,3,4,3,3,3,4,2,3.125,4,175.85126900672913
"[48, 96, 192, 384]",0.0005,12000,256,7,969985,7.572809408884495e-05,3.722828842001036e-05,0.009042844735947325,0.012773366007221081,3,3,3,4,2,3,3,4,2,3.125,4,471.71435499191284
"[64, 128, 256, 512]",0.0001,8000,256,42,1723393,0.0004653256619349122,0.0004236141103319824,0.009164308376782702,0.01379187798236741,2,3,3,4,2,3,3,4,2,3.0,4,381.46482944488525
"[16, 32, 64, 128]",0.0005,8000,512,42,108289,0.0006704204715788364,0.0006103914929553866,0.009213536105690066,0.016544477888773074,3,3,3,4,2,3,3,4,2,3.125,4,240.37639117240906
"[32, 64, 128, 256]",0.0005,8000,256,42,431617,0.0002225839125458151,0.00016150184092111886,0.009248011400274835,0.01419806333575482,2,3,3,4,3,3,3,4,2,3.125,4,230.21038627624512
"[16, 32, 64, 128]",0.0001,12000,512,2024,108289,0.0040772054344415665,0.0038217392284423113,0.009282031690429534,0.014899597995039388,2,4,3,3,2,3,3,4,2,3.0,4,360.306667804718
"[16, 32, 64, 128]",0.0002,12000,256,2024,108289,0.0026379036717116833,0.0008450539316982031,0.00941651800034505,0.016199644606297203,3,3,3,5,2,3,3,4,2,3.25,5,263.62995529174805
"[16, 32, 64, 128]",0.0001,16000,256,2024,108289,0.002464322606101632,0.002175457077100873,0.010267383541642272,0.020832163348967408,2,4,3,5,3,3,3,4,2,3.375,5,350.612370967865
"[32, 64, 128, 256]",0.0001,8000,512,999,431617,0.0018928030040115118,0.001175661920569837,0.010541481198035208,0.03056698381702783,3,4,3,4,2,3,3,3,2,3.125,4,379.7072265148163
"[16, 32, 64, 128]",0.0005,16000,256,999,108289,0.00038108834996819496,0.0001769127557054162,0.010608846087840424,0.015131116974656522,2,3,3,4,2,3,3,3,2,2.875,4,350.80664896965027
"[16, 32, 64, 128]",0.0002,12000,256,999,108289,0.0018739907536655664,0.001296150148846209,0.011014551326899208,0.01628608522285596,3,3,3,3,2,3,3,3,2,2.875,3,263.71662974357605
"[16, 32, 64, 128]",0.0001,12000,1024,7,108289,0.0031338976696133614,0.002840524073690176,0.01105602834287888,0.02660304459350475,4,3,3,4,2,3,3,3,2,3.125,4,704.2576355934143
"[16, 32, 64, 128]",0.0001,12000,1024,137,108289,0.0016260677948594093,0.0012831285130232573,0.01119408429640395,0.022896379037553538,3,4,3,6,2,3,3,3,2,3.375,6,704.3879723548889
"[16, 32, 64, 128]",0.0001,12000,256,999,108289,0.007289886474609375,0.005974124651402235,0.011238680189577173,0.04020853039442467,3,3,3,3,3,4,2,4,2,3.125,4,263.4112548828125
"[48, 96, 192, 384]",0.0002,8000,256,7,969985,0.0004901299835182726,0.00022148255084175617,0.011362973899428296,0.019575367771342153,2,4,3,4,2,4,3,3,2,3.125,4,315.43176794052124
"[64, 128, 256, 512]",0.0002,8000,512,7,1723393,0.00021084044419694692,0.00012864801101386547,0.011623831304631512,0.01492278987875473,2,3,3,3,2,3,3,3,2,2.75,3,713.9459991455078
"[48, 96, 192, 384]",0.0001,8000,256,137,969985,0.001025608740746975,0.0007312595844268799,0.011857890372216844,0.019419919638218045,2,3,3,3,3,3,3,3,2,2.875,3,314.98259949684143
"[16, 32, 64, 128]",0.0002,8000,256,2024,108289,0.0023061437532305717,0.001869712257757783,0.012331418320071928,0.03448927012025771,3,3,3,4,2,4,3,3,2,3.125,4,176.59146642684937
"[32, 64, 128, 256]",0.0001,8000,256,7,431617,0.0018112354446202517,0.0014739703619852662,0.012344340196028543,0.03511393515008662,3,3,3,4,2,3,3,3,2,3.0,4,230.72910356521606
"[16, 32, 64, 128]",0.0001,12000,256,137,108289,0.004249061923474073,0.0022089951671659946,0.012613453815803956,0.0260173503567489,2,3,3,4,2,3,3,4,2,3.0,4,263.33972120285034
"[16, 32, 64, 128]",0.0001,12000,1024,42,108289,0.004104761406779289,0.003830942325294018,0.015002665007421976,0.026982529265822827,2,4,3,4,2,3,3,3,2,3.0,4,704.0641572475433
"[16, 32, 64, 128]",0.0001,8000,1024,2024,108289,0.006590533070266247,0.005843163467943668,0.016041294322800218,0.0258759169401417,3,3,3,3,2,3,3,3,2,2.875,3,468.85061478614807
"[16, 32, 64, 128]",0.0001,8000,1024,7,108289,0.008234296925365925,0.006853794679045677,0.016159129507176354,0.029443388427907304,2,3,3,3,2,4,3,4,2,3.0,4,469.2901952266693
"[16, 32, 64, 128]",0.0001,12000,256,42,108289,0.008216269314289093,0.006313313264399767,0.01662227659911398,0.03238095673202115,3,3,3,3,2,3,3,4,2,3.0,4,263.6876575946808
"[16, 32, 64, 128]",0.0001,12000,1024,999,108289,0.0030647909734398127,0.0026195235550403595,0.01740961551757482,0.03952228510338357,2,3,3,4,2,4,2,4,2,3.0,4,704.174069404602
"[16, 32, 64, 128]",0.0002,8000,256,42,108289,0.005693811923265457,0.004355324432253838,0.01775535361622079,0.04291875488887811,2,3,3,4,2,3,3,4,2,3.0,4,175.28921937942505
"[16, 32, 64, 128]",0.0001,12000,256,7,108289,0.005822406150400639,0.004724189639091492,0.020470669354431335,0.03757761921416476,2,3,2,3,2,3,3,4,2,2.75,4,263.42905282974243
"[16, 32, 64, 128]",0.0001,8000,512,999,108289,0.010272063314914703,0.009421274065971375,0.02132980248390348,0.04344216111563284,2,3,3,3,3,3,3,3,2,2.875,3,240.80672407150269
"[16, 32, 64, 128]",0.0001,12000,256,2024,108289,0.00858188048005104,0.004075449891388416,0.022053210579088933,0.06431769361431315,4,3,3,3,2,3,3,3,2,3.0,4,263.4523956775665
"[16, 32, 64, 128]",0.0001,12000,512,999,108289,0.00531271006911993,0.004097573459148407,0.022171033849232854,0.06303588918027127,3,4,3,3,2,3,2,3,2,2.875,4,360.3876760005951
"[16, 32, 64, 128]",0.0001,8000,512,2024,108289,0.007248211652040482,0.006182880140841007,0.023535693783994293,0.0425371486248858,2,3,2,3,2,3,3,3,2,2.625,3,240.70997643470764
"[16, 32, 64, 128]",0.0001,8000,1024,999,108289,0.008321702480316162,0.006769138388335705,0.024710712633964876,0.04740434969973225,2,3,2,3,2,4,2,4,2,2.75,4,469.22421169281006
"[16, 32, 64, 128]",0.0001,8000,1024,137,108289,0.0036016013473272324,0.0031063929200172424,0.027236417892803174,0.050975055740954414,2,3,2,3,2,4,2,4,2,2.75,4,468.5052788257599
"[16, 32, 64, 128]",0.0001,8000,512,42,108289,0.009223580360412598,0.008985776454210281,0.027774454336234104,0.053387730723400924,2,3,3,3,2,3,2,3,2,2.625,3,240.88983511924744
"[16, 32, 64, 128]",0.0001,8000,512,137,108289,0.008136620745062828,0.005522283725440502,0.03190287644865051,0.05852330775334786,2,2,3,3,2,3,2,3,2,2.5,3,240.73742866516113
"[16, 32, 64, 128]",0.0001,8000,256,999,108289,0.011712480336427689,0.008799486793577671,0.03556790266538513,0.07180703501590999,2,2,2,3,3,3,3,3,2,2.625,3,178.03956937789917
"[16, 32, 64, 128]",0.0001,8000,256,42,108289,0.012523815967142582,0.01058737002313137,0.041252568087839094,0.11307088559935809,2,2,3,2,3,2,3,3,2,2.5,3,181.32284092903137
"[16, 32, 64, 128]",0.0001,8000,256,7,108289,0.010377887636423111,0.00806104764342308,0.05106088928524155,0.13288449691831034,2,2,3,2,2,2,3,3,2,2.375,3,178.06931734085083
"[16, 32, 64, 128]",0.0001,8000,256,137,108289,0.010175056755542755,0.007473958656191826,0.054267315757362405,0.13563934636519942,2,2,4,2,2,2,3,2,2,2.375,4,178.55314016342163
"[16, 32, 64, 128]",0.0001,8000,256,2024,108289,0.00982731394469738,0.008452143520116806,0.056843319378010584,0.13340506718826792,2,2,2,2,2,2,3,2,2,2.125,3,178.18224954605103
