hidden_sizes,omega_0,lr,n_per_param,n_epochs,n_params_total,final_loss,min_loss,mean_rel_err,max_rel_err,min_correct_digits,mean_correct_digits,elapsed_s
"[96, 96, 96, 96]",25.0,0.00015,256,2000,28801,0.00013893756840843707,0.00010535163892200217,0.0016510884774943372,0.003555171336295244,3,3.625,25.55348515510559
"[96, 96, 96, 96]",25.0,0.00015,256,3000,28801,0.00025968908448703587,7.166423893067986e-05,0.004014628506137517,0.015143807245381757,3,3.5,35.80354380607605
"[96, 96, 96, 96]",25.0,0.00015,256,5000,28801,5.488741589942947e-05,3.715019556693733e-05,0.0007291853202681089,0.0025964110775979388,4,4.25,59.6789436340332
"[96, 96, 96, 96]",25.0,0.00015,256,7000,28801,6.19060592725873e-05,2.9513588742702268e-05,0.0011139731755852606,0.0034011090078385803,3,4.125,84.91478061676025
"[96, 96, 96, 96]",25.0,0.00015,256,10000,28801,6.737353396601975e-05,2.101929931086488e-05,0.00154590200228068,0.003053600216283326,3,4.0,122.22416186332703
"[96, 96, 96, 96]",25.0,0.00015,256,12000,28801,2.9857059416826814e-05,1.649674231885001e-05,0.0006704145166743916,0.001334051819585824,3,4.125,146.25758028030396
"[96, 96, 96, 96]",25.0,0.00015,256,15000,28801,2.759427297860384e-05,1.2252794476808049e-05,0.0009172303766707151,0.0020872363429883843,3,4.125,180.88959765434265
"[96, 96, 96, 96]",25.0,0.00015,512,2000,28801,0.00011917480151169002,8.328441617777571e-05,0.0014415050965654328,0.0027314193673413575,4,4.125,23.966785192489624
"[96, 96, 96, 96]",25.0,0.00015,512,3000,28801,5.090334889246151e-05,4.8226662329398096e-05,0.0008304327102265084,0.0018098833782866069,4,4.375,36.052271127700806
"[96, 96, 96, 96]",25.0,0.00015,512,5000,28801,3.350878250785172e-05,2.521853821235709e-05,0.0008274415921239543,0.002159527274000211,3,4.125,59.3596248626709
"[96, 96, 96, 96]",25.0,0.00015,512,7000,28801,2.232182123407256e-05,1.7993510482483543e-05,0.000832288349683919,0.0012997041344008874,4,4.125,83.1362977027893
"[96, 96, 96, 96]",25.0,0.00015,512,10000,28801,1.7051683244062588e-05,1.2487538697314449e-05,0.0006588405038081621,0.001500694468088622,4,4.5,118.76095461845398
"[96, 96, 96, 96]",25.0,0.00015,512,12000,28801,1.3273904187371954e-05,8.987734872789588e-06,0.001423912717028006,0.0023674717844008784,3,3.875,141.96602153778076
"[96, 96, 96, 96]",25.0,0.00015,512,15000,28801,1.2149714166298509e-05,8.291843187180348e-06,0.0015375822569200863,0.0023945566100684527,3,3.875,181.35248923301697
"[96, 96, 96, 96]",25.0,0.00015,1024,2000,28801,6.06958637945354e-05,5.665271237376146e-05,0.001045811379923394,0.0015371901434371,3,4.0,24.59233021736145
"[96, 96, 96, 96]",25.0,0.00015,1024,3000,28801,4.148813241044991e-05,3.260584344388917e-05,0.0003057791498927595,0.0007309808161338539,4,4.625,36.49665188789368
"[96, 96, 96, 96]",25.0,0.00015,1024,5000,28801,2.146901169908233e-05,1.7866945199784823e-05,0.0004871894180644126,0.0015018286426132683,3,4.375,60.89548373222351
"[96, 96, 96, 96]",25.0,0.00015,1024,7000,28801,1.4732129784533754e-05,1.1349162377882749e-05,0.0007189606521169569,0.0010759346700768917,4,4.125,86.2720537185669
"[96, 96, 96, 96]",25.0,0.00015,1024,10000,28801,1.1314208677504212e-05,7.69532925914973e-06,0.0006632317776839399,0.0012243890654032217,4,4.375,124.13972282409668
"[96, 96, 96, 96]",25.0,0.00015,1024,12000,28801,1.0837868103408255e-05,6.442357971536694e-06,0.0011150880137096991,0.0018507658676018386,3,3.875,148.03847646713257
"[96, 96, 96, 96]",25.0,0.00015,1024,15000,28801,1.2117645383113995e-05,5.240645350568229e-06,0.0014094039924906153,0.0021268847190223737,3,3.875,186.2294783592224
"[96, 96, 96, 96]",25.0,0.0002,256,2000,28801,0.00012136570876464248,9.793446952244267e-05,0.0020114808988435577,0.004251808643793503,3,3.875,24.763508319854736
"[96, 96, 96, 96]",25.0,0.0002,256,3000,28801,0.00020039684022776783,5.8659563364926726e-05,0.002398388768962885,0.008472856318505079,3,3.875,36.8966543674469
"[96, 96, 96, 96]",25.0,0.0002,256,5000,28801,4.832534250454046e-05,3.479842052911408e-05,0.0006933581374773172,0.0010396722838991324,4,4.375,61.3693106174469
"[96, 96, 96, 96]",25.0,0.0002,256,7000,28801,7.463962538167834e-05,2.5492667191429064e-05,0.0013626450270757737,0.003274750543560557,3,4.0,83.071524143219
"[96, 96, 96, 96]",25.0,0.0002,256,10000,28801,0.00013618479715660214,2.08198580367025e-05,0.0034554761200458507,0.008882189335668152,3,3.625,119.13886213302612
"[96, 96, 96, 96]",25.0,0.0002,256,12000,28801,6.85832928866148e-05,1.6284157027257606e-05,0.0011649372076976104,0.002095603783520954,3,4.0,144.75747346878052
"[96, 96, 96, 96]",25.0,0.0002,256,15000,28801,3.3197866287082434e-05,1.5018645171949174e-05,0.0007925400074033699,0.0013599620315491799,3,4.125,184.008451461792
"[96, 96, 96, 96]",25.0,0.0002,512,2000,28801,9.432130900677294e-05,6.419649434974417e-05,0.0006010828142641401,0.0022731523574883086,4,4.625,24.67243218421936
"[96, 96, 96, 96]",25.0,0.0002,512,3000,28801,4.046552930958569e-05,3.9579346776008606e-05,0.0005473706312373543,0.0010499737411798972,4,4.5,36.575244665145874
"[96, 96, 96, 96]",25.0,0.0002,512,5000,28801,2.7849466277984902e-05,2.1256291802274063e-05,0.0014030470576742368,0.0027177599955625882,4,4.125,59.00668001174927
"[96, 96, 96, 96]",25.0,0.0002,512,7000,28801,2.0217923520249315e-05,1.5309047739719972e-05,0.0006137165678386067,0.0010712826479019866,4,4.375,82.10388398170471
"[96, 96, 96, 96]",25.0,0.0002,512,10000,28801,1.7285714420722798e-05,1.0166796528210398e-05,0.0012731832985500206,0.0022374255335838884,3,4.0,122.39275979995728
"[96, 96, 96, 96]",25.0,0.0002,512,12000,28801,1.5362147678388283e-05,9.211586075252853e-06,0.0014479645799696922,0.0031103519659892694,3,3.875,146.82780051231384
"[96, 96, 96, 96]",25.0,0.0002,512,15000,28801,1.206136766995769e-05,7.577742508146912e-06,0.0006653855905425967,0.0012150168624978997,4,4.25,179.32916951179504
"[96, 96, 96, 96]",25.0,0.0002,1024,2000,28801,5.057627276983112e-05,4.720004653790966e-05,0.0010962091881189292,0.001807335377266996,3,3.875,24.29863953590393
"[96, 96, 96, 96]",25.0,0.0002,1024,3000,28801,3.390883648535237e-05,2.6693171093938872e-05,0.0004037192765373956,0.0012361389277462378,4,4.75,36.08850574493408
"[96, 96, 96, 96]",25.0,0.0002,1024,5000,28801,1.6437257727375254e-05,1.3912316717323847e-05,0.00027713759523018215,0.0009384488624486829,4,4.75,59.931941986083984
"[96, 96, 96, 96]",25.0,0.0002,1024,7000,28801,1.1681438081723172e-05,1.0134885087609291e-05,0.00045528913266675806,0.0011631798820254467,4,4.75,84.1513671875
"[96, 96, 96, 96]",25.0,0.0002,1024,10000,28801,1.133712794398889e-05,6.670925358776003e-06,0.0023970137592645934,0.0034904426694701315,3,3.75,123.59348011016846
"[96, 96, 96, 96]",25.0,0.0002,1024,12000,28801,1.2323142073000781e-05,6.677758847217774e-06,0.0016283604889581584,0.002800078808555799,4,4.125,146.3287239074707
"[96, 96, 96, 96]",25.0,0.0002,1024,15000,28801,1.0156426469620783e-05,4.285029262973694e-06,0.00132800472104729,0.0015615057673516416,3,3.75,179.10548329353333
"[96, 96, 96, 96]",25.0,0.00025,256,2000,28801,0.00012043337483191863,8.573757077101618e-05,0.001351528757628933,0.0030138202868615883,4,4.125,23.352143049240112
"[96, 96, 96, 96]",25.0,0.00025,256,3000,28801,0.0001713889214443043,5.18447341164574e-05,0.0024847400245511034,0.004711652056788417,3,3.75,35.74957990646362
"[96, 96, 96, 96]",25.0,0.00025,256,5000,28801,4.1995048377430066e-05,3.286958235548809e-05,0.0007666474548503389,0.0019146251558111612,4,4.375,58.15628004074097
"[96, 96, 96, 96]",25.0,0.00025,256,7000,28801,5.089511614642106e-05,2.442588265694212e-05,0.0017766754991356813,0.00311584441038976,3,3.875,82.33295726776123
"[96, 96, 96, 96]",25.0,0.00025,256,10000,28801,5.6980330555234104e-05,1.9242461348767392e-05,0.0016741325375384075,0.002621714923184385,3,3.875,119.67708325386047
"[96, 96, 96, 96]",25.0,0.00025,256,12000,28801,4.7627294406993315e-05,1.6164767657755874e-05,0.003785385957910224,0.005463851381557069,3,3.375,140.81615257263184
"[96, 96, 96, 96]",25.0,0.00025,256,15000,28801,5.468065864988603e-05,1.6714930097805336e-05,0.0024275198033821485,0.004164734954829174,3,3.75,176.5125114917755
"[96, 96, 96, 96]",25.0,0.00025,512,2000,28801,8.557707769796252e-05,5.729163240175694e-05,0.0007786557880049771,0.0024473085029273903,4,4.625,23.00104022026062
"[96, 96, 96, 96]",25.0,0.00025,512,3000,28801,3.994303915533237e-05,3.3514268579892814e-05,0.0008191958036711496,0.0016186368235200583,3,4.0,35.03817558288574
"[96, 96, 96, 96]",25.0,0.00025,512,5000,28801,2.6645044272299856e-05,1.8699174688663334e-05,0.0014649202793578545,0.0037676962506355107,4,4.25,58.42773079872131
"[96, 96, 96, 96]",25.0,0.00025,512,7000,28801,1.9704781152540818e-05,1.4320400623546448e-05,0.0010379908803821308,0.0022802205833774136,4,4.125,83.74921131134033
"[96, 96, 96, 96]",25.0,0.00025,512,10000,28801,1.4274306522565894e-05,1.0505731552257203e-05,0.0012085128972509124,0.0018650178074499084,3,4.125,119.00971698760986
"[96, 96, 96, 96]",25.0,0.00025,512,12000,28801,1.596899892319925e-05,9.418530680704862e-06,0.0021094546299989646,0.004962559716793864,3,3.875,144.34588360786438
"[96, 96, 96, 96]",25.0,0.00025,512,15000,28801,1.0822180229297373e-05,8.01669193606358e-06,0.0012746219570181922,0.004497333665690962,3,4.25,180.45601892471313
"[96, 96, 96, 96]",25.0,0.00025,1024,2000,28801,4.1443228838033974e-05,3.77822871087119e-05,0.0008743784440445213,0.0017413967741531128,3,4.25,24.542564392089844
"[96, 96, 96, 96]",25.0,0.00025,1024,3000,28801,2.8824015316786245e-05,2.271500306960661e-05,0.00034183842524515475,0.0006810412693245106,4,4.375,37.100440979003906
"[96, 96, 96, 96]",25.0,0.00025,1024,5000,28801,1.4399462997971568e-05,1.237512242369121e-05,0.0005904494125379891,0.0009974306492938811,4,4.375,61.48468637466431
"[96, 96, 96, 96]",25.0,0.00025,1024,7000,28801,1.0538218703004532e-05,8.89880902832374e-06,0.00046144327929760606,0.0013584824150187475,4,4.75,86.70898365974426
"[96, 96, 96, 96]",25.0,0.00025,1024,10000,28801,1.0349385775043629e-05,6.868320269859396e-06,0.0009304435676273057,0.0023829088228789984,4,4.125,122.38007354736328
"[96, 96, 96, 96]",25.0,0.00025,1024,12000,28801,8.207193786802236e-06,5.8703258218884e-06,0.000989830986263987,0.0016669796117316856,4,4.25,147.82277965545654
"[96, 96, 96, 96]",25.0,0.00025,1024,15000,28801,1.682067522779107e-05,4.401048499858007e-06,0.002440432885913934,0.0037267972138712276,3,3.75,181.14060854911804
"[96, 96, 96, 96]",30.0,0.00015,256,2000,28801,0.00012889329809695482,9.924671030603349e-05,0.0016398192333390849,0.006797467919465284,4,4.125,23.374473571777344
"[96, 96, 96, 96]",30.0,0.00015,256,3000,28801,0.00019119658099953085,6.241897062864155e-05,0.0035483954919949315,0.00980127066061766,3,3.875,35.93355178833008
"[96, 96, 96, 96]",30.0,0.00015,256,5000,28801,3.832096990663558e-05,3.146811650367454e-05,0.0008978996171328553,0.002302649647258217,3,4.25,61.20525407791138
"[96, 96, 96, 96]",30.0,0.00015,256,7000,28801,8.87475471245125e-05,2.578513704065699e-05,0.0016227724397716507,0.0026180399761579886,3,4.125,83.97376894950867
"[96, 96, 96, 96]",30.0,0.00015,256,10000,28801,2.806006887112744e-05,1.9184361008228734e-05,0.0014354953412487952,0.0042123225235076635,4,4.125,117.61308431625366
"[96, 96, 96, 96]",30.0,0.00015,256,12000,28801,2.8385562472976744e-05,1.6805399354780093e-05,0.001951692763686202,0.004062841026912699,3,3.75,142.11518955230713
"[96, 96, 96, 96]",30.0,0.00015,256,15000,28801,2.350685463170521e-05,1.346251337963622e-05,0.0007160174340627652,0.0016911192892892274,3,4.375,181.6624240875244
"[96, 96, 96, 96]",30.0,0.00015,512,2000,28801,0.00010380143066868186,7.594580529257655e-05,0.001076532902389503,0.002183826828135865,3,3.875,23.509132862091064
"[96, 96, 96, 96]",30.0,0.00015,512,3000,28801,4.868427276960574e-05,4.4020773202646524e-05,0.0005630503430437906,0.0009288989624403727,4,4.125,35.5651695728302
"[96, 96, 96, 96]",30.0,0.00015,512,5000,28801,2.6971727493219078e-05,2.4420271074632183e-05,0.00046969654675470344,0.0011794335281604983,4,4.375,59.237271547317505
"[96, 96, 96, 96]",30.0,0.00015,512,7000,28801,2.2484129658550955e-05,1.6853138731676154e-05,0.0017313960408758364,0.002477382949780547,3,3.75,83.96879386901855
"[96, 96, 96, 96]",30.0,0.00015,512,10000,28801,1.7715261492412537e-05,1.1748075849027373e-05,0.0016189088060665228,0.0025125947899599563,3,3.875,119.60169744491577
"[96, 96, 96, 96]",30.0,0.00015,512,12000,28801,9.231507647200488e-06,9.231507647200488e-06,0.0007443658375129259,0.0013290339382750387,4,4.125,144.70243787765503
"[96, 96, 96, 96]",30.0,0.00015,512,15000,28801,1.1112863830931019e-05,7.650000043213367e-06,0.0011260631785030286,0.0014558684890469506,3,4.125,180.00914764404297
"[96, 96, 96, 96]",30.0,0.00015,1024,2000,28801,5.714080180041492e-05,5.384854011936113e-05,0.0005800856247603866,0.0012157241888710328,3,4.5,24.507874488830566
"[96, 96, 96, 96]",30.0,0.00015,1024,3000,28801,4.1150567994918674e-05,3.2275223929900676e-05,0.0005294403796102485,0.0008081834086441549,4,4.375,36.92405581474304
"[96, 96, 96, 96]",30.0,0.00015,1024,5000,28801,1.906465695356019e-05,1.6662153939250857e-05,0.0003747653731186333,0.0008942700517933307,4,4.5,61.6082124710083
"[96, 96, 96, 96]",30.0,0.00015,1024,7000,28801,1.4569315681001171e-05,1.1783353329519741e-05,0.0004939037746076573,0.0009490265084905221,4,4.5,85.86212229728699
"[96, 96, 96, 96]",30.0,0.00015,1024,10000,28801,9.564333595335484e-06,7.381878276646603e-06,0.0006938873189591326,0.0012134774838942328,4,4.25,122.67878246307373
"[96, 96, 96, 96]",30.0,0.00015,1024,12000,28801,1.174722819996532e-05,6.235777618712746e-06,0.0011841971298959836,0.0015317482994618894,3,3.875,148.81706357002258
"[96, 96, 96, 96]",30.0,0.00015,1024,15000,28801,1.4993641343608033e-05,5.043409146310296e-06,0.0008930522672820309,0.002236785011684994,4,4.0,178.9281096458435
"[96, 96, 96, 96]",30.0,0.0002,256,2000,28801,9.605665400158614e-05,8.182080637197942e-05,0.002853964351779722,0.005986943818031323,3,3.75,22.93694281578064
"[96, 96, 96, 96]",30.0,0.0002,256,3000,28801,0.0001727674389258027,5.173723911866546e-05,0.0041187071001821994,0.009752165259867792,3,3.5,35.207297563552856
"[96, 96, 96, 96]",30.0,0.0002,256,5000,28801,3.485221168375574e-05,3.0975690606283024e-05,0.000693069222294487,0.001976959822183514,3,4.25,59.08025550842285
"[96, 96, 96, 96]",30.0,0.0002,256,7000,28801,5.882966797798872e-05,2.5847017241176218e-05,0.0015167988612391386,0.0031226929436510027,3,4.0,82.7803282737732
"[96, 96, 96, 96]",30.0,0.0002,256,10000,28801,2.417908763163723e-05,1.9638167941593565e-05,0.0011860030981262024,0.001827856860792194,3,4.0,116.58965492248535
"[96, 96, 96, 96]",30.0,0.0002,256,12000,28801,5.234149284660816e-05,1.838376010709908e-05,0.0014383915406876247,0.003083960818776346,3,4.0,150.1189947128296
"[96, 96, 96, 96]",30.0,0.0002,256,15000,28801,8.5301129729487e-05,1.774751399352681e-05,0.0018312024173852987,0.00623551118381435,3,3.875,180.17184901237488
"[96, 96, 96, 96]",30.0,0.0002,512,2000,28801,8.723360224394128e-05,6.328978633973747e-05,0.0008642802229055767,0.0028745926633300086,4,4.375,24.29355549812317
"[96, 96, 96, 96]",30.0,0.0002,512,3000,28801,4.292077210266143e-05,3.434774771449156e-05,0.00029163973178282716,0.0006400665618898343,4,4.875,36.17028260231018
"[96, 96, 96, 96]",30.0,0.0002,512,5000,28801,2.3469410734833218e-05,2.013937228184659e-05,0.0006396167313331034,0.0020369699229650868,4,4.375,60.33497333526611
"[96, 96, 96, 96]",30.0,0.0002,512,7000,28801,2.2288259060587734e-05,1.5082572645042092e-05,0.0008935774018074002,0.0017420047357274541,4,4.25,84.64079523086548
"[96, 96, 96, 96]",30.0,0.0002,512,10000,28801,1.7711983673507348e-05,9.831198440224398e-06,0.0014979018420177774,0.004045501183525473,3,4.0,119.67517852783203
"[96, 96, 96, 96]",30.0,0.0002,512,12000,28801,2.0297735318308696e-05,9.708064681035466e-06,0.0013342265159588381,0.002332543152682599,3,4.0,142.8158130645752
"[96, 96, 96, 96]",30.0,0.0002,512,15000,28801,1.5365199942607433e-05,8.806515324977227e-06,0.0024112026730385545,0.004446289159472221,3,3.625,175.95445656776428
"[96, 96, 96, 96]",30.0,0.0002,1024,2000,28801,4.414465365698561e-05,4.034440280520357e-05,0.0002871020951091293,0.000560839298166532,4,4.75,23.460964918136597
"[96, 96, 96, 96]",30.0,0.0002,1024,3000,28801,2.9437866032822058e-05,2.441445212753024e-05,0.0004188733636363184,0.0009059717978297853,4,4.5,35.55091953277588
"[96, 96, 96, 96]",30.0,0.0002,1024,5000,28801,1.4646297131548636e-05,1.3188002412789501e-05,0.00022125195216496759,0.0005017349006942379,4,5.125,59.08745718002319
"[96, 96, 96, 96]",30.0,0.0002,1024,7000,28801,1.2677137419814244e-05,9.419733942195307e-06,0.00046274057593305814,0.0008520397979046215,4,4.5,84.20698261260986
"[96, 96, 96, 96]",30.0,0.0002,1024,10000,28801,9.291605238104239e-06,7.236184046632843e-06,0.0014777391412435846,0.0026477700603875507,3,3.875,119.94112968444824
"[96, 96, 96, 96]",30.0,0.0002,1024,12000,28801,1.3097127521177754e-05,6.028909865563037e-06,0.0025741628195280492,0.003242942731472292,3,3.875,143.50868034362793
"[96, 96, 96, 96]",30.0,0.0002,1024,15000,28801,7.784201443428174e-06,4.957654255122179e-06,0.0004980410767192023,0.0008839135401151249,4,4.375,180.8447072505951
"[96, 96, 96, 96]",30.0,0.00025,256,2000,28801,9.222089283866808e-05,6.745131395291537e-05,0.003736001158568934,0.009169115141067469,3,3.25,23.313263654708862
"[96, 96, 96, 96]",30.0,0.00025,256,3000,28801,0.00013114645844325423,4.5256223529577255e-05,0.0038494772879001087,0.00762417080102302,3,3.5,36.74809980392456
"[96, 96, 96, 96]",30.0,0.00025,256,5000,28801,3.6899193219142035e-05,3.0052397050894797e-05,0.0008114657772404175,0.0018004073036327266,3,4.25,59.82616972923279
"[96, 96, 96, 96]",30.0,0.00025,256,7000,28801,5.9482830693013966e-05,2.4002216377994046e-05,0.0016386522311580404,0.004071483902032389,3,3.75,83.19095039367676
"[96, 96, 96, 96]",30.0,0.00025,256,10000,28801,3.7242753023747355e-05,2.376818156335503e-05,0.0018767459355257055,0.0035573912915386513,3,3.625,117.72007131576538
"[96, 96, 96, 96]",30.0,0.00025,256,12000,28801,2.7879043045686558e-05,1.8522074242355302e-05,0.0008424708344050774,0.002703711938426323,4,4.375,142.99611067771912
"[96, 96, 96, 96]",30.0,0.00025,256,15000,28801,5.418691580416635e-05,2.0051493265782483e-05,0.005026699936448837,0.008676900557855622,3,3.5,180.84605836868286
"[96, 96, 96, 96]",30.0,0.00025,512,2000,28801,7.229945185827091e-05,5.174805846763775e-05,0.0007897661735740292,0.002401433184971045,3,4.25,24.59113359451294
"[96, 96, 96, 96]",30.0,0.00025,512,3000,28801,3.873374225804582e-05,3.0689232517033815e-05,0.0005193825921456026,0.0009965459457858107,4,4.375,36.239943504333496
"[96, 96, 96, 96]",30.0,0.00025,512,5000,28801,1.924428579513915e-05,1.767920002748724e-05,0.0008834295520743321,0.0020864788767643726,4,4.25,59.26135730743408
"[96, 96, 96, 96]",30.0,0.00025,512,7000,28801,1.8845628801500425e-05,1.3061810022918507e-05,0.0009041177941248328,0.002036102763730534,4,4.125,84.19860887527466
"[96, 96, 96, 96]",30.0,0.00025,512,10000,28801,1.4175637261359952e-05,9.80624281510245e-06,0.0006565964477972992,0.002640838012181001,4,4.5,120.09271168708801
"[96, 96, 96, 96]",30.0,0.00025,512,12000,28801,1.7092987036448903e-05,1.0099909559357911e-05,0.000905267266489172,0.0016639367946114595,4,4.125,145.06172800064087
"[96, 96, 96, 96]",30.0,0.00025,512,15000,28801,1.3009264876018278e-05,8.123276529659051e-06,0.0014181757557501016,0.0031638126911218843,3,4.0,175.1950991153717
"[96, 96, 96, 96]",30.0,0.00025,1024,2000,28801,3.6102905141888186e-05,3.470612136879936e-05,0.00033140564408348485,0.0007869240315215158,4,4.625,23.955220222473145
"[96, 96, 96, 96]",30.0,0.00025,1024,3000,28801,2.4116414351738058e-05,2.1688147171516903e-05,0.0005957821747290405,0.00122157401081284,3,4.125,35.85106682777405
"[96, 96, 96, 96]",30.0,0.00025,1024,5000,28801,1.361017712042667e-05,1.2070078810211271e-05,0.0005623745077722055,0.0008615208719569184,4,4.25,60.09225058555603
"[96, 96, 96, 96]",30.0,0.00025,1024,7000,28801,1.2211370631121099e-05,8.251870895037428e-06,0.0007430469962607312,0.001084471169092577,4,4.25,83.95259380340576
"[96, 96, 96, 96]",30.0,0.00025,1024,10000,28801,1.7070797184715047e-05,6.998774097155547e-06,0.004286051362217143,0.005610243347137899,3,3.375,122.90914463996887
"[96, 96, 96, 96]",30.0,0.00025,1024,12000,28801,9.71476583799813e-06,5.437352228909731e-06,0.0016013526218025635,0.0024879413207964407,3,3.875,145.4205038547516
"[96, 96, 96, 96]",30.0,0.00025,1024,15000,28801,2.4365112039959058e-05,5.4861143325979356e-06,0.0022098384769127693,0.004057813578773758,3,3.75,182.01558017730713
"[96, 96, 96, 96]",35.0,0.00015,256,2000,28801,0.00012283730029594153,9.888486238196492e-05,0.0021196418012618574,0.00313795521903396,3,3.75,23.402788162231445
"[96, 96, 96, 96]",35.0,0.00015,256,3000,28801,0.00012238638009876013,6.255711195990443e-05,0.0030889291641313836,0.006694214142821461,3,3.75,34.75836968421936
"[96, 96, 96, 96]",35.0,0.00015,256,5000,28801,3.672078310046345e-05,3.300030584796332e-05,0.0007462418337347272,0.0018734030276429934,4,4.125,58.36707019805908
"[96, 96, 96, 96]",35.0,0.00015,256,7000,28801,4.1041363147087395e-05,2.5708479370223358e-05,0.0016588190707115351,0.002365008742179064,3,3.875,80.54626536369324
"[96, 96, 96, 96]",35.0,0.00015,256,10000,28801,2.6773672288982198e-05,1.7925176507560536e-05,0.000606675528406378,0.0011837368528625383,4,4.125,116.07564878463745
"[96, 96, 96, 96]",35.0,0.00015,256,12000,28801,3.237168857594952e-05,1.743349275784567e-05,0.003350289870003819,0.004897438620424419,3,3.5,141.65408205986023
"[96, 96, 96, 96]",35.0,0.00015,256,15000,28801,4.5570526708615944e-05,1.655790583754424e-05,0.0013735366726095692,0.003513412549456866,3,4.375,179.4188199043274
"[96, 96, 96, 96]",35.0,0.00015,512,2000,28801,9.229725401382893e-05,7.326812919927761e-05,0.0008832283892478997,0.003434497120794744,4,4.375,23.914407968521118
"[96, 96, 96, 96]",35.0,0.00015,512,3000,28801,4.9733222112990916e-05,4.315612022764981e-05,0.0007639686649760373,0.001937183971894451,4,4.25,35.96615266799927
"[96, 96, 96, 96]",35.0,0.00015,512,5000,28801,2.8585896870936267e-05,2.2697868189425208e-05,0.0016549374148371555,0.0020063906602042544,3,3.75,60.018216371536255
"[96, 96, 96, 96]",35.0,0.00015,512,7000,28801,2.1046065739938058e-05,1.6111314835143276e-05,0.0015222827247433404,0.0023727661726373043,3,3.75,84.01728296279907
"[96, 96, 96, 96]",35.0,0.00015,512,10000,28801,1.3137862879375461e-05,9.730158126330934e-06,0.0003026052940075584,0.000706250585239991,4,4.625,120.5045838356018
"[96, 96, 96, 96]",35.0,0.00015,512,12000,28801,1.3025639418628998e-05,9.728226359584369e-06,0.0019279978642791921,0.002745119811180524,3,3.75,144.45398449897766
"[96, 96, 96, 96]",35.0,0.00015,512,15000,28801,1.2464638530218508e-05,7.707962140557356e-06,0.002188015463206401,0.0030039285563900515,3,3.75,181.11778211593628
"[96, 96, 96, 96]",35.0,0.00015,1024,2000,28801,5.5284544941969216e-05,4.979471123078838e-05,0.000404129428596981,0.0007935580585425198,4,4.625,24.078320026397705
"[96, 96, 96, 96]",35.0,0.00015,1024,3000,28801,3.48390567523893e-05,2.9595610612886958e-05,0.001277193918063888,0.0018441793561384562,3,3.875,36.0012423992157
"[96, 96, 96, 96]",35.0,0.00015,1024,5000,28801,1.8039372662315145e-05,1.5191485545074102e-05,0.00026550866062975746,0.0006389543843937188,4,4.75,59.594781160354614
"[96, 96, 96, 96]",35.0,0.00015,1024,7000,28801,1.2662052540690638e-05,1.1107710633950774e-05,0.0005018244590561457,0.0010904303323105756,4,4.5,83.70073652267456
"[96, 96, 96, 96]",35.0,0.00015,1024,10000,28801,9.870556823443621e-06,7.94816151028499e-06,0.0008188104819293588,0.00159703280366197,4,4.25,122.0618269443512
"[96, 96, 96, 96]",35.0,0.00015,1024,12000,28801,1.0788597137434408e-05,5.869943379366305e-06,0.0010625100589079998,0.0015453426410971611,3,4.0,144.37920498847961
"[96, 96, 96, 96]",35.0,0.00015,1024,15000,28801,7.867743988754228e-06,5.007182153349277e-06,0.0003484609876031619,0.0009615139051291928,4,5.0,178.6357295513153
"[96, 96, 96, 96]",35.0,0.0002,256,2000,28801,9.917898569256067e-05,8.316614548675716e-05,0.0019012487677739552,0.0049160512147899795,3,3.875,23.32373046875
"[96, 96, 96, 96]",35.0,0.0002,256,3000,28801,0.00011686622747220099,5.368750134948641e-05,0.002290078350671421,0.004453724718006491,3,3.625,35.26334857940674
"[96, 96, 96, 96]",35.0,0.0002,256,5000,28801,4.302081651985645e-05,3.548356471583247e-05,0.0011114388776519188,0.0025198611787982028,3,4.25,58.472630977630615
"[96, 96, 96, 96]",35.0,0.0002,256,7000,28801,6.254547042772174e-05,2.5126009859377518e-05,0.0013169723813363054,0.0022397906152788662,3,3.875,82.14254331588745
"[96, 96, 96, 96]",35.0,0.0002,256,10000,28801,3.422406007302925e-05,2.1610456315102056e-05,0.001782115542063209,0.0033254697629132818,3,3.75,116.08631539344788
"[96, 96, 96, 96]",35.0,0.0002,256,12000,28801,5.005322236684151e-05,1.8760676539386623e-05,0.0008696383821861764,0.0021524829936625527,3,4.25,139.57944178581238
"[96, 96, 96, 96]",35.0,0.0002,256,15000,28801,4.3203559471294284e-05,1.8778659068630077e-05,0.003572479477805624,0.005606608709935272,3,3.5,176.07563304901123
"[96, 96, 96, 96]",35.0,0.0002,512,2000,28801,8.019687084015459e-05,5.604802572634071e-05,0.0009197047341272812,0.001964133084654399,4,4.25,23.758312463760376
"[96, 96, 96, 96]",35.0,0.0002,512,3000,28801,4.137304858886637e-05,3.589571133488789e-05,0.0004730946394322336,0.0015279404449352026,4,4.5,36.048545837402344
"[96, 96, 96, 96]",35.0,0.0002,512,5000,28801,2.1678026314475574e-05,1.9169172446709126e-05,0.0007680887607781253,0.0016350312052594615,3,4.125,59.695820808410645
"[96, 96, 96, 96]",35.0,0.0002,512,7000,28801,1.9082752260146663e-05,1.4630286386818625e-05,0.0003831033401780912,0.0008341609008274085,4,4.5,84.19586682319641
"[96, 96, 96, 96]",35.0,0.0002,512,10000,28801,1.539637742098421e-05,1.2144400898250751e-05,0.0008917214689456512,0.0022183161651952417,4,4.25,120.78947138786316
"[96, 96, 96, 96]",35.0,0.0002,512,12000,28801,1.3749955542152748e-05,9.81886751105776e-06,0.0016236139234382175,0.0021625829946264226,3,3.75,144.52228593826294
"[96, 96, 96, 96]",35.0,0.0002,512,15000,28801,5.29940880369395e-05,7.4584613685146905e-06,0.0019471911459838533,0.004919209261056189,3,3.875,176.80802011489868
"[96, 96, 96, 96]",35.0,0.0002,1024,2000,28801,4.484022792894393e-05,4.008468022220768e-05,0.000412677313702199,0.0007093022894854751,4,4.625,25.227140426635742
"[96, 96, 96, 96]",35.0,0.0002,1024,3000,28801,2.624942862894386e-05,2.3038044673739932e-05,0.0008778542604820415,0.0014932388245733185,4,4.125,35.24001407623291
"[96, 96, 96, 96]",35.0,0.0002,1024,5000,28801,1.3554285033023916e-05,1.2265654731891118e-05,0.00024074613611473883,0.0005955021556698813,4,4.875,60.35576272010803
"[96, 96, 96, 96]",35.0,0.0002,1024,7000,28801,1.368392986478284e-05,9.799034160096198e-06,0.0005095731924393766,0.0009319197319395538,4,4.375,84.66884160041809
"[96, 96, 96, 96]",35.0,0.0002,1024,10000,28801,1.1318015822325833e-05,7.009372438915307e-06,0.0007330124393097881,0.0015700456730377255,4,4.25,119.29886364936829
"[96, 96, 96, 96]",35.0,0.0002,1024,12000,28801,1.807025182642974e-05,6.067711638024775e-06,0.0017433204135883483,0.003951018092412141,3,3.75,142.47939491271973
"[96, 96, 96, 96]",35.0,0.0002,1024,15000,28801,6.81172423355747e-06,4.611186795955291e-06,0.0009498719988097415,0.001489137203537733,3,4.125,179.16187238693237
"[96, 96, 96, 96]",35.0,0.00025,256,2000,28801,9.358613169752061e-05,7.70556362112984e-05,0.0008226058699783566,0.0011580936391671472,4,4.125,24.0778226852417
"[96, 96, 96, 96]",35.0,0.00025,256,3000,28801,0.00012367474846541882,5.25850809935946e-05,0.005039765459381437,0.00800879168369207,3,3.25,36.264166831970215
"[96, 96, 96, 96]",35.0,0.00025,256,5000,28801,3.949632082367316e-05,3.2194067898672074e-05,0.0011445613037659233,0.002414618279666527,4,4.25,59.935269355773926
"[96, 96, 96, 96]",35.0,0.00025,256,7000,28801,9.43871564231813e-05,2.4181699700420722e-05,0.004333591445155325,0.006411979211499597,3,3.375,84.14391350746155
"[96, 96, 96, 96]",35.0,0.00025,256,10000,28801,7.955157343531027e-05,2.177613896492403e-05,0.00107877538086863,0.00305887257380818,3,4.375,121.57344818115234
"[96, 96, 96, 96]",35.0,0.00025,256,12000,28801,6.333780038403347e-05,2.3652213712921366e-05,0.004320372033602803,0.006870465547317904,3,3.5,141.18078804016113
"[96, 96, 96, 96]",35.0,0.00025,256,15000,28801,5.410020094132051e-05,2.2711419660481624e-05,0.0013076618450356017,0.0023811152815662326,4,4.0,178.78611421585083
"[96, 96, 96, 96]",35.0,0.00025,512,2000,28801,7.074773748172447e-05,5.2180486818542704e-05,0.00112639037920214,0.002027987927426113,3,4.0,24.344363927841187
"[96, 96, 96, 96]",35.0,0.00025,512,3000,28801,4.0412123780697584e-05,3.1169816793408245e-05,0.0006483671366025411,0.0017093634788840108,4,4.375,36.80079412460327
"[96, 96, 96, 96]",35.0,0.00025,512,5000,28801,2.0394269085954875e-05,1.7822321751737036e-05,0.0011235755641887772,0.001545267473419234,3,4.125,60.50372672080994
"[96, 96, 96, 96]",35.0,0.00025,512,7000,28801,2.3281088942894712e-05,1.4309048310678918e-05,0.0011935014086695798,0.002269883819731761,4,4.25,85.57680583000183
"[96, 96, 96, 96]",35.0,0.00025,512,10000,28801,1.7703034245641902e-05,1.0964198736473918e-05,0.0008503573227936113,0.0017615205758025087,4,4.25,120.14316630363464
"[96, 96, 96, 96]",35.0,0.00025,512,12000,28801,1.3328683053259738e-05,1.0315392501070164e-05,0.001612903194579272,0.0022676225519988745,3,3.75,144.34272933006287
"[96, 96, 96, 96]",35.0,0.00025,512,15000,28801,1.93308533198433e-05,9.00052964425413e-06,0.0009581548282814553,0.0029494701985456275,4,4.25,179.4524130821228
"[96, 96, 96, 96]",35.0,0.00025,1024,2000,28801,3.3254968002438545e-05,3.0789291486144066e-05,0.0007068633230473539,0.0012291997090396456,4,4.125,24.25855851173401
"[96, 96, 96, 96]",35.0,0.00025,1024,3000,28801,2.1147199731785804e-05,1.848254760261625e-05,0.0006297123588388004,0.0013628951565174163,4,4.125,36.98958706855774
"[96, 96, 96, 96]",35.0,0.00025,1024,5000,28801,1.0319355169485789e-05,9.783785571926273e-06,0.00043360533333121614,0.0009534916108097938,4,4.25,62.20132374763489
"[96, 96, 96, 96]",35.0,0.00025,1024,7000,28801,1.0293250852555502e-05,8.0057243394549e-06,0.0006526488673460399,0.001558172407981986,4,4.25,86.21741199493408
"[96, 96, 96, 96]",35.0,0.00025,1024,10000,28801,8.563976734876633e-06,5.74535124542308e-06,0.00020434387970940735,0.000525051938277296,4,4.875,121.4307472705841
"[96, 96, 96, 96]",35.0,0.00025,1024,12000,28801,1.0332876627217047e-05,4.86312092107255e-06,0.0007595841081744532,0.002717784521278313,4,4.5,148.14830875396729
"[96, 96, 96, 96]",35.0,0.00025,1024,15000,28801,2.0657405912061222e-05,4.0943505155155435e-06,0.002585410183790941,0.005676994314497797,3,3.75,182.86026644706726
"[128, 128, 128, 128]",25.0,0.00015,256,2000,50689,0.00014722533524036407,5.9661335399141535e-05,0.0006622862058497238,0.0021619133542756875,4,4.625,24.058756113052368
"[128, 128, 128, 128]",25.0,0.00015,256,3000,50689,5.2087754738749936e-05,3.8109326851554215e-05,0.001962194765324197,0.004121182419809759,3,3.625,35.76961803436279
"[128, 128, 128, 128]",25.0,0.00015,256,5000,50689,2.4957920686574653e-05,2.032331576629076e-05,0.0005479215184976802,0.0012204951575732997,4,4.25,59.069350719451904
"[128, 128, 128, 128]",25.0,0.00015,256,7000,50689,4.423100472195074e-05,1.834448084991891e-05,0.0029381074725761615,0.003729137174338556,3,3.375,81.86483001708984
"[128, 128, 128, 128]",25.0,0.00015,256,10000,50689,2.0995124941691756e-05,1.3222308552940376e-05,0.0008134376755776106,0.0011078125953178774,4,4.25,118.5871307849884
"[128, 128, 128, 128]",25.0,0.00015,256,12000,50689,1.9415760107222013e-05,1.253077425644733e-05,0.0016402161235880774,0.002532927561886649,3,3.75,144.4586889743805
"[128, 128, 128, 128]",25.0,0.00015,256,15000,50689,0.0001053008672897704,1.0937455044768285e-05,0.004507613436184379,0.011331595924663382,3,3.5,177.435697555542
"[128, 128, 128, 128]",25.0,0.00015,512,2000,50689,5.15246283612214e-05,4.307822382543236e-05,0.0014575940280508804,0.002224760901076928,3,3.875,24.280898332595825
"[128, 128, 128, 128]",25.0,0.00015,512,3000,50689,4.430699482327327e-05,2.4928485800046474e-05,0.0008631954554951242,0.0016724634803536725,4,4.0,36.410417318344116
"[128, 128, 128, 128]",25.0,0.00015,512,5000,50689,1.6539665011805482e-05,1.4181004189595114e-05,0.0009483320563530331,0.0017004744464779761,3,4.125,60.90094804763794
"[128, 128, 128, 128]",25.0,0.00015,512,7000,50689,1.3747627235716209e-05,1.0762976671685465e-05,0.002078703982162062,0.0029841091960605055,3,3.625,86.27707815170288
"[128, 128, 128, 128]",25.0,0.00015,512,10000,50689,8.418986908509396e-06,8.08706863608677e-06,0.0006963873875537254,0.0010707834146060596,4,4.125,120.92108631134033
"[128, 128, 128, 128]",25.0,0.00015,512,12000,50689,1.1979548617091496e-05,6.0034853959223256e-06,0.0007597226691473953,0.0015436854456621389,3,4.25,145.48288655281067
"[128, 128, 128, 128]",25.0,0.00015,512,15000,50689,1.2925773262395523e-05,5.005034836358391e-06,0.002124624142374941,0.003125589804425462,3,3.75,177.61774587631226
"[128, 128, 128, 128]",25.0,0.00015,1024,2000,50689,3.16614932671655e-05,2.9889275538153015e-05,0.00041485011542230385,0.000859043206413368,4,4.625,24.658045291900635
"[128, 128, 128, 128]",25.0,0.00015,1024,3000,50689,2.1122970792930573e-05,1.795530624804087e-05,0.00031190341293469,0.0007655248207228017,4,4.75,36.808964014053345
"[128, 128, 128, 128]",25.0,0.00015,1024,5000,50689,1.2204899576317985e-05,9.576579032000154e-06,0.00032554882948003776,0.0008198257368984476,4,4.75,59.684022665023804
"[128, 128, 128, 128]",25.0,0.00015,1024,7000,50689,6.762623343092855e-06,6.172643224999774e-06,0.000516849770858947,0.0011183807780892317,4,4.375,85.3094072341919
"[128, 128, 128, 128]",25.0,0.00015,1024,10000,50689,8.242264811997302e-06,4.865903520112624e-06,0.0006219671944651994,0.0012156217372641018,4,4.375,122.26670384407043
"[128, 128, 128, 128]",25.0,0.00015,1024,12000,50689,8.74416855367599e-06,4.162636741966708e-06,0.0022995853039525544,0.002947135378989471,3,3.75,147.11818957328796
"[128, 128, 128, 128]",25.0,0.00015,1024,15000,50689,7.618489235028392e-06,3.2746231681812787e-06,0.0005531723352958372,0.0013669540670576315,4,4.625,182.29695558547974
"[128, 128, 128, 128]",25.0,0.0002,256,2000,50689,0.00014243491750676185,5.38263120688498e-05,0.000586896700488336,0.0010332640540205,4,4.375,23.679856538772583
"[128, 128, 128, 128]",25.0,0.0002,256,3000,50689,5.329601117409766e-05,3.604716039262712e-05,0.0008986542606554769,0.002044476543813691,3,4.125,35.02085757255554
"[128, 128, 128, 128]",25.0,0.0002,256,5000,50689,2.6691175662563182e-05,2.0052873878739774e-05,0.0006576756098060874,0.0015345506702672074,4,4.375,60.44637203216553
"[128, 128, 128, 128]",25.0,0.0002,256,7000,50689,3.1884319469099864e-05,1.709868956822902e-05,0.000997401617916991,0.0017165910533459704,4,4.125,84.58496069908142
"[128, 128, 128, 128]",25.0,0.0002,256,10000,50689,2.3345110093941912e-05,1.3124915312801022e-05,0.0008257571006713268,0.0019673467097755764,4,4.25,119.68526220321655
"[128, 128, 128, 128]",25.0,0.0002,256,12000,50689,2.628955371619668e-05,1.2793796486221254e-05,0.004244702633824201,0.005620114794591711,3,3.25,140.3263237476349
"[128, 128, 128, 128]",25.0,0.0002,256,15000,50689,0.00016423827037215233,1.2667262126342393e-05,0.007434828087855912,0.015900739101148087,3,3.375,180.30630040168762
"[128, 128, 128, 128]",25.0,0.0002,512,2000,50689,4.4856937165604904e-05,3.625062890932895e-05,0.00036942650025598747,0.0007320389255836921,4,4.5,24.39364528656006
"[128, 128, 128, 128]",25.0,0.0002,512,3000,50689,3.5893783206120133e-05,2.0826206309720874e-05,0.0005397690033389519,0.0009376060816253383,4,4.25,35.32348108291626
"[128, 128, 128, 128]",25.0,0.0002,512,5000,50689,1.3669898180523887e-05,1.2011871149297804e-05,0.0003484720409323675,0.001375295893938173,4,4.625,59.12965965270996
"[128, 128, 128, 128]",25.0,0.0002,512,7000,50689,1.7515158106107265e-05,9.257803867512848e-06,0.0015259371842848036,0.002914965495990306,3,3.875,83.22707509994507
"[128, 128, 128, 128]",25.0,0.0002,512,10000,50689,8.371567673748359e-06,7.823007763363421e-06,0.00037002779344381845,0.000544779982438469,4,4.375,117.87406921386719
"[128, 128, 128, 128]",25.0,0.0002,512,12000,50689,5.1105685997754335e-05,6.069836672395468e-06,0.003489843412408353,0.006338242560188128,3,3.375,140.95698165893555
"[128, 128, 128, 128]",25.0,0.0002,512,15000,50689,9.195719030685723e-06,6.214805580384564e-06,0.0007209063306077748,0.0012126101099700214,4,4.375,176.36972403526306
"[128, 128, 128, 128]",25.0,0.0002,1024,2000,50689,2.6264502594131045e-05,2.441553442622535e-05,0.00040596667044910445,0.0008167255133040843,4,4.5,23.92397689819336
"[128, 128, 128, 128]",25.0,0.0002,1024,3000,50689,1.6752583178458735e-05,1.4671612007077783e-05,0.00044013369874402905,0.0009175214284786795,4,4.25,36.664793252944946
"[128, 128, 128, 128]",25.0,0.0002,1024,5000,50689,1.0519868737901561e-05,8.260734830400907e-06,0.0002811761360941388,0.0005178137926502638,4,4.5,60.17673921585083
"[128, 128, 128, 128]",25.0,0.0002,1024,7000,50689,6.62824822939001e-06,5.426404186437139e-06,0.0005882186927929561,0.0009933214862655059,4,4.25,84.08356547355652
"[128, 128, 128, 128]",25.0,0.0002,1024,10000,50689,6.252317689359188e-06,4.700694262282923e-06,0.0006742494740827479,0.0013953786364863754,3,4.25,118.40293908119202
"[128, 128, 128, 128]",25.0,0.0002,1024,12000,50689,4.743539193441393e-06,3.816546268353704e-06,0.00039487832904010146,0.0008522630019141967,4,4.5,144.45715951919556
"[128, 128, 128, 128]",25.0,0.0002,1024,15000,50689,8.98719190445263e-06,3.104242296103621e-06,0.0010146377849901927,0.002001096367857334,3,4.0,182.5775067806244
"[128, 128, 128, 128]",25.0,0.00025,256,2000,50689,0.00013267133908811957,5.087157478556037e-05,0.0010384808901512546,0.00223618544318021,4,4.25,24.20188283920288
"[128, 128, 128, 128]",25.0,0.00025,256,3000,50689,5.557410986511968e-05,3.40841434081085e-05,0.0006465756508566951,0.0016268682244234482,4,4.5,36.03468918800354
"[128, 128, 128, 128]",25.0,0.00025,256,5000,50689,2.9436920158332214e-05,1.9244380382588133e-05,0.0008342202542930037,0.0022738361246565737,4,4.25,59.37464427947998
"[128, 128, 128, 128]",25.0,0.00025,256,7000,50689,2.890461473725736e-05,1.5772642655065283e-05,0.001042509472030523,0.0018338481470353558,4,4.125,83.56574821472168
"[128, 128, 128, 128]",25.0,0.00025,256,10000,50689,2.364206375204958e-05,1.3402752301772125e-05,0.0007821695492265213,0.0017501912445476147,3,4.25,120.51813817024231
"[128, 128, 128, 128]",25.0,0.00025,256,12000,50689,2.5564029783708975e-05,1.378188062517438e-05,0.002837334912981235,0.004299591460780588,3,3.5,142.82797956466675
"[128, 128, 128, 128]",25.0,0.00025,256,15000,50689,0.0002679924655240029,1.671005884418264e-05,0.010566821448545751,0.022195937794520226,3,3.25,181.7685902118683
"[128, 128, 128, 128]",25.0,0.00025,512,2000,50689,3.913727414328605e-05,3.254021066823043e-05,0.00035118842531545034,0.0007779567878513778,4,4.875,24.07087254524231
"[128, 128, 128, 128]",25.0,0.00025,512,3000,50689,3.232512972317636e-05,1.9727111066458747e-05,0.0005951971570375033,0.0008936943609466957,4,4.375,35.64947986602783
"[128, 128, 128, 128]",25.0,0.00025,512,5000,50689,1.3679501535079908e-05,1.1749963960028253e-05,0.00046096803663891865,0.0008166768268949784,4,4.25,58.90599060058594
"[128, 128, 128, 128]",25.0,0.00025,512,7000,50689,1.8789573005051352e-05,8.512359272572212e-06,0.0007682391755947395,0.0018058453473262382,4,4.375,83.90621376037598
"[128, 128, 128, 128]",25.0,0.00025,512,10000,50689,1.1259900929871947e-05,7.762004315736704e-06,0.0008285534157651072,0.0017055893561844229,3,4.25,122.28721213340759
"[128, 128, 128, 128]",25.0,0.00025,512,12000,50689,7.735841791145504e-05,7.32914668333251e-06,0.0030396537075457085,0.006830727362722271,3,3.625,146.5286943912506
"[128, 128, 128, 128]",25.0,0.00025,512,15000,50689,1.2430798960849643e-05,6.638008926529437e-06,0.0005557783558939914,0.0018137357664774342,4,4.75,182.9527404308319
"[128, 128, 128, 128]",25.0,0.00025,1024,2000,50689,2.2646507204626687e-05,2.1509500584215857e-05,0.0002737599432256514,0.0007135068490136518,4,4.625,24.546891450881958
"[128, 128, 128, 128]",25.0,0.00025,1024,3000,50689,1.5115048881853e-05,1.2850214261561632e-05,0.00029053427187298523,0.0009846905728144388,3,4.5,36.89855599403381
"[128, 128, 128, 128]",25.0,0.00025,1024,5000,50689,1.0027479220298119e-05,7.171956440288341e-06,0.00107475894426051,0.00152256272200618,3,4.0,60.902442932128906
"[128, 128, 128, 128]",25.0,0.00025,1024,7000,50689,6.303640475380234e-06,4.839574103243649e-06,0.0005225498906737973,0.001400381198065823,4,4.5,85.79112935066223
"[128, 128, 128, 128]",25.0,0.00025,1024,10000,50689,8.544324373360723e-06,3.90080776924151e-06,0.0012731272679150623,0.0025740740368399083,3,4.125,118.53126907348633
"[128, 128, 128, 128]",25.0,0.00025,1024,12000,50689,1.1764439477701671e-05,3.668701310743927e-06,0.0009481789651976214,0.0016066356155992568,4,4.25,145.22976756095886
"[128, 128, 128, 128]",25.0,0.00025,1024,15000,50689,3.595705857151188e-05,3.2329944588127546e-06,0.001831029423901079,0.00429704303364975,3,3.875,183.78463101387024
"[128, 128, 128, 128]",30.0,0.00015,256,2000,50689,0.00015529984375461936,6.286948337219656e-05,0.00042851203558147774,0.000823172113820642,4,4.5,24.01248002052307
"[128, 128, 128, 128]",30.0,0.00015,256,3000,50689,5.654253618558869e-05,4.198780516162515e-05,0.0012958727299172872,0.0036539829316072935,3,4.0,36.486600160598755
"[128, 128, 128, 128]",30.0,0.00015,256,5000,50689,3.0912116926629096e-05,2.047582165687345e-05,0.0006347243960875422,0.0017283190777611813,4,4.5,59.75140142440796
"[128, 128, 128, 128]",30.0,0.00015,256,7000,50689,3.455715341260657e-05,1.8767481378745288e-05,0.0013641822803599972,0.002223847117603324,3,3.875,83.84086298942566
"[128, 128, 128, 128]",30.0,0.00015,256,10000,50689,1.8691993318498135e-05,1.2143713320256211e-05,0.001368798663440275,0.0033105242863021352,3,3.875,119.2112500667572
"[128, 128, 128, 128]",30.0,0.00015,256,12000,50689,3.307188308099285e-05,1.366267679259181e-05,0.0017534655796751747,0.003976055860045181,3,3.75,140.74111461639404
"[128, 128, 128, 128]",30.0,0.00015,256,15000,50689,7.557865319540724e-05,1.0462639693287201e-05,0.00411634947022917,0.007586545730170389,3,3.5,178.01840257644653
"[128, 128, 128, 128]",30.0,0.00015,512,2000,50689,4.9266825953964144e-05,4.3192711018491536e-05,0.0009728908680054766,0.0017642902667393782,3,4.0,25.07639980316162
"[128, 128, 128, 128]",30.0,0.00015,512,3000,50689,3.586956154322252e-05,2.330463939870242e-05,0.0005128850793453448,0.0009354556334939805,4,4.375,35.88110589981079
"[128, 128, 128, 128]",30.0,0.00015,512,5000,50689,1.594310197106097e-05,1.282491211895831e-05,0.000417318823495188,0.001558809315133249,4,4.5,61.04058885574341
"[128, 128, 128, 128]",30.0,0.00015,512,7000,50689,4.9555383156985044e-05,8.980929123936221e-06,0.0014356391508824073,0.002736702354223739,3,4.0,84.86270213127136
"[128, 128, 128, 128]",30.0,0.00015,512,10000,50689,9.57689007918816e-06,6.460541044361889e-06,0.0005776858003993663,0.0008505915385056334,4,4.25,120.254154920578
"[128, 128, 128, 128]",30.0,0.00015,512,12000,50689,1.7051081158570014e-05,5.588035492110066e-06,0.0016412449427834434,0.0025333115976399665,3,3.875,145.59207797050476
"[128, 128, 128, 128]",30.0,0.00015,512,15000,50689,8.334654921782203e-06,4.9367531573807355e-06,0.0011611047871204346,0.001837510550238053,3,4.125,175.98449110984802
"[128, 128, 128, 128]",30.0,0.00015,1024,2000,50689,2.8995769753237255e-05,2.645850327098742e-05,0.0009414392884458392,0.0011532884163270066,3,4.0,23.690999507904053
"[128, 128, 128, 128]",30.0,0.00015,1024,3000,50689,2.1092966562719084e-05,1.749343027768191e-05,0.0007734032765372172,0.00130579184817563,3,4.0,37.00072121620178
"[128, 128, 128, 128]",30.0,0.00015,1024,5000,50689,9.850207788986154e-06,8.737214557186235e-06,0.00023926004904856538,0.0004724310930109676,4,4.625,61.54143476486206
"[128, 128, 128, 128]",30.0,0.00015,1024,7000,50689,6.482567187049426e-06,6.143691280158237e-06,0.0011871545647196562,0.0015577250164985834,3,3.875,85.96013450622559
"[128, 128, 128, 128]",30.0,0.00015,1024,10000,50689,8.637385690235533e-06,4.230229023960419e-06,0.0015453460154642613,0.00266184012742514,3,3.875,122.57328271865845
"[128, 128, 128, 128]",30.0,0.00015,1024,12000,50689,1.0203160854871385e-05,4.095237727597123e-06,0.0006099121232383401,0.0014398245752547843,4,4.375,147.97408390045166
"[128, 128, 128, 128]",30.0,0.00015,1024,15000,50689,9.654085260990541e-06,2.5294771148764994e-06,0.0010792478838579762,0.001949848738651399,4,4.125,182.28172087669373
"[128, 128, 128, 128]",30.0,0.0002,256,2000,50689,0.00013302240404300392,5.840910307597369e-05,0.0013229124201077729,0.002273748705470725,3,3.875,24.528774738311768
"[128, 128, 128, 128]",30.0,0.0002,256,3000,50689,6.131864211056381e-05,3.619767085183412e-05,0.001023635001552956,0.002006725646866523,3,4.125,36.324819803237915
"[128, 128, 128, 128]",30.0,0.0002,256,5000,50689,2.6392668587504886e-05,2.0168281480437145e-05,0.0005914563838100694,0.0009722987361350048,4,4.375,60.8373920917511
"[128, 128, 128, 128]",30.0,0.0002,256,7000,50689,3.142052810289897e-05,1.7802694856072776e-05,0.0014985187842368939,0.0024958889734896157,3,4.0,84.91900420188904
"[128, 128, 128, 128]",30.0,0.0002,256,10000,50689,2.7055441023549065e-05,1.1249365343246609e-05,0.0040540945228807745,0.006486593192319047,3,3.375,120.41229438781738
"[128, 128, 128, 128]",30.0,0.0002,256,12000,50689,5.199414590606466e-05,1.5332554539781995e-05,0.0015500419940305094,0.0028218890606145556,3,4.0,142.72243452072144
"[128, 128, 128, 128]",30.0,0.0002,256,15000,50689,0.0003767054877243936,1.4369739801622927e-05,0.012610063265228824,0.02157599700292986,2,3.125,181.69602942466736
"[128, 128, 128, 128]",30.0,0.0002,512,2000,50689,3.821484642685391e-05,3.3618031011428684e-05,0.00021328299840332128,0.000715623543318532,4,4.875,23.36898708343506
"[128, 128, 128, 128]",30.0,0.0002,512,3000,50689,2.924435648310464e-05,1.933393650688231e-05,0.000567568972501765,0.0011003428299197775,4,4.75,34.942447900772095
"[128, 128, 128, 128]",30.0,0.0002,512,5000,50689,1.307489219470881e-05,1.0285817552357912e-05,0.0009377896597091959,0.0016052945523309936,3,4.0,59.227240324020386
"[128, 128, 128, 128]",30.0,0.0002,512,7000,50689,2.4456467144773342e-05,8.070690455497243e-06,0.0014570160015404147,0.00412271968527745,3,4.25,85.1994104385376
"[128, 128, 128, 128]",30.0,0.0002,512,10000,50689,9.868197594187222e-06,7.508000180678209e-06,0.0010196236546769707,0.0023692707759063705,3,4.25,122.0217432975769
"[128, 128, 128, 128]",30.0,0.0002,512,12000,50689,2.4257024051621556e-05,6.2509388953913e-06,0.0012396897399802784,0.003400034826368257,3,4.25,146.37084913253784
"[128, 128, 128, 128]",30.0,0.0002,512,15000,50689,1.1083508979936596e-05,6.136576303106267e-06,0.0027470392497758096,0.004058332124159745,3,3.5,182.60947251319885
"[128, 128, 128, 128]",30.0,0.0002,1024,2000,50689,2.264793511130847e-05,2.1154013666091487e-05,0.00038267770957365433,0.0006393378628080638,4,4.375,23.686439752578735
"[128, 128, 128, 128]",30.0,0.0002,1024,3000,50689,1.5939822333166376e-05,1.4013815416547004e-05,0.000628991645008784,0.001208870442097692,3,4.125,36.3576443195343
"[128, 128, 128, 128]",30.0,0.0002,1024,5000,50689,8.056341357587371e-06,7.30770352674881e-06,0.0008937948372773752,0.0013633611126234696,3,4.0,60.48392629623413
"[128, 128, 128, 128]",30.0,0.0002,1024,7000,50689,5.654364031215664e-06,5.132906608196208e-06,0.0010152938578267244,0.0018832091855829458,3,3.875,86.06995701789856
"[128, 128, 128, 128]",30.0,0.0002,1024,10000,50689,6.3514335124637e-06,3.973721504735295e-06,0.0006530393394803581,0.0017398974512905791,4,4.25,119.86265540122986
"[128, 128, 128, 128]",30.0,0.0002,1024,12000,50689,4.080617509316653e-05,4.317234925110824e-06,0.0047306213842223015,0.00640716416693443,3,3.25,144.9168565273285
"[128, 128, 128, 128]",30.0,0.0002,1024,15000,50689,1.7346352251479402e-05,2.9831107895006426e-06,0.004006568698033525,0.005677842203527138,3,3.375,178.56456542015076
"[128, 128, 128, 128]",30.0,0.00025,256,2000,50689,0.00013810554810333997,5.489414252224378e-05,0.003422180009442397,0.004001532823172661,3,3.375,23.725488424301147
"[128, 128, 128, 128]",30.0,0.00025,256,3000,50689,5.7974797528004274e-05,3.267504143877886e-05,0.0030548928237313167,0.004398427731281692,3,3.5,36.0247483253479
"[128, 128, 128, 128]",30.0,0.00025,256,5000,50689,3.0258224796853028e-05,1.9988772692158818e-05,0.000918327496357695,0.0023584630978358556,4,4.375,59.590779066085815
"[128, 128, 128, 128]",30.0,0.00025,256,7000,50689,2.3948845409904607e-05,1.7812886653700843e-05,0.0014072395662493378,0.002664281807189745,3,3.75,81.9280800819397
"[128, 128, 128, 128]",30.0,0.00025,256,10000,50689,4.2009822209365666e-05,1.2293563486309722e-05,0.0031589845013520203,0.006552446384272588,3,3.625,118.07559418678284
"[128, 128, 128, 128]",30.0,0.00025,256,12000,50689,5.377146590035409e-05,1.6437141312053427e-05,0.004304770993185661,0.0060055785756404625,3,3.375,144.3189980983734
"[128, 128, 128, 128]",30.0,0.00025,256,15000,50689,0.0003225834807381034,1.387416159559507e-05,0.012098466840065306,0.02378992121507162,2,3.125,180.90006017684937
"[128, 128, 128, 128]",30.0,0.00025,512,2000,50689,3.332152118673548e-05,3.0748189601581544e-05,0.0005350780077131312,0.0010427528499288782,4,4.5,23.65808653831482
"[128, 128, 128, 128]",30.0,0.00025,512,3000,50689,2.3851560399634764e-05,1.6512156435055658e-05,0.00048814846538481585,0.0010323596881473846,3,4.375,35.97803521156311
"[128, 128, 128, 128]",30.0,0.00025,512,5000,50689,1.302090549870627e-05,1.0279336493113078e-05,0.0005424693203446955,0.0015060740175297704,4,4.25,59.546987771987915
"[128, 128, 128, 128]",30.0,0.00025,512,7000,50689,1.487367171648657e-05,7.696270586166065e-06,0.0014371753026230913,0.00300232970704396,3,4.0,84.54358911514282
"[128, 128, 128, 128]",30.0,0.00025,512,10000,50689,1.143509871326387e-05,8.742723366594873e-06,0.0018010115249487732,0.004007768302932306,3,3.875,122.25527000427246
"[128, 128, 128, 128]",30.0,0.00025,512,12000,50689,5.415199848357588e-05,7.3014971349039115e-06,0.0018270273717257421,0.004055574904049497,3,4.0,147.50514674186707
"[128, 128, 128, 128]",30.0,0.00025,512,15000,50689,1.4864415788906626e-05,6.328794370347168e-06,0.002592066742078321,0.004763515001585965,3,3.5,178.08191537857056
"[128, 128, 128, 128]",30.0,0.00025,1024,2000,50689,2.023610613832716e-05,1.8637052562553436e-05,0.0002135893169544945,0.0005801015320561212,4,4.625,24.60910654067993
"[128, 128, 128, 128]",30.0,0.00025,1024,3000,50689,1.4041168469702825e-05,1.2177075404906645e-05,0.00047498471834769526,0.0009462175543702798,4,4.5,36.827338218688965
"[128, 128, 128, 128]",30.0,0.00025,1024,5000,50689,7.212331183836795e-06,6.428199867514195e-06,0.0005309969591441978,0.0011499268260489143,4,4.25,60.401936054229736
"[128, 128, 128, 128]",30.0,0.00025,1024,7000,50689,5.724920811189804e-06,4.740303211292485e-06,0.0014502534356304335,0.00229742227277548,3,3.875,86.08871030807495
"[128, 128, 128, 128]",30.0,0.00025,1024,10000,50689,2.4691857106518e-05,3.6188480407872703e-06,0.002933092098391807,0.005024551411576731,3,3.5,120.77459645271301
"[128, 128, 128, 128]",30.0,0.00025,1024,12000,50689,1.8187558453064412e-05,3.822167855105363e-06,0.0014067747771858495,0.003269462134907653,3,4.0,144.19862961769104
"[128, 128, 128, 128]",30.0,0.00025,1024,15000,50689,2.907384441641625e-05,3.482936790533131e-06,0.003366110851199364,0.009704600686215313,3,3.75,180.335955619812
"[128, 128, 128, 128]",35.0,0.00015,256,2000,50689,0.0001240276324097067,5.6539436627645046e-05,0.00042792529988043744,0.001057564772846465,4,4.5,24.13026261329651
"[128, 128, 128, 128]",35.0,0.00015,256,3000,50689,5.394895197241567e-05,3.530519097694196e-05,0.0012000352065614118,0.0038723334659132255,3,4.25,36.133156061172485
"[128, 128, 128, 128]",35.0,0.00015,256,5000,50689,2.5300429115304723e-05,2.01340935745975e-05,0.0008076133456983765,0.001460083926380839,3,4.25,60.36524534225464
"[128, 128, 128, 128]",35.0,0.00015,256,7000,50689,3.722134351846762e-05,1.6900063201319426e-05,0.0023560756716572316,0.004071281152906676,3,3.75,84.06428098678589
"[128, 128, 128, 128]",35.0,0.00015,256,10000,50689,4.070411159773357e-05,1.3858050806447864e-05,0.004306972334068295,0.005413418714992755,3,3.25,120.46706891059875
"[128, 128, 128, 128]",35.0,0.00015,256,12000,50689,2.8929865948157385e-05,1.409561991749797e-05,0.0014235786355803722,0.0032569860444014815,3,4.0,147.0285713672638
"[128, 128, 128, 128]",35.0,0.00015,256,15000,50689,0.0003162047651130706,1.309389881498646e-05,0.008541698664901136,0.013409399147544378,3,3.5,178.85767674446106
"[128, 128, 128, 128]",35.0,0.00015,512,2000,50689,4.23708297603298e-05,3.641996954684146e-05,0.0005488739651332967,0.0010125465436747517,4,4.375,24.30968928337097
"[128, 128, 128, 128]",35.0,0.00015,512,3000,50689,3.213064337614924e-05,2.0768486137967557e-05,0.0003736802526525411,0.0008485293330620198,4,4.875,36.70924997329712
"[128, 128, 128, 128]",35.0,0.00015,512,5000,50689,1.3829099771101028e-05,1.1757434549508616e-05,0.00048526854377578944,0.0011092439677495946,4,4.375,60.2412223815918
"[128, 128, 128, 128]",35.0,0.00015,512,7000,50689,3.712083343998529e-05,7.81129529059399e-06,0.0010566419067494684,0.0022239557314872476,3,4.125,83.6000964641571
"[128, 128, 128, 128]",35.0,0.00015,512,10000,50689,1.2924874681630172e-05,8.077275197138079e-06,0.0006381792026228321,0.0013995408362689969,4,4.25,122.77988505363464
"[128, 128, 128, 128]",35.0,0.00015,512,12000,50689,1.0529257451707963e-05,6.576599844265729e-06,0.00047599194667399683,0.001322731574623472,3,4.625,144.86300706863403
"[128, 128, 128, 128]",35.0,0.00015,512,15000,50689,1.0258769179927185e-05,5.343229986465303e-06,0.0009957557419616773,0.001610214689679869,3,4.125,180.90803384780884
"[128, 128, 128, 128]",35.0,0.00015,1024,2000,50689,2.7056317776441574e-05,2.50374578172341e-05,0.0001963296856335428,0.0005242311009169366,4,4.75,24.091987133026123
"[128, 128, 128, 128]",35.0,0.00015,1024,3000,50689,1.6655494619044475e-05,1.5316783901653253e-05,0.0004282692230322269,0.0007032579859345416,4,4.25,35.54592251777649
"[128, 128, 128, 128]",35.0,0.00015,1024,5000,50689,9.652547305449843e-06,8.26273753773421e-06,0.000520825231201234,0.0010927323839004508,4,4.25,59.35377597808838
"[128, 128, 128, 128]",35.0,0.00015,1024,7000,50689,7.627699233125895e-06,5.665513526764698e-06,0.0011822375397875214,0.0016007307980945554,3,3.875,84.80551171302795
"[128, 128, 128, 128]",35.0,0.00015,1024,10000,50689,6.738586762367049e-06,4.499817805481143e-06,0.0009637590387609439,0.001437359432172448,4,4.25,123.3444173336029
"[128, 128, 128, 128]",35.0,0.00015,1024,12000,50689,1.751121635606978e-05,3.707725454660249e-06,0.004483488717767466,0.0050336084910447025,3,3.25,148.28275561332703
"[128, 128, 128, 128]",35.0,0.00015,1024,15000,50689,1.0773446774692275e-05,3.2587086025159806e-06,0.0009511115377819416,0.0016694821749544326,3,3.875,184.94308996200562
"[128, 128, 128, 128]",35.0,0.0002,256,2000,50689,9.991307160817087e-05,5.3280204156180844e-05,0.0018391664120333579,0.003056809260803503,3,4.0,24.077085971832275
"[128, 128, 128, 128]",35.0,0.0002,256,3000,50689,5.233825140749104e-05,3.260330413468182e-05,0.0011147914438549484,0.0036834117998201165,3,4.125,36.19024467468262
"[128, 128, 128, 128]",35.0,0.0002,256,5000,50689,2.5341218133689836e-05,1.940228685270995e-05,0.000779770511455063,0.0019955437114436867,4,4.25,58.98676514625549
"[128, 128, 128, 128]",35.0,0.0002,256,7000,50689,3.0232788049033843e-05,1.7561655113240704e-05,0.001328346712227014,0.0025800912517560896,3,4.25,83.12303304672241
"[128, 128, 128, 128]",35.0,0.0002,256,10000,50689,2.6737750886240974e-05,1.5426943718921393e-05,0.0034324152836519278,0.0053886827788475295,3,3.375,120.85845708847046
"[128, 128, 128, 128]",35.0,0.0002,256,12000,50689,4.6075030695647e-05,1.5083359357959125e-05,0.002430700208212597,0.004117057902947872,3,3.625,145.8443489074707
"[128, 128, 128, 128]",35.0,0.0002,256,15000,50689,0.0008532518986612558,1.4942585039534606e-05,0.0088151298952719,0.022909666618070396,2,3.125,180.2470829486847
"[128, 128, 128, 128]",35.0,0.0002,512,2000,50689,3.782103885896504e-05,3.270561865065247e-05,0.0004955535888093006,0.0010808950538459662,3,4.375,24.275530338287354
"[128, 128, 128, 128]",35.0,0.0002,512,3000,50689,2.5591496523702517e-05,1.678061016718857e-05,0.0005729583730543383,0.0009206618884429532,4,4.375,36.2490348815918
"[128, 128, 128, 128]",35.0,0.0002,512,5000,50689,1.0911455319728702e-05,1.0351859600632451e-05,0.00037661402694182924,0.0005830647912845993,4,4.375,59.19150900840759
"[128, 128, 128, 128]",35.0,0.0002,512,7000,50689,4.912943040835671e-05,8.542212526663207e-06,0.0019297842533193728,0.003625065740973262,3,3.875,83.34985828399658
"[128, 128, 128, 128]",35.0,0.0002,512,10000,50689,1.1019737939932384e-05,7.468013791367412e-06,0.0008414621664348163,0.0022428288515833165,3,4.375,121.02297782897949
"[128, 128, 128, 128]",35.0,0.0002,512,12000,50689,5.0971913879038766e-05,7.15552505425876e-06,0.002174692082684246,0.0038653833185262596,3,3.625,146.83886909484863
"[128, 128, 128, 128]",35.0,0.0002,512,15000,50689,9.097559086512774e-06,7.028074833215214e-06,0.0015168179013007371,0.003517721540057169,3,3.875,185.01864767074585
"[128, 128, 128, 128]",35.0,0.0002,1024,2000,50689,2.1267234842525795e-05,2.037479862337932e-05,0.0004551696343006934,0.0012073503248394729,4,4.5,24.35561966896057
"[128, 128, 128, 128]",35.0,0.0002,1024,3000,50689,1.287000941374572e-05,1.172785232483875e-05,0.00042452930107803646,0.0006639071370364172,4,4.375,37.03599309921265
"[128, 128, 128, 128]",35.0,0.0002,1024,5000,50689,7.74951149651315e-06,6.39486825093627e-06,0.00043733095061627525,0.0008379503224551463,4,4.5,61.03180456161499
"[128, 128, 128, 128]",35.0,0.0002,1024,7000,50689,5.729620170313865e-06,4.371877366793342e-06,0.0011044622801301691,0.0013815465112059623,3,4.125,85.01527810096741
"[128, 128, 128, 128]",35.0,0.0002,1024,10000,50689,1.9360071746632457e-05,3.7645049815182574e-06,0.0007981356332529788,0.0015228029155654199,4,4.5,122.84171295166016
"[128, 128, 128, 128]",35.0,0.0002,1024,12000,50689,6.629864401475061e-06,2.8607955755433068e-06,0.0013309983588301094,0.001879778977487458,3,3.875,145.86117219924927
"[128, 128, 128, 128]",35.0,0.0002,1024,15000,50689,1.1968082617386244e-05,2.720728843996767e-06,0.0017012125108975243,0.0026797267292799783,3,3.875,181.216570854187
"[128, 128, 128, 128]",35.0,0.00025,256,2000,50689,0.00010066698450827971,5.194362165639177e-05,0.004313393916968367,0.006012524664442289,3,3.375,24.304625749588013
"[128, 128, 128, 128]",35.0,0.00025,256,3000,50689,5.522392166312784e-05,3.337929956614971e-05,0.003086530314862906,0.006292297635220004,3,3.5,36.82636594772339
"[128, 128, 128, 128]",35.0,0.00025,256,5000,50689,3.077889050473459e-05,1.9613786207628436e-05,0.0008360519696486063,0.0026827052971479725,4,4.375,59.328709840774536
"[128, 128, 128, 128]",35.0,0.00025,256,7000,50689,3.1273015338229015e-05,1.8121703760698438e-05,0.001587121193701887,0.0028187009209953316,3,4.0,82.26379537582397
"[128, 128, 128, 128]",35.0,0.00025,256,10000,50689,5.42866691830568e-05,1.4556053429259919e-05,0.0013497967655348244,0.004908029553911156,3,4.125,121.3179543018341
"[128, 128, 128, 128]",35.0,0.00025,256,12000,50689,3.190676943631843e-05,1.7907017536344938e-05,0.002255164435398161,0.0038010045752189777,3,3.75,144.83790254592896
"[128, 128, 128, 128]",35.0,0.00025,256,15000,50689,4.9313097406411543e-05,1.8554917915025726e-05,0.0036558162505345823,0.005518698448402619,3,3.5,176.3238661289215
"[128, 128, 128, 128]",35.0,0.00025,512,2000,50689,3.191217183484696e-05,2.973530354211107e-05,0.0005573931433621697,0.0013072613751813342,4,4.25,23.76158618927002
"[128, 128, 128, 128]",35.0,0.00025,512,3000,50689,2.5113113224506378e-05,1.622012678126339e-05,0.0007937768184165752,0.0013150523941115272,4,4.375,35.90186786651611
"[128, 128, 128, 128]",35.0,0.00025,512,5000,50689,1.190349485113984e-05,1.0173178452532738e-05,0.00028855321726988707,0.0007148277191075069,4,5.0,60.93995189666748
"[128, 128, 128, 128]",35.0,0.00025,512,7000,50689,3.6707340768771246e-05,8.308059477712959e-06,0.002505765326079962,0.005668847714389647,3,3.875,85.54532432556152
"[128, 128, 128, 128]",35.0,0.00025,512,10000,50689,1.132708894147072e-05,9.45597275858745e-06,0.0009113848522961898,0.0018620443143323503,3,4.25,121.21157360076904
"[128, 128, 128, 128]",35.0,0.00025,512,12000,50689,2.7348218281986192e-05,8.734787115827203e-06,0.0016455908764094016,0.0024170957428194776,3,4.0,145.23960375785828
"[128, 128, 128, 128]",35.0,0.00025,512,15000,50689,1.2773556591127999e-05,7.778611688991077e-06,0.0019273564313910766,0.0028998014666667634,3,3.75,178.65790796279907
"[128, 128, 128, 128]",35.0,0.00025,1024,2000,50689,1.783875995897688e-05,1.7580630810698494e-05,0.00028700360367996054,0.0007945127532019464,4,4.75,24.23392081260681
"[128, 128, 128, 128]",35.0,0.00025,1024,3000,50689,1.1357502444298007e-05,9.755449354997836e-06,0.0003617357147895643,0.0008745864496151461,4,4.75,35.62860941886902
"[128, 128, 128, 128]",35.0,0.00025,1024,5000,50689,7.0867681642994285e-06,5.7382212617085315e-06,0.001299253032213268,0.0016539806269130104,3,3.75,59.15768122673035
"[128, 128, 128, 128]",35.0,0.00025,1024,7000,50689,9.660539035394322e-06,4.737625204143114e-06,0.0006890202205873303,0.0014098488417240594,3,4.125,82.9818685054779
"[128, 128, 128, 128]",35.0,0.00025,1024,10000,50689,1.9509156118147075e-05,3.9299884520005435e-06,0.0016470588377758162,0.0035592147718701895,3,3.875,120.27840423583984
"[128, 128, 128, 128]",35.0,0.00025,1024,12000,50689,1.3391514585237019e-05,3.058612492168322e-06,0.0007705470799233453,0.001597015550436844,4,4.375,145.08657431602478
"[128, 128, 128, 128]",35.0,0.00025,1024,15000,50689,4.697816621046513e-05,3.2571510928391945e-06,0.0019243712292745863,0.0045420002495362025,3,3.875,179.24469757080078
"[160, 160, 160, 160]",25.0,0.00015,256,2000,78721,5.842616155860014e-05,4.474761226447299e-05,0.0021125039221516315,0.0031340735089688144,3,3.75,23.638057708740234
"[160, 160, 160, 160]",25.0,0.00015,256,3000,78721,5.832276656292379e-05,3.0123590477160178e-05,0.0005702060356304468,0.0015056735152615434,3,4.375,35.04867744445801
"[160, 160, 160, 160]",25.0,0.00015,256,5000,78721,2.4910881620598957e-05,1.763331238180399e-05,0.00043733207235310383,0.0008002161643063796,4,4.5,59.271963596343994
"[160, 160, 160, 160]",25.0,0.00015,256,7000,78721,2.174059409298934e-05,1.3741298971581273e-05,0.0009772628439551664,0.0016142507747261628,4,4.0,82.8511757850647
"[160, 160, 160, 160]",25.0,0.00015,256,10000,78721,5.926525773247704e-05,1.1411981176934205e-05,0.0016132080653780813,0.003275072363089569,3,3.75,118.23950481414795
"[160, 160, 160, 160]",25.0,0.00015,256,12000,78721,3.214782918803394e-05,1.0331830708310008e-05,0.0013047951069373835,0.003909272682368213,3,4.0,144.67264199256897
"[160, 160, 160, 160]",25.0,0.00015,256,15000,78721,2.8837772333645262e-05,9.734377272252459e-06,0.0013446099613591762,0.002741326869791321,4,4.25,174.8109531402588
"[160, 160, 160, 160]",25.0,0.00015,512,2000,78721,4.4961649109609425e-05,2.9962971893837675e-05,0.000539012147199117,0.0010890147213992285,3,4.25,23.31728172302246
"[160, 160, 160, 160]",25.0,0.00015,512,3000,78721,2.1557243599090725e-05,1.6893887732294388e-05,0.00048390782245517655,0.000920133646823978,4,4.375,36.466954469680786
"[160, 160, 160, 160]",25.0,0.00015,512,5000,78721,1.1423893738538027e-05,9.721160495246295e-06,0.00034975749716636344,0.0006506845630015522,4,4.75,59.79783368110657
"[160, 160, 160, 160]",25.0,0.00015,512,7000,78721,1.2567244993988425e-05,6.778337592550088e-06,0.0008349398431596015,0.002359523575352749,3,4.25,84.88947081565857
"[160, 160, 160, 160]",25.0,0.00015,512,10000,78721,9.5740379038034e-06,5.691672868124442e-06,0.0011996480106228795,0.0022948202934918705,3,3.875,123.01608800888062
"[160, 160, 160, 160]",25.0,0.00015,512,12000,78721,1.3782294445263688e-05,4.464451649255352e-06,0.0014005907595826394,0.003229362613148805,3,4.0,146.07946372032166
"[160, 160, 160, 160]",25.0,0.00015,512,15000,78721,7.438027751049958e-06,4.651760718843434e-06,0.0023733703291711566,0.003951287505390969,3,3.625,183.05704808235168
"[160, 160, 160, 160]",25.0,0.00015,1024,2000,78721,2.3782849893905222e-05,2.058647442026995e-05,0.0004649991446322575,0.001328342609477996,4,4.75,24.276937246322632
"[160, 160, 160, 160]",25.0,0.00015,1024,3000,78721,1.5367577361757867e-05,1.2661592336371541e-05,0.0004489247034684732,0.0008381731262573694,4,4.625,36.11591815948486
"[160, 160, 160, 160]",25.0,0.00015,1024,5000,78721,8.637836799607612e-06,6.06894536758773e-06,0.0008561725266602499,0.001281098043565787,4,4.25,60.57109332084656
"[160, 160, 160, 160]",25.0,0.00015,1024,7000,78721,7.292223017429933e-06,4.7936791816027835e-06,0.000542549785490355,0.0009803857780029917,4,4.375,84.81935691833496
"[160, 160, 160, 160]",25.0,0.00015,1024,10000,78721,1.5828281902940944e-05,3.7586419239232782e-06,0.000457580319260955,0.0008744758708964208,4,4.5,120.55481553077698
"[160, 160, 160, 160]",25.0,0.00015,1024,12000,78721,3.906980964529794e-06,2.638852492964361e-06,0.00037234875575871824,0.0007365496408446618,4,4.5,141.7119414806366
"[160, 160, 160, 160]",25.0,0.00015,1024,15000,78721,1.1940400327148382e-05,2.4635194222355494e-06,0.00121216577775936,0.002856816836608904,3,4.125,178.44828915596008
"[160, 160, 160, 160]",25.0,0.0002,256,2000,78721,6.497735739685595e-05,4.030756826978177e-05,0.0033185336131996935,0.00456332651892197,3,3.5,23.91800856590271
"[160, 160, 160, 160]",25.0,0.0002,256,3000,78721,5.709079414373264e-05,2.6328143576392904e-05,0.0009914218293369723,0.002055445533738116,3,4.0,36.04525375366211
"[160, 160, 160, 160]",25.0,0.0002,256,5000,78721,2.3702978069195524e-05,1.5129991879803129e-05,0.0017247341488040905,0.0031011787646531195,3,3.625,59.453083753585815
"[160, 160, 160, 160]",25.0,0.0002,256,7000,78721,2.1097916032886133e-05,1.3559108083427418e-05,0.001320459359690656,0.003249873084416144,3,4.125,84.38961148262024
"[160, 160, 160, 160]",25.0,0.0002,256,10000,78721,8.952162170317024e-05,1.4099362488195766e-05,0.0037327087345307187,0.005949645040960592,3,3.375,119.16643977165222
"[160, 160, 160, 160]",25.0,0.0002,256,12000,78721,2.9591315978905186e-05,1.4084247595747001e-05,0.001767791139530681,0.003869409568588329,3,3.75,143.91800570487976
"[160, 160, 160, 160]",25.0,0.0002,256,15000,78721,7.905314851086587e-05,1.3251710697659291e-05,0.002097785955766272,0.007765073093062939,3,3.875,180.331561088562
"[160, 160, 160, 160]",25.0,0.0002,512,2000,78721,4.018533218186349e-05,2.627332833071705e-05,0.0006824025554316431,0.0011583473849995727,3,4.25,23.602126598358154
"[160, 160, 160, 160]",25.0,0.0002,512,3000,78721,1.9296887330710888e-05,1.4971228665672243e-05,0.00044157529055124993,0.0009959949647730156,4,4.5,35.870567083358765
"[160, 160, 160, 160]",25.0,0.0002,512,5000,78721,9.160671652352903e-06,8.279283065348864e-06,0.0005189629006373531,0.0014097857389793775,4,4.25,61.9097740650177
"[160, 160, 160, 160]",25.0,0.0002,512,7000,78721,7.317005383811193e-06,5.9736416915256996e-06,0.0008090539401387479,0.0017442345367954027,4,4.125,87.37050437927246
"[160, 160, 160, 160]",25.0,0.0002,512,10000,78721,1.131423323386116e-05,5.392309049057076e-06,0.00073277804035438,0.0012362571669239204,4,4.375,121.13845562934875
"[160, 160, 160, 160]",25.0,0.0002,512,12000,78721,1.6016410882002674e-05,4.86649105368997e-06,0.0010548093464764852,0.0023092044587522858,4,4.125,144.46851110458374
"[160, 160, 160, 160]",25.0,0.0002,512,15000,78721,1.7370843124808744e-05,4.920779247186147e-06,0.005991455943080615,0.006887071540709489,3,3.25,181.84254145622253
"[160, 160, 160, 160]",25.0,0.0002,1024,2000,78721,1.9541505025699735e-05,1.670615529292263e-05,0.00042896700947032387,0.0009062484514173574,4,4.625,23.994374752044678
"[160, 160, 160, 160]",25.0,0.0002,1024,3000,78721,1.323719243373489e-05,1.0552286767051555e-05,0.0005566977458645173,0.00102475833527159,4,4.5,35.85367178916931
"[160, 160, 160, 160]",25.0,0.0002,1024,5000,78721,8.375498509849422e-06,5.658352165482938e-06,0.0012364771517199137,0.0016137032527677561,3,3.875,60.2438759803772
"[160, 160, 160, 160]",25.0,0.0002,1024,7000,78721,6.175823727971874e-06,4.239171630615601e-06,0.0006578437816085879,0.0016692983173405259,4,4.25,84.712149143219
"[160, 160, 160, 160]",25.0,0.0002,1024,10000,78721,7.496307262044866e-06,3.133267910016002e-06,0.000490362771450487,0.0009315244075293108,4,4.375,121.47203230857849
"[160, 160, 160, 160]",25.0,0.0002,1024,12000,78721,4.6727827793802135e-06,3.0723474537808215e-06,0.00041316221251454807,0.0008460556003901936,4,4.5,145.60517382621765
"[160, 160, 160, 160]",25.0,0.0002,1024,15000,78721,7.316019946301822e-06,2.7473179216030985e-06,0.0016253424908616195,0.0028134538451523436,3,3.75,182.17525720596313
"[160, 160, 160, 160]",25.0,0.00025,256,2000,78721,5.859698649146594e-05,4.1124621930066496e-05,0.0010503162699767522,0.0024488485538479926,3,4.25,24.35052800178528
"[160, 160, 160, 160]",25.0,0.00025,256,3000,78721,5.547422915697098e-05,2.7691945433616638e-05,0.0011015763167539546,0.0029256462238952,3,4.375,36.234907388687134
"[160, 160, 160, 160]",25.0,0.00025,256,5000,78721,2.042594314843882e-05,1.6965190297923982e-05,0.0008128999381377379,0.0019134811087081589,4,4.375,60.481319189071655
"[160, 160, 160, 160]",25.0,0.00025,256,7000,78721,2.942006722150836e-05,1.4816238035564311e-05,0.0013512069070167403,0.003230904752784476,3,4.125,84.76651573181152
"[160, 160, 160, 160]",25.0,0.00025,256,10000,78721,8.310757402796298e-05,1.7771370039554313e-05,0.002299260328808804,0.004760734928558438,3,3.75,120.7864191532135
"[160, 160, 160, 160]",25.0,0.00025,256,12000,78721,4.2626368667697534e-05,1.4959176041884348e-05,0.0023984600692230065,0.004866768854130068,3,3.75,143.4844264984131
"[160, 160, 160, 160]",25.0,0.00025,256,15000,78721,5.98100850766059e-05,1.7513792045065202e-05,0.002399085756544521,0.007806429079670387,3,3.75,177.53133010864258
"[160, 160, 160, 160]",25.0,0.00025,512,2000,78721,3.608401311794296e-05,2.339011371077504e-05,0.0007976906730849644,0.0014022169629137444,3,4.25,23.359593391418457
"[160, 160, 160, 160]",25.0,0.00025,512,3000,78721,1.909296952362638e-05,1.3542059605242684e-05,0.0005587883208288036,0.0017501166578654127,4,4.625,35.41271901130676
"[160, 160, 160, 160]",25.0,0.00025,512,5000,78721,9.120843969867565e-06,7.878750693635084e-06,0.0009889185548769216,0.001974555995671098,4,4.0,60.26272654533386
"[160, 160, 160, 160]",25.0,0.00025,512,7000,78721,7.83791438152548e-06,6.231421139091253e-06,0.0015727591758661304,0.002991090633637219,3,3.875,85.99457335472107
"[160, 160, 160, 160]",25.0,0.00025,512,10000,78721,1.6667912859702483e-05,6.264369403652381e-06,0.002951925663483446,0.0036630779461714197,3,3.5,121.417973279953
"[160, 160, 160, 160]",25.0,0.00025,512,12000,78721,2.0357681933091953e-05,5.533570401894394e-06,0.0013576755671403254,0.002697560251765626,3,4.125,143.1654350757599
"[160, 160, 160, 160]",25.0,0.00025,512,15000,78721,1.3927034160587937e-05,8.448738299193792e-06,0.004085612306147363,0.006471879768483569,3,3.25,182.1518199443817
"[160, 160, 160, 160]",25.0,0.00025,1024,2000,78721,1.633827923797071e-05,1.4380440916283987e-05,0.00036370562428865135,0.0008884295503745226,4,4.625,24.429826498031616
"[160, 160, 160, 160]",25.0,0.00025,1024,3000,78721,1.0638033927534707e-05,8.61962962517282e-06,0.0004020964625895174,0.0009184739310454041,4,4.625,36.81846904754639
"[160, 160, 160, 160]",25.0,0.00025,1024,5000,78721,6.2690623963135295e-06,4.852185611525783e-06,0.0009216081167739038,0.001600094562538652,4,4.25,60.3476665019989
"[160, 160, 160, 160]",25.0,0.00025,1024,7000,78721,6.215826033439953e-06,3.4415957088640425e-06,0.0009104997756204998,0.002018990821502024,4,4.125,85.27109408378601
"[160, 160, 160, 160]",25.0,0.00025,1024,10000,78721,6.6879424593935255e-06,2.9166876629460603e-06,0.002309947322488614,0.0036340581311039848,3,3.625,119.55350875854492
"[160, 160, 160, 160]",25.0,0.00025,1024,12000,78721,4.332850494392915e-06,2.5103922780544963e-06,0.001400854804052603,0.00189655906162439,3,4.0,141.2027804851532
"[160, 160, 160, 160]",25.0,0.00025,1024,15000,78721,3.0409792088903487e-06,2.509688329155324e-06,0.0006815403979824897,0.0014972589922989223,4,4.5,178.59342432022095
"[160, 160, 160, 160]",30.0,0.00015,256,2000,78721,5.829602014273405e-05,4.54573892056942e-05,0.002439807198680024,0.0034623489268783693,3,3.5,23.670809507369995
"[160, 160, 160, 160]",30.0,0.00015,256,3000,78721,5.860933742951602e-05,2.7870439225807786e-05,0.000570435311742216,0.0012565338543869943,4,4.375,35.32669115066528
"[160, 160, 160, 160]",30.0,0.00015,256,5000,78721,1.936975786520634e-05,1.6073456208687276e-05,0.0005027424675496492,0.0008783095875232644,4,4.5,58.224506855010986
"[160, 160, 160, 160]",30.0,0.00015,256,7000,78721,2.4962399038486183e-05,1.2363743735477328e-05,0.0009777109917582655,0.0023225859301595608,3,4.25,83.27575373649597
"[160, 160, 160, 160]",30.0,0.00015,256,10000,78721,2.223906085419003e-05,1.195616368931951e-05,0.0008321099478232199,0.0020476880756076874,3,4.25,121.04155659675598
"[160, 160, 160, 160]",30.0,0.00015,256,12000,78721,3.1850293453317136e-05,1.0329089491278864e-05,0.0014739499691152507,0.00243497769217994,3,4.0,144.68243217468262
"[160, 160, 160, 160]",30.0,0.00015,256,15000,78721,2.685291474335827e-05,1.4081421795708593e-05,0.0006608223002901761,0.0012157506507522546,4,4.25,179.18809843063354
"[160, 160, 160, 160]",30.0,0.00015,512,2000,78721,4.452426583156921e-05,2.9301476388354786e-05,0.0013394857892388824,0.002186077807265417,3,4.0,23.33659338951111
"[160, 160, 160, 160]",30.0,0.00015,512,3000,78721,2.040092476818245e-05,1.7120870325015858e-05,0.00038339557582140805,0.000544103129041273,4,4.5,35.67705225944519
"[160, 160, 160, 160]",30.0,0.00015,512,5000,78721,1.0868933713936713e-05,9.130676517088432e-06,0.00053482065732455,0.000900752967431396,4,4.375,61.05417990684509
"[160, 160, 160, 160]",30.0,0.00015,512,7000,78721,1.3771194062428549e-05,7.416445441776887e-06,0.0008059375377860648,0.0010992520468745296,3,4.125,84.9701828956604
"[160, 160, 160, 160]",30.0,0.00015,512,10000,78721,8.434128176304512e-06,6.1415930758812465e-06,0.0008926132244944137,0.001739823962138996,4,4.375,118.58563113212585
"[160, 160, 160, 160]",30.0,0.00015,512,12000,78721,1.1648560757748783e-05,4.992798494640738e-06,0.002470122405670158,0.0034823328737200337,3,3.625,143.64802360534668
"[160, 160, 160, 160]",30.0,0.00015,512,15000,78721,1.078014429367613e-05,5.295334631227888e-06,0.003324892761879001,0.004760376851357913,3,3.375,179.83011770248413
"[160, 160, 160, 160]",30.0,0.00015,1024,2000,78721,2.2527579858433455e-05,1.906236502691172e-05,0.00035434537640468986,0.0009459160555898956,4,4.875,24.338262796401978
"[160, 160, 160, 160]",30.0,0.00015,1024,3000,78721,1.2942304238094948e-05,1.0816756912390701e-05,0.0002924088979484195,0.0005282590792217723,4,4.625,35.83689832687378
"[160, 160, 160, 160]",30.0,0.00015,1024,5000,78721,7.014145921857562e-06,6.048677278158721e-06,0.0005177524332493429,0.0008032155807156173,4,4.25,59.760024309158325
"[160, 160, 160, 160]",30.0,0.00015,1024,7000,78721,9.010867870529182e-06,4.404304036143003e-06,0.0013586966671341007,0.0018096732187831942,3,3.75,84.6619644165039
"[160, 160, 160, 160]",30.0,0.00015,1024,10000,78721,6.0886217397637665e-05,3.3537442050146637e-06,0.004192420570169406,0.005194716294653566,3,3.25,122.00967121124268
"[160, 160, 160, 160]",30.0,0.00015,1024,12000,78721,6.752677109034266e-06,2.641071205289336e-06,0.002893231731626811,0.0037954461491193094,3,3.375,144.02423334121704
"[160, 160, 160, 160]",30.0,0.00015,1024,15000,78721,1.430984411854297e-05,2.2718550098943524e-06,0.0006161144681549978,0.0013356439959882783,4,4.125,180.41513299942017
"[160, 160, 160, 160]",30.0,0.0002,256,2000,78721,5.706120282411575e-05,4.377521327114664e-05,0.0010063798156892364,0.001859964184032591,3,4.0,23.474879026412964
"[160, 160, 160, 160]",30.0,0.0002,256,3000,78721,6.995743024162948e-05,2.788697929645423e-05,0.0023988334399193795,0.004912104088445818,3,3.5,35.82894039154053
"[160, 160, 160, 160]",30.0,0.0002,256,5000,78721,1.9338833226356655e-05,1.500090365880169e-05,0.0010367284289988289,0.0013474522951434063,3,3.875,60.58465027809143
"[160, 160, 160, 160]",30.0,0.0002,256,7000,78721,3.131747507723048e-05,1.4158935300656594e-05,0.003172643918274788,0.005472407707689895,3,3.5,83.66868734359741
"[160, 160, 160, 160]",30.0,0.0002,256,10000,78721,4.45917175966315e-05,1.5570742107229307e-05,0.001299826861174655,0.002338887712014409,3,3.875,120.11612200737
"[160, 160, 160, 160]",30.0,0.0002,256,12000,78721,2.799517460516654e-05,1.0830161045305431e-05,0.0011247185733121053,0.0028788829536879174,3,4.0,145.54938793182373
"[160, 160, 160, 160]",30.0,0.0002,256,15000,78721,3.363268479006365e-05,1.6894900909392163e-05,0.001106369321028328,0.0019942730129680983,4,4.25,180.22356629371643
"[160, 160, 160, 160]",30.0,0.0002,512,2000,78721,3.923399344785139e-05,2.4026710889302194e-05,0.000784195130818607,0.001269455770692927,4,4.25,23.82585859298706
"[160, 160, 160, 160]",30.0,0.0002,512,3000,78721,1.7372196452924982e-05,1.4165637367113959e-05,0.000841594876729512,0.0012478581089160165,3,4.125,36.45598268508911
"[160, 160, 160, 160]",30.0,0.0002,512,5000,78721,9.526875146548264e-06,7.768840077915229e-06,0.0006277517184876101,0.0015596316021735464,4,4.375,60.678391218185425
"[160, 160, 160, 160]",30.0,0.0002,512,7000,78721,7.216758149297675e-06,6.4462938098586164e-06,0.0006406656481169904,0.0016954448977036741,4,4.25,84.10855102539062
"[160, 160, 160, 160]",30.0,0.0002,512,10000,78721,1.188614533020882e-05,5.561576926993439e-06,0.0007719664808881063,0.001947284518780271,4,4.375,120.92047333717346
"[160, 160, 160, 160]",30.0,0.0002,512,12000,78721,1.2602058632182889e-05,6.754968126188032e-06,0.0026293479734493435,0.003912227238871872,3,3.625,145.47338700294495
"[160, 160, 160, 160]",30.0,0.0002,512,15000,78721,2.2963386072660796e-05,6.153072718007024e-06,0.003349797474558219,0.005565966399411955,3,3.375,179.99008679389954
"[160, 160, 160, 160]",30.0,0.0002,1024,2000,78721,1.7061629478121176e-05,1.5051267837407067e-05,0.0005762535143798534,0.0010349079809470476,3,4.125,23.929722785949707
"[160, 160, 160, 160]",30.0,0.0002,1024,3000,78721,1.0603069313219748e-05,8.726294254302047e-06,0.00038268981907377004,0.0008712704274046169,4,4.375,35.79757905006409
"[160, 160, 160, 160]",30.0,0.0002,1024,5000,78721,6.322595709207235e-06,5.0171520342701115e-06,0.0004961211402761463,0.0009804759993382278,4,4.5,60.740819692611694
"[160, 160, 160, 160]",30.0,0.0002,1024,7000,78721,7.647824531886727e-06,3.7327513382479083e-06,0.000381667081505994,0.0007523192612555041,4,5.0,84.58554935455322
"[160, 160, 160, 160]",30.0,0.0002,1024,10000,78721,6.53295501251705e-06,2.820850113494089e-06,0.0005345724674980068,0.0016486104406513247,4,4.5,118.6088228225708
"[160, 160, 160, 160]",30.0,0.0002,1024,12000,78721,9.486140697845258e-06,2.9762454687443096e-06,0.0007884483438254005,0.002014400938399469,4,4.625,141.06189823150635
"[160, 160, 160, 160]",30.0,0.0002,1024,15000,78721,3.304925030533923e-06,2.2823010112915654e-06,0.00048473032991311777,0.0007134782085634413,4,4.25,183.06013345718384
"[160, 160, 160, 160]",30.0,0.00025,256,2000,78721,5.1562485168688e-05,4.065159009769559e-05,0.001659936661357998,0.0027561304778139246,3,3.875,24.092512369155884
"[160, 160, 160, 160]",30.0,0.00025,256,3000,78721,8.060217078309506e-05,2.9256214475026354e-05,0.0017920522072420505,0.00615997885048337,3,3.875,35.6668438911438
"[160, 160, 160, 160]",30.0,0.00025,256,5000,78721,2.7419193429523148e-05,1.8195412849308923e-05,0.0016864277401213714,0.0033436655355935925,3,3.75,60.166215658187866
"[160, 160, 160, 160]",30.0,0.00025,256,7000,78721,4.610675387084484e-05,1.71350511664059e-05,0.002610402617752597,0.0068874497308896426,3,3.625,84.24927568435669
"[160, 160, 160, 160]",30.0,0.00025,256,10000,78721,7.531586743425578e-05,2.0043686163262464e-05,0.002633909292982087,0.005814991550588162,3,3.625,118.8787522315979
"[160, 160, 160, 160]",30.0,0.00025,256,12000,78721,2.7659803890855983e-05,1.8672939404495992e-05,0.0019163527853168162,0.004020714636774866,3,3.875,142.28288292884827
"[160, 160, 160, 160]",30.0,0.00025,256,15000,78721,3.974378341808915e-05,2.2841921236249618e-05,0.001593317773334911,0.0025482709476867442,3,4.0,178.4747884273529
"[160, 160, 160, 160]",30.0,0.00025,512,2000,78721,3.504538835841231e-05,2.27782493311679e-05,0.0007954419703519165,0.0016462211375928926,4,4.125,23.462687730789185
"[160, 160, 160, 160]",30.0,0.00025,512,3000,78721,1.495421656727558e-05,1.2634895028895698e-05,0.0005536639777554774,0.0008723404378467209,4,4.25,37.10569524765015
"[160, 160, 160, 160]",30.0,0.00025,512,5000,78721,9.244979082723148e-06,7.651720807189122e-06,0.0006736947703785571,0.0013425655972007025,4,4.125,61.283018827438354
"[160, 160, 160, 160]",30.0,0.00025,512,7000,78721,1.0037833817477804e-05,7.0408391366072465e-06,0.0005501163108892706,0.001267103769751611,4,4.375,82.42334866523743
"[160, 160, 160, 160]",30.0,0.00025,512,10000,78721,1.3235665392130613e-05,6.932915312063415e-06,0.0013666346631816687,0.002520050116997267,3,4.0,118.21756911277771
"[160, 160, 160, 160]",30.0,0.00025,512,12000,78721,1.698655978543684e-05,8.171527042577509e-06,0.0015836117483540948,0.0029957050497812438,3,4.125,146.61137986183167
"[160, 160, 160, 160]",30.0,0.00025,512,15000,78721,2.1624347937176935e-05,8.805083780316636e-06,0.0012647972787650772,0.004558674232555343,4,4.0,179.6238088607788
"[160, 160, 160, 160]",30.0,0.00025,1024,2000,78721,1.6473351934109814e-05,1.4225058293959592e-05,0.0005094821445474114,0.0011004326005238881,3,4.375,23.909762144088745
"[160, 160, 160, 160]",30.0,0.00025,1024,3000,78721,8.652508768136613e-06,7.880783414293546e-06,0.0003895717685311675,0.0007427390583693813,4,4.5,36.4867627620697
"[160, 160, 160, 160]",30.0,0.00025,1024,5000,78721,5.787415375380078e-06,4.481670202949317e-06,0.00043260035023114275,0.000976534685808495,4,4.375,59.66735911369324
"[160, 160, 160, 160]",30.0,0.00025,1024,7000,78721,5.966317530692322e-06,3.3829317089839606e-06,0.0002951469521396881,0.0006109013548636537,4,4.75,85.75388526916504
"[160, 160, 160, 160]",30.0,0.00025,1024,10000,78721,7.772550816298462e-06,3.392063717910787e-06,0.0005027305663746567,0.0011507512191721973,4,4.25,118.68828821182251
"[160, 160, 160, 160]",30.0,0.00025,1024,12000,78721,3.898253635270521e-05,2.7304886316414922e-06,0.0033334098909828967,0.004518556443430244,3,3.5,141.72885942459106
"[160, 160, 160, 160]",30.0,0.00025,1024,15000,78721,4.301343778934097e-06,2.7327514544595033e-06,0.0009193665097656063,0.0017695051703954937,4,4.25,180.18088126182556
"[160, 160, 160, 160]",35.0,0.00015,256,2000,78721,5.599052019533701e-05,4.325680492911488e-05,0.0008450104069865048,0.0016580528705285576,3,4.125,24.71553635597229
"[160, 160, 160, 160]",35.0,0.00015,256,3000,78721,4.640969564206898e-05,3.09995339193847e-05,0.0005011107889763576,0.0010836698071620542,4,4.5,36.27897787094116
"[160, 160, 160, 160]",35.0,0.00015,256,5000,78721,2.1688312699552625e-05,1.6279082046821713e-05,0.0005817836827119939,0.0011389893866453529,4,4.25,60.49100637435913
"[160, 160, 160, 160]",35.0,0.00015,256,7000,78721,3.840694989776239e-05,1.416864870407153e-05,0.002681706673408982,0.005830723709459103,3,3.625,83.88490343093872
"[160, 160, 160, 160]",35.0,0.00015,256,10000,78721,4.148063453612849e-05,1.2836012501793448e-05,0.0022213365541759234,0.004005565274476386,3,3.75,120.06753516197205
"[160, 160, 160, 160]",35.0,0.00015,256,12000,78721,6.722718535456806e-05,1.1795296813943423e-05,0.005446098702008421,0.007418318291587401,3,3.25,145.0239565372467
"[160, 160, 160, 160]",35.0,0.00015,256,15000,78721,2.5922337954398245e-05,1.1365082173142582e-05,0.0011258950612285537,0.003992658465740764,3,4.375,182.84257245063782
"[160, 160, 160, 160]",35.0,0.00015,512,2000,78721,3.496116914902814e-05,2.481971023371443e-05,0.0010109872682088402,0.0016537468072395133,4,4.25,24.441346406936646
"[160, 160, 160, 160]",35.0,0.00015,512,3000,78721,1.7857444618130103e-05,1.4788165572099388e-05,0.0002521418419088106,0.00043256241821639315,4,4.5,36.48712372779846
"[160, 160, 160, 160]",35.0,0.00015,512,5000,78721,8.236696885433048e-06,7.826159162505064e-06,0.0002880110633835841,0.0005825404487724506,4,4.625,59.79550004005432
"[160, 160, 160, 160]",35.0,0.00015,512,7000,78721,9.039657015819103e-06,6.638643299083924e-06,0.0013584578051612853,0.0021720671472257695,3,4.0,83.59432792663574
"[160, 160, 160, 160]",35.0,0.00015,512,10000,78721,1.0768128049676307e-05,5.095881533634383e-06,0.0012027350891301823,0.001865836560830025,4,4.125,122.12003326416016
"[160, 160, 160, 160]",35.0,0.00015,512,12000,78721,2.482434138073586e-05,6.058679446141468e-06,0.002015751663469678,0.002508677294555667,3,3.875,145.21833157539368
"[160, 160, 160, 160]",35.0,0.00015,512,15000,78721,1.7614955140743405e-05,5.5575301303179e-06,0.0016275031344118761,0.0032544772548088524,3,3.875,181.83394837379456
"[160, 160, 160, 160]",35.0,0.00015,1024,2000,78721,2.0568848412949592e-05,1.7151320207631215e-05,0.0002852630381043961,0.0006192092944488628,4,4.75,23.940712451934814
"[160, 160, 160, 160]",35.0,0.00015,1024,3000,78721,1.1833930329885334e-05,1.0506708349566907e-05,0.0003301728267838476,0.0007354235121490762,4,4.625,35.32941293716431
"[160, 160, 160, 160]",35.0,0.00015,1024,5000,78721,6.591493729501963e-06,5.435275852505583e-06,0.00029280003027914173,0.0007430730347596493,4,4.5,59.79658627510071
"[160, 160, 160, 160]",35.0,0.00015,1024,7000,78721,6.411705726350192e-06,4.181872100161854e-06,0.0003887407932225393,0.0010402039839831328,4,4.5,83.93936848640442
"[160, 160, 160, 160]",35.0,0.00015,1024,10000,78721,7.056342383293668e-06,3.169865067320643e-06,0.0004981226616985932,0.0010858601284714966,4,4.25,120.04258799552917
"[160, 160, 160, 160]",35.0,0.00015,1024,12000,78721,3.735392510861857e-06,2.984917273352039e-06,0.0003795678316888529,0.0005250059040068934,4,4.25,140.94439339637756
"[160, 160, 160, 160]",35.0,0.00015,1024,15000,78721,5.418954970082268e-06,2.264294380438514e-06,0.0007893511867282794,0.0023309108365545663,4,4.25,179.45343112945557
"[160, 160, 160, 160]",35.0,0.0002,256,2000,78721,5.059141403762624e-05,4.4728392822435126e-05,0.0006828086302791573,0.0018118959826866356,4,4.375,23.81529951095581
"[160, 160, 160, 160]",35.0,0.0002,256,3000,78721,5.9286652685841545e-05,2.7817390218842775e-05,0.0007350476320343895,0.0026085947985867563,4,4.25,34.95148801803589
"[160, 160, 160, 160]",35.0,0.0002,256,5000,78721,2.4320761440321803e-05,1.744437759043649e-05,0.0010356517347499383,0.0017249332610248204,3,4.0,58.58088135719299
"[160, 160, 160, 160]",35.0,0.0002,256,7000,78721,7.395726424874738e-05,1.6244170183199458e-05,0.006114981309676434,0.01002350401312832,3,3.25,83.70084810256958
"[160, 160, 160, 160]",35.0,0.0002,256,10000,78721,3.372611536178738e-05,1.726989466988016e-05,0.0009478376318202572,0.0021907394458816113,3,4.25,119.70643663406372
"[160, 160, 160, 160]",35.0,0.0002,256,12000,78721,6.877406849525869e-05,1.543700636830181e-05,0.0013995212913993367,0.0029258584998746,3,3.875,143.77322912216187
"[160, 160, 160, 160]",35.0,0.0002,256,15000,78721,2.9744862331426702e-05,1.8742332031251863e-05,0.001942852353872617,0.00492260107705197,3,3.75,178.73051500320435
"[160, 160, 160, 160]",35.0,0.0002,512,2000,78721,3.586301318136975e-05,2.4455433958792128e-05,0.00030170161068364897,0.0005603433587860313,4,4.75,23.911866426467896
"[160, 160, 160, 160]",35.0,0.0002,512,3000,78721,1.6102861991384998e-05,1.3664019206771627e-05,0.000421910415312577,0.0007895553435378022,4,4.5,36.04518747329712
"[160, 160, 160, 160]",35.0,0.0002,512,5000,78721,9.94841229839949e-06,7.78910361987073e-06,0.00032605588546250015,0.0008446868716599212,4,4.75,60.09875798225403
"[160, 160, 160, 160]",35.0,0.0002,512,7000,78721,9.212424629367888e-06,6.574006420123624e-06,0.0007857610004334075,0.0023659483834433167,4,4.25,84.86639475822449
"[160, 160, 160, 160]",35.0,0.0002,512,10000,78721,1.3983060853206553e-05,6.188187853695126e-06,0.0005742782107894239,0.0014474678792970417,4,4.375,120.75206995010376
"[160, 160, 160, 160]",35.0,0.0002,512,12000,78721,2.6074374545714818e-05,6.933345503057353e-06,0.0032061948212997213,0.005192279077385232,3,3.5,147.40843296051025
"[160, 160, 160, 160]",35.0,0.0002,512,15000,78721,4.4039523345418274e-05,7.376229405053891e-06,0.006394620568027696,0.008625608998524199,3,3.25,182.69040536880493
"[160, 160, 160, 160]",35.0,0.0002,1024,2000,78721,1.556666029500775e-05,1.3233096069598105e-05,0.0005699348010663419,0.0008629663818550244,4,4.375,24.627991914749146
"[160, 160, 160, 160]",35.0,0.0002,1024,3000,78721,9.213943485519849e-06,7.928818376967683e-06,0.00031757108728641654,0.0005895410135493496,4,4.625,36.28149628639221
"[160, 160, 160, 160]",35.0,0.0002,1024,5000,78721,5.350680112314876e-06,4.1720095396158285e-06,0.00023568069482683143,0.0005887607007095906,4,4.75,61.0104558467865
"[160, 160, 160, 160]",35.0,0.0002,1024,7000,78721,5.308404979587067e-06,3.4016425161098596e-06,0.000697153401162238,0.0014677536746807985,4,4.625,84.35138273239136
"[160, 160, 160, 160]",35.0,0.0002,1024,10000,78721,6.2156514104572125e-06,3.5728508009924553e-06,0.0005489647021759732,0.0017963571181633731,3,4.625,120.25171566009521
"[160, 160, 160, 160]",35.0,0.0002,1024,12000,78721,3.9411834222846664e-06,2.5469269075983902e-06,0.0006951397903751903,0.0011307697116625633,4,4.375,145.2337806224823
"[160, 160, 160, 160]",35.0,0.0002,1024,15000,78721,4.7833455028012395e-06,2.7263818083156366e-06,0.0007415199959966941,0.0015305814818863967,4,4.25,178.89335417747498
"[160, 160, 160, 160]",35.0,0.00025,256,2000,78721,4.945600448991172e-05,4.279335553292185e-05,0.0013891828542080158,0.0031520314431226627,3,4.0,24.147825956344604
"[160, 160, 160, 160]",35.0,0.00025,256,3000,78721,5.712330312235281e-05,3.151015698676929e-05,0.0009141189487668811,0.0022606166796847018,3,4.125,36.00188899040222
"[160, 160, 160, 160]",35.0,0.00025,256,5000,78721,2.715309165068902e-05,1.8657039618119597e-05,0.0011759741129511029,0.0019710838550592116,4,4.125,59.902604818344116
"[160, 160, 160, 160]",35.0,0.00025,256,7000,78721,5.8644691307563335e-05,1.811862239264883e-05,0.0030467857638161126,0.0065026695572519486,3,3.625,84.739821434021
"[160, 160, 160, 160]",35.0,0.00025,256,10000,78721,7.050613930914551e-05,2.443538323859684e-05,0.0015914929222968933,0.003855024077604419,3,4.0,119.38932275772095
"[160, 160, 160, 160]",35.0,0.00025,256,12000,78721,5.9073136071674526e-05,1.8457496480550617e-05,0.0016350856192455091,0.0032862433569484277,3,3.875,142.79682970046997
"[160, 160, 160, 160]",35.0,0.00025,256,15000,78721,4.461510252440348e-05,2.8390406441758387e-05,0.0022369863943399577,0.005630987969257625,3,3.75,179.8084785938263
"[160, 160, 160, 160]",35.0,0.00025,512,2000,78721,3.1496590963797644e-05,2.2058658942114562e-05,0.0005475084736720886,0.0012404230758848145,4,4.375,24.61038613319397
"[160, 160, 160, 160]",35.0,0.00025,512,3000,78721,1.603728742338717e-05,1.2684402463492006e-05,0.0009172170305692541,0.0016662990177656553,3,4.0,36.20751929283142
"[160, 160, 160, 160]",35.0,0.00025,512,5000,78721,8.625284863228444e-06,7.153505976020824e-06,0.0003361085113688726,0.000690330930220421,4,4.625,60.01559352874756
"[160, 160, 160, 160]",35.0,0.00025,512,7000,78721,1.1731264748959802e-05,7.120547707017977e-06,0.0012998919960704562,0.002903334881074608,3,3.875,82.57036972045898
"[160, 160, 160, 160]",35.0,0.00025,512,10000,78721,1.8816972442436963e-05,8.163688107742928e-06,0.0007357450888835116,0.001681630643993486,4,4.625,121.72469806671143
"[160, 160, 160, 160]",35.0,0.00025,512,12000,78721,3.058981383219361e-05,9.02588726603426e-06,0.00127901947090257,0.0035907102649208288,3,4.0,143.75006222724915
"[160, 160, 160, 160]",35.0,0.00025,512,15000,78721,4.7476722102146596e-05,1.092609454644844e-05,0.005046564997613508,0.008702376484015548,3,3.375,179.74362301826477
"[160, 160, 160, 160]",35.0,0.00025,1024,2000,78721,1.2552757652883884e-05,1.1052976333303377e-05,0.00023111741966398022,0.00042470962533124187,4,4.625,24.208127975463867
"[160, 160, 160, 160]",35.0,0.00025,1024,3000,78721,7.821824510756414e-06,6.9664042712247465e-06,0.00027794116841932745,0.0005337320508182443,4,4.75,36.10840368270874
"[160, 160, 160, 160]",35.0,0.00025,1024,5000,78721,4.550160156213678e-06,3.6924395772075513e-06,0.00046021238150906576,0.0009195540619124757,4,4.5,60.650424003601074
"[160, 160, 160, 160]",35.0,0.00025,1024,7000,78721,4.314747911848826e-06,3.2216039471677504e-06,0.00034952739071965246,0.000750934322173141,4,4.375,83.47398805618286
"[160, 160, 160, 160]",35.0,0.00025,1024,10000,78721,4.438246469362639e-05,2.664333806023933e-06,0.0029968515592277956,0.006463742970414488,3,3.625,120.5260214805603
"[160, 160, 160, 160]",35.0,0.00025,1024,12000,78721,9.464836693950929e-06,3.4567458442325005e-06,0.0011652521949816045,0.0016746614075993072,4,4.125,145.5897946357727
"[160, 160, 160, 160]",35.0,0.00025,1024,15000,78721,6.057290647731861e-06,3.1206325274979463e-06,0.0005701993351899654,0.0015348219846388488,4,4.625,182.0524880886078
