hidden_sizes,omega_0,lr,n_epochs,n_per_param,seed,n_params_total,final_loss,min_loss,mean_rel_err,max_rel_err,I_1_dig,I_2_dig,I_3_dig,I_4_dig,I_5_dig,I_6_dig,I_7_dig,I_8_dig,min_dig,mean_dig,max_dig,elapsed_s
"[48, 48, 48]",15.0,5e-05,2000,256,42,5141,0.01859094202518463,0.014851834625005722,0.05369274032263103,0.10874438797793116,2,2,2,3,2,2,2,3,2,2.25,3,27.67898964881897
"[48, 48, 48]",15.0,5e-05,2000,256,137,5141,0.02418234571814537,0.014119942672550678,0.057859484228118416,0.11462660377500952,2,2,2,3,2,2,2,2,2,2.125,3,25.62720227241516
"[48, 48, 48]",15.0,5e-05,2000,256,2024,5141,0.029432952404022217,0.015759654343128204,0.049826278340489825,0.13703186392797048,3,2,3,4,3,2,2,3,2,2.75,4,25.128230333328247
"[48, 48, 48]",15.0,5e-05,2000,256,7,5141,0.021611757576465607,0.01993425562977791,0.04692732780851867,0.12839425125364112,2,2,3,3,2,2,3,3,2,2.5,3,25.52220869064331
"[48, 48, 48]",15.0,5e-05,2000,256,999,5141,0.019783996045589447,0.01709253340959549,0.04419080237552566,0.11561741078824979,2,2,3,3,2,2,2,3,2,2.375,3,25.591355323791504
"[48, 48, 48]",15.0,5e-05,2000,512,42,5141,0.019237641245126724,0.013530259020626545,0.04205502321201071,0.09865168909897398,2,2,3,3,2,2,2,4,2,2.5,4,26.111934900283813
"[48, 48, 48]",15.0,5e-05,2000,512,137,5141,0.019585246220231056,0.011714912950992584,0.05446945745368952,0.10857421627780524,2,2,2,3,2,2,2,3,2,2.25,3,25.63742184638977
"[48, 48, 48]",15.0,5e-05,2000,512,2024,5141,0.0175585076212883,0.012771612033247948,0.04854778604773439,0.12993378500022681,4,2,3,3,2,2,3,3,2,2.75,4,25.683223962783813
"[48, 48, 48]",15.0,5e-05,2000,512,7,5141,0.022339748218655586,0.017934724688529968,0.05752937562537383,0.1971575893827418,3,2,3,3,3,2,2,4,2,2.75,4,26.2901394367218
"[48, 48, 48]",15.0,5e-05,2000,512,999,5141,0.020494654774665833,0.015440777875483036,0.03984956028485534,0.09396333609998962,2,2,3,4,2,2,2,3,2,2.5,4,26.660290002822876
"[48, 48, 48]",15.0,5e-05,2000,1024,42,5141,0.015263970009982586,0.011252843774855137,0.033381596936416076,0.07715541953986163,4,2,3,3,3,2,2,4,2,2.875,4,26.39993691444397
"[48, 48, 48]",15.0,5e-05,2000,1024,137,5141,0.012852920219302177,0.010574031621217728,0.04335086165175882,0.09753855968721105,2,2,3,3,2,2,3,3,2,2.5,3,26.563761472702026
"[48, 48, 48]",15.0,5e-05,2000,1024,2024,5141,0.014949165284633636,0.010975098237395287,0.042670700112219975,0.11796481864479982,3,2,3,4,2,2,3,3,2,2.75,4,26.24263572692871
"[48, 48, 48]",15.0,5e-05,2000,1024,7,5141,0.01906244456768036,0.01676991581916809,0.0550855884483881,0.18229883621859289,2,2,4,3,3,2,2,3,2,2.625,4,25.80352020263672
"[48, 48, 48]",15.0,5e-05,2000,1024,999,5141,0.01799209788441658,0.013594097457826138,0.03738226039031746,0.07060204211349118,2,2,3,4,2,2,2,3,2,2.5,4,25.670274257659912
"[48, 48, 48]",15.0,0.0001,2000,256,42,5141,0.008564848452806473,0.006646845489740372,0.008857935231290172,0.01982052607778919,3,3,3,4,3,6,3,4,3,3.625,6,25.03143072128296
"[48, 48, 48]",15.0,0.0001,2000,256,137,5141,0.009433960542082787,0.0056416625156998634,0.014965543431702658,0.0484060722302156,3,3,4,3,3,3,4,3,3,3.25,4,25.71535348892212
"[48, 48, 48]",15.0,0.0001,2000,256,2024,5141,0.010450595058500767,0.005750705488026142,0.022314791761873225,0.060000531676775035,2,2,3,5,2,3,3,3,2,2.875,5,26.266430616378784
"[48, 48, 48]",15.0,0.0001,2000,256,7,5141,0.009450319223105907,0.008023511618375778,0.00895262276270387,0.022214252617067453,3,3,3,3,3,3,3,4,3,3.125,4,25.728023290634155
"[48, 48, 48]",15.0,0.0001,2000,256,999,5141,0.007946773432195187,0.007314050570130348,0.013699548594520517,0.044982953844652215,3,4,3,4,2,3,2,3,2,3.0,4,25.691656351089478
"[48, 48, 48]",15.0,0.0001,2000,512,42,5141,0.00825069472193718,0.0056718941777944565,0.009033536640292557,0.015941997117660336,3,3,3,3,3,3,3,4,3,3.125,4,25.600940942764282
"[48, 48, 48]",15.0,0.0001,2000,512,137,5141,0.008661540225148201,0.005004001781344414,0.013946870577809474,0.045525752535312006,3,3,3,4,2,3,3,3,2,3.0,4,25.89886999130249
"[48, 48, 48]",15.0,0.0001,2000,512,2024,5141,0.00635727122426033,0.005101541057229042,0.013623583201052135,0.041630781579345834,3,3,3,4,2,3,3,3,2,3.0,4,25.625193119049072
"[48, 48, 48]",15.0,0.0001,2000,512,7,5141,0.009451805613934994,0.007025780156254768,0.009144200673307871,0.018068729972269312,2,3,3,3,2,4,3,4,2,3.0,4,25.748049020767212
"[48, 48, 48]",15.0,0.0001,2000,512,999,5141,0.008950125426054,0.006428471766412258,0.01050636891020452,0.026892522485115023,2,4,3,4,3,3,3,3,2,3.125,4,25.666101694107056
"[48, 48, 48]",15.0,0.0001,2000,1024,42,5141,0.006272554397583008,0.004505279939621687,0.008205030278235414,0.023639958869132897,3,4,3,3,4,3,3,4,3,3.375,4,25.6732759475708
"[48, 48, 48]",15.0,0.0001,2000,1024,137,5141,0.004840522073209286,0.004173425491899252,0.009969664250866796,0.02178378952528198,3,3,3,3,3,4,3,3,3,3.125,4,25.73086142539978
"[48, 48, 48]",15.0,0.0001,2000,1024,2024,5141,0.005474370904266834,0.004172812215983868,0.011113581870480551,0.02198338873674402,3,3,3,4,2,3,3,3,2,3.0,4,25.642590761184692
"[48, 48, 48]",15.0,0.0001,2000,1024,7,5141,0.0068415310233831406,0.005904199089854956,0.011994237949838204,0.03013172648348229,2,3,2,4,3,4,3,4,2,3.125,4,26.304438591003418
"[48, 48, 48]",15.0,0.0001,2000,1024,999,5141,0.007823946885764599,0.0057562170550227165,0.006808152326047294,0.027653574269223397,4,4,4,4,3,3,3,3,3,3.5,4,26.621275424957275
"[48, 48, 48]",15.0,0.0002,2000,256,42,5141,0.004511827602982521,0.00357819814234972,0.003478888169958398,0.007381564800306935,3,4,3,4,3,3,4,4,3,3.5,4,25.24979257583618
"[48, 48, 48]",15.0,0.0002,2000,256,137,5141,0.004851164296269417,0.002800190821290016,0.006071408971343654,0.012267206084953904,3,3,3,3,3,3,3,4,3,3.125,4,25.1319637298584
"[48, 48, 48]",15.0,0.0002,2000,256,2024,5141,0.0050908359698951244,0.0028544971719384193,0.011225828631744168,0.016665630350312956,2,3,3,4,2,3,3,3,2,2.875,4,25.272331476211548
"[48, 48, 48]",15.0,0.0002,2000,256,7,5141,0.004767090082168579,0.004239569418132305,0.005710001248260129,0.01646602014049186,4,3,3,5,2,3,3,4,2,3.375,5,24.954131841659546
"[48, 48, 48]",15.0,0.0002,2000,256,999,5141,0.004578018561005592,0.003950841259211302,0.005371949325522246,0.022681097377530685,3,3,5,5,3,3,3,4,3,3.625,5,25.580860376358032
"[48, 48, 48]",15.0,0.0002,2000,512,42,5141,0.004220101051032543,0.0029706985224038363,0.005188789924577165,0.01342148884363099,3,3,3,3,3,3,4,4,3,3.25,4,26.101768732070923
"[48, 48, 48]",15.0,0.0002,2000,512,137,5141,0.0035484840627759695,0.002394235460087657,0.005611187289052063,0.013064443798020934,3,4,4,4,3,3,3,3,3,3.375,4,25.5356547832489
"[48, 48, 48]",15.0,0.0002,2000,512,2024,5141,0.0026846015825867653,0.0022884164936840534,0.003200413516671932,0.007549708968448208,3,3,4,4,3,3,3,4,3,3.375,4,25.60741376876831
"[48, 48, 48]",15.0,0.0002,2000,512,7,5141,0.004531222395598888,0.003488060086965561,0.007715054644831414,0.015552539180919709,3,3,3,3,3,3,3,4,3,3.125,4,25.456868648529053
"[48, 48, 48]",15.0,0.0002,2000,512,999,5141,0.00466257706284523,0.00341118685901165,0.006416608929469014,0.019328469937761595,4,4,3,4,3,4,3,3,3,3.5,4,25.752753019332886
"[48, 48, 48]",15.0,0.0002,2000,1024,42,5141,0.0030323686078190804,0.0023124818690121174,0.005970767711226976,0.013939799236098163,3,3,3,4,3,3,3,4,3,3.25,4,25.599860429763794
"[48, 48, 48]",15.0,0.0002,2000,1024,137,5141,0.0021692346781492233,0.0019297213293612003,0.004284734291612851,0.009546998934506676,3,4,4,4,3,3,3,4,3,3.5,4,25.645199060440063
"[48, 48, 48]",15.0,0.0002,2000,1024,2024,5141,0.002592314500361681,0.0019425458740442991,0.003677786610756314,0.00792521645198102,3,4,3,4,3,4,4,4,3,3.625,4,25.614338636398315
"[48, 48, 48]",15.0,0.0002,2000,1024,7,5141,0.0029272539541125298,0.002723966958001256,0.003360415096678232,0.008453099636321074,3,3,4,4,3,3,4,4,3,3.5,4,25.64035725593567
"[48, 48, 48]",15.0,0.0002,2000,1024,999,5141,0.0038508616853505373,0.0029335354920476675,0.005862541331105808,0.014927550768893332,3,3,3,4,3,4,3,4,3,3.375,4,25.58117699623108
"[48, 48, 48]",15.0,5e-05,3000,256,42,5141,0.027096834033727646,0.008570155128836632,0.019306443110663533,0.04360588561034557,3,2,3,4,2,2,2,3,2,2.625,4,37.52084970474243
"[48, 48, 48]",15.0,5e-05,3000,256,137,5141,0.01013968512415886,0.007749713957309723,0.028291751645304317,0.08680151401656555,3,2,3,3,2,2,4,3,2,2.75,4,37.96512484550476
"[48, 48, 48]",15.0,5e-05,3000,256,2024,5141,0.010840892791748047,0.008879554457962513,0.02466242114588728,0.06311951525909426,3,2,4,4,3,2,3,3,2,3.0,4,37.463703870773315
"[48, 48, 48]",15.0,5e-05,3000,256,7,5141,0.017374776303768158,0.011365078389644623,0.022471198532355685,0.045968250439089864,3,2,3,3,2,3,3,3,2,2.75,3,38.49429130554199
"[48, 48, 48]",15.0,5e-05,3000,256,999,5141,0.011502841487526894,0.009296651929616928,0.019334338371868442,0.056281988610384,2,3,3,4,2,2,2,4,2,2.75,4,38.97541165351868
"[48, 48, 48]",15.0,5e-05,3000,512,42,5141,0.009438175708055496,0.0078086089342832565,0.01516632010767616,0.03848758221767922,3,3,3,3,3,3,2,5,2,3.125,5,38.23539423942566
"[48, 48, 48]",15.0,5e-05,3000,512,137,5141,0.00900694727897644,0.006552195176482201,0.023038302991769104,0.052511575004764506,3,2,2,3,2,3,3,3,2,2.625,3,38.40847706794739
"[48, 48, 48]",15.0,5e-05,3000,512,2024,5141,0.008007584139704704,0.006810835096985102,0.024146600603213643,0.06182317274305743,3,2,3,4,2,2,3,3,2,2.75,4,38.72688937187195
"[48, 48, 48]",15.0,5e-05,3000,512,7,5141,0.01179562509059906,0.009623426012694836,0.029968805856493728,0.07171287352518983,3,2,4,3,3,2,2,3,2,2.75,4,38.4192795753479
"[48, 48, 48]",15.0,5e-05,3000,512,999,5141,0.010892169550061226,0.008348748087882996,0.01169253827093173,0.030628953026864542,3,4,3,4,2,3,3,4,2,3.25,4,38.28612470626831
"[48, 48, 48]",15.0,5e-05,3000,1024,42,5141,0.0077494182623922825,0.006185955833643675,0.013066161165726781,0.04357949408284193,3,3,4,3,3,3,2,4,2,3.125,4,38.98131251335144
"[48, 48, 48]",15.0,5e-05,3000,1024,137,5141,0.00739259272813797,0.005358654074370861,0.013934822268021592,0.03198427119025961,4,2,3,3,5,3,3,3,2,3.25,5,38.59337377548218
"[48, 48, 48]",15.0,5e-05,3000,1024,2024,5141,0.006522476207464933,0.005364273674786091,0.017453452480308905,0.044956110641204756,3,2,3,4,3,2,4,3,2,3.0,4,38.600669145584106
"[48, 48, 48]",15.0,5e-05,3000,1024,7,5141,0.008694453164935112,0.008304349146783352,0.0237101327856168,0.058326852167847686,4,2,4,3,2,2,3,3,2,2.875,4,38.669294357299805
"[48, 48, 48]",15.0,5e-05,3000,1024,999,5141,0.010871240869164467,0.007170358672738075,0.011682238170612168,0.023785241302880664,2,3,4,6,2,3,3,3,2,3.25,6,38.714563608169556
"[48, 48, 48]",15.0,0.0001,3000,256,42,5141,0.010835405439138412,0.003937666304409504,0.007567381859056869,0.012547125540450633,3,3,3,3,3,3,3,4,3,3.125,4,37.53329396247864
"[48, 48, 48]",15.0,0.0001,3000,256,137,5141,0.00426823552697897,0.0033347955904901028,0.006351861665684083,0.012797065076389452,3,3,3,3,3,4,3,4,3,3.25,4,37.62041926383972
"[48, 48, 48]",15.0,0.0001,3000,256,2024,5141,0.004361982923001051,0.003446810180321336,0.012736686171335202,0.037498555444372264,3,3,3,4,2,3,3,3,2,3.0,4,37.50482368469238
"[48, 48, 48]",15.0,0.0001,3000,256,7,5141,0.008436743170022964,0.0050842296332120895,0.005856493335196569,0.013415104454175432,3,4,3,4,3,4,3,4,3,3.5,4,37.60215187072754
"[48, 48, 48]",15.0,0.0001,3000,256,999,5141,0.005659963004291058,0.0045915525406599045,0.008377504291567446,0.027232417578806546,3,3,4,4,4,3,3,3,3,3.375,4,37.38075399398804
"[48, 48, 48]",15.0,0.0001,3000,512,42,5141,0.003691653721034527,0.003250986337661743,0.0050608021688574875,0.011314426798670457,3,4,3,4,4,4,3,4,3,3.625,4,38.22472071647644
"[48, 48, 48]",15.0,0.0001,3000,512,137,5141,0.0037301278207451105,0.0029011063743382692,0.008038774023285466,0.01876510875740896,3,3,3,4,3,3,3,3,3,3.125,4,38.33805465698242
"[48, 48, 48]",15.0,0.0001,3000,512,2024,5141,0.003210318274796009,0.0029119327664375305,0.007840908376125947,0.024900677393614574,3,3,3,4,3,3,3,3,3,3.125,4,38.34704923629761
"[48, 48, 48]",15.0,0.0001,3000,512,7,5141,0.0054381717927753925,0.004404120147228241,0.007389696163895471,0.01180259683705908,2,4,4,4,3,3,3,4,2,3.375,4,38.56521987915039
"[48, 48, 48]",15.0,0.0001,3000,512,999,5141,0.004984042141586542,0.0038578854873776436,0.00976060239931463,0.018912706147635943,2,3,3,4,3,3,3,4,2,3.125,4,38.419678926467896
"[48, 48, 48]",15.0,0.0001,3000,1024,42,5141,0.0034091908019036055,0.002804335905238986,0.0060237263511536635,0.012519437608558354,3,4,3,4,3,3,3,3,3,3.25,4,38.69648218154907
"[48, 48, 48]",15.0,0.0001,3000,1024,137,5141,0.0027472293004393578,0.0021903538145124912,0.00497318854241034,0.010982799892740272,3,4,3,4,3,3,4,4,3,3.5,4,38.56325578689575
"[48, 48, 48]",15.0,0.0001,3000,1024,2024,5141,0.002695460105314851,0.0022289822809398174,0.004461156017327955,0.011107594718655044,3,3,3,4,3,3,4,4,3,3.375,4,38.764983892440796
"[48, 48, 48]",15.0,0.0001,3000,1024,7,5141,0.0034752823412418365,0.0034513489808887243,0.008744897563147247,0.02071979191196648,2,3,3,4,3,3,3,4,2,3.125,4,38.687426805496216
"[48, 48, 48]",15.0,0.0001,3000,1024,999,5141,0.0046852268278598785,0.0033310619182884693,0.005774410107158041,0.022233588515396828,4,3,3,4,3,5,3,4,3,3.625,5,38.65354561805725
"[48, 48, 48]",15.0,0.0002,3000,256,42,5141,0.004954034928232431,0.0022989753633737564,0.00873829070810679,0.01248634979246434,2,3,3,4,3,3,3,4,2,3.125,4,37.77514672279358
"[48, 48, 48]",15.0,0.0002,3000,256,137,5141,0.002018858678638935,0.0016849457751959562,0.004384596228166691,0.009611758899583824,3,3,4,6,4,3,4,4,3,3.875,6,37.67253112792969
"[48, 48, 48]",15.0,0.0002,3000,256,2024,5141,0.002080806065350771,0.0017328367102891207,0.004544874136328251,0.010701862147719721,4,4,3,5,3,4,3,4,3,3.75,5,37.71913123130798
"[48, 48, 48]",15.0,0.0002,3000,256,7,5141,0.004027605522423983,0.0026616305112838745,0.004066076359674558,0.0078816837100808,3,3,4,4,3,3,3,4,3,3.375,4,37.58501434326172
"[48, 48, 48]",15.0,0.0002,3000,256,999,5141,0.0029317163862288,0.002386653795838356,0.002804873583316045,0.004603422405832513,3,3,4,4,3,4,4,4,3,3.625,4,37.4787540435791
"[48, 48, 48]",15.0,0.0002,3000,512,42,5141,0.0019129058346152306,0.0017152235377579927,0.0033380831950551868,0.00828714612305651,3,4,4,4,3,3,4,4,3,3.625,4,38.30763053894043
"[48, 48, 48]",15.0,0.0002,3000,512,137,5141,0.0016931279096752405,0.0014044179115444422,0.006907781320063331,0.013580811069645976,3,3,3,4,3,3,3,3,3,3.125,4,38.67603659629822
"[48, 48, 48]",15.0,0.0002,3000,512,2024,5141,0.0014035279164090753,0.00132942502386868,0.002820694852946674,0.0056059243518339465,3,4,4,5,3,3,3,4,3,3.625,5,38.35207176208496
"[48, 48, 48]",15.0,0.0002,3000,512,7,5141,0.0024131443351507187,0.0020498200319707394,0.005132296316029168,0.00970987633003699,3,3,5,4,3,3,3,4,3,3.5,5,38.29291749000549
"[48, 48, 48]",15.0,0.0002,3000,512,999,5141,0.0023670124355703592,0.0020268126390874386,0.003590930261909918,0.008707996069842289,3,3,4,4,3,3,3,4,3,3.375,4,38.53630709648132
"[48, 48, 48]",15.0,0.0002,3000,1024,42,5141,0.0016143759712576866,0.0014079709071666002,0.002661600421588685,0.005926810600584036,4,3,4,4,3,3,3,6,3,3.75,6,38.815422773361206
"[48, 48, 48]",15.0,0.0002,3000,1024,137,5141,0.0012345004361122847,0.0010264021111652255,0.005599381631819332,0.00912799697340772,3,3,3,4,3,3,3,4,3,3.25,4,38.38627099990845
"[48, 48, 48]",15.0,0.0002,3000,1024,2024,5141,0.001319034374319017,0.00109907949808985,0.0030147358868416445,0.0072156974463316766,3,4,4,5,3,4,3,4,3,3.75,5,38.74005079269409
"[48, 48, 48]",15.0,0.0002,3000,1024,7,5141,0.0015639037592336535,0.0015282761305570602,0.003006339856011893,0.0058768514534141905,4,3,4,4,3,3,4,4,3,3.625,4,38.685794830322266
"[48, 48, 48]",15.0,0.0002,3000,1024,999,5141,0.0023208200000226498,0.0017078020609915257,0.004461297558787011,0.011321037413300863,3,3,4,4,3,4,3,4,3,3.5,4,38.809595584869385
"[48, 48, 48]",15.0,5e-05,4000,256,42,5141,0.010427355766296387,0.006189500447362661,0.008572604476440412,0.02312978286193241,3,3,4,4,3,3,3,3,3,3.25,4,50.143255949020386
"[48, 48, 48]",15.0,5e-05,4000,256,137,5141,0.008476516231894493,0.004922172985970974,0.016200901744152615,0.04074285300786159,3,3,3,3,2,3,3,3,2,2.875,3,50.17337608337402
"[48, 48, 48]",15.0,5e-05,4000,256,2024,5141,0.010296130552887917,0.0054387422278523445,0.015663770763512542,0.046498117562106596,4,3,3,4,3,3,3,3,3,3.25,4,49.86891746520996
"[48, 48, 48]",15.0,5e-05,4000,256,7,5141,0.018018417060375214,0.007470497861504555,0.01035959806354426,0.025577940725150447,3,3,3,3,2,4,4,3,2,3.125,4,50.09579372406006
"[48, 48, 48]",15.0,5e-05,4000,256,999,5141,0.011133052408695221,0.006479673087596893,0.009111773847779092,0.029532705431069436,4,3,3,5,3,3,3,4,3,3.5,5,49.938183546066284
"[48, 48, 48]",15.0,5e-05,4000,512,42,5141,0.007256054785102606,0.005569797940552235,0.009779597726780567,0.032735703906362726,3,3,3,4,3,3,2,4,2,3.125,4,51.487279653549194
"[48, 48, 48]",15.0,5e-05,4000,512,137,5141,0.005464017391204834,0.004508726764470339,0.01239692867738979,0.025849044876057183,3,3,3,3,3,3,3,3,3,3.0,3,51.147565841674805
"[48, 48, 48]",15.0,5e-05,4000,512,2024,5141,0.005109446123242378,0.004385463893413544,0.015513401107209356,0.04012356073484194,3,3,3,4,2,3,3,3,2,3.0,4,51.541727781295776
"[48, 48, 48]",15.0,5e-05,4000,512,7,5141,0.007130881771445274,0.006216878071427345,0.014633841615660682,0.03634699088736857,3,2,3,3,4,3,2,3,2,2.875,4,51.46909284591675
"[48, 48, 48]",15.0,5e-05,4000,512,999,5141,0.009141028858721256,0.005619148723781109,0.008723909865525757,0.017139008559405346,3,3,3,4,2,3,3,4,2,3.125,4,51.459396839141846
"[48, 48, 48]",15.0,5e-05,4000,1024,42,5141,0.005455982405692339,0.004318789578974247,0.007370140529396236,0.024336096755767422,3,4,3,3,3,4,3,4,3,3.375,4,51.422985315322876
"[48, 48, 48]",15.0,5e-05,4000,1024,137,5141,0.003951584454625845,0.0034030245151370764,0.007922881939244052,0.017709002125765767,3,3,3,3,3,3,4,3,3,3.125,4,51.56996178627014
"[48, 48, 48]",15.0,5e-05,4000,1024,2024,5141,0.004408412612974644,0.003334718756377697,0.010594793855820446,0.03508407688355512,3,3,4,4,3,3,3,3,3,3.25,4,51.539825439453125
"[48, 48, 48]",15.0,5e-05,4000,1024,7,5141,0.006407440640032291,0.004939010366797447,0.012584957075076909,0.023707881431165406,3,3,3,3,2,3,3,4,2,3.0,4,51.26926898956299
"[48, 48, 48]",15.0,5e-05,4000,1024,999,5141,0.005929760634899139,0.004951769486069679,0.006157000397598182,0.015528888948681421,3,3,4,4,2,4,3,4,2,3.375,4,51.65092396736145
"[48, 48, 48]",15.0,0.0001,4000,256,42,5141,0.004737094976007938,0.0028186773415654898,0.00489639049433171,0.009879948889381453,3,4,3,4,4,3,3,4,3,3.5,4,49.80053973197937
"[48, 48, 48]",15.0,0.0001,4000,256,137,5141,0.003466076450422406,0.0020829844288527966,0.003703286018100997,0.010421471247567466,4,3,3,3,4,4,4,4,3,3.625,4,50.00987529754639
"[48, 48, 48]",15.0,0.0001,4000,256,2024,5141,0.0035701252054423094,0.0022602968383580446,0.007416883450526747,0.02281383850127105,2,4,4,5,3,3,3,3,2,3.375,5,50.01351571083069
"[48, 48, 48]",15.0,0.0001,4000,256,7,5141,0.007974390871822834,0.0036204326897859573,0.005779168718921441,0.011537555019434726,3,4,3,4,3,3,3,4,3,3.375,4,49.85991811752319
"[48, 48, 48]",15.0,0.0001,4000,256,999,5141,0.0058983201161026955,0.0032992842607200146,0.006608205783818303,0.01845058669399389,3,3,3,4,4,4,3,3,3,3.375,4,50.166178941726685
"[48, 48, 48]",15.0,0.0001,4000,512,42,5141,0.002869823481887579,0.0021592644043266773,0.003949370799061286,0.010988698341261177,3,4,3,4,4,4,3,4,3,3.625,4,51.36923599243164
"[48, 48, 48]",15.0,0.0001,4000,512,137,5141,0.0021404637955129147,0.0018588460516184568,0.005948479127655743,0.015390818635366144,3,6,4,4,3,3,4,3,3,3.75,6,51.4352753162384
"[48, 48, 48]",15.0,0.0001,4000,512,2024,5141,0.002218733774498105,0.0017880134982988238,0.005326342500532589,0.013026617317137303,3,3,3,4,3,5,4,3,3,3.5,5,51.08744502067566
"[48, 48, 48]",15.0,0.0001,4000,512,7,5141,0.003445363137871027,0.002864955924451351,0.0033182403457721658,0.007295091617171958,3,4,5,5,3,3,3,4,3,3.75,5,51.44183945655823
"[48, 48, 48]",15.0,0.0001,4000,512,999,5141,0.004833999089896679,0.0029027918353676796,0.005108631857571034,0.012795138497062536,3,3,3,6,3,3,3,4,3,3.5,6,51.46065378189087
"[48, 48, 48]",15.0,0.0001,4000,1024,42,5141,0.002378314035013318,0.0020068581216037273,0.004843427875256959,0.010201221750859007,3,3,3,4,3,3,4,4,3,3.375,4,51.38355207443237
"[48, 48, 48]",15.0,0.0001,4000,1024,137,5141,0.0015812425408512354,0.0013427877565845847,0.004061625413241272,0.008919635285004973,3,4,3,4,3,3,3,4,3,3.375,4,51.40401363372803
"[48, 48, 48]",15.0,0.0001,4000,1024,2024,5141,0.0019729342311620712,0.0014117625541985035,0.004767326398929504,0.010429177415251808,3,3,3,4,3,3,3,4,3,3.25,4,51.48983454704285
"[48, 48, 48]",15.0,0.0001,4000,1024,7,5141,0.002927263267338276,0.0022163144312798977,0.005044058128689047,0.01648916870440795,3,3,3,4,4,4,3,5,3,3.625,5,51.4351019859314
"[48, 48, 48]",15.0,0.0001,4000,1024,999,5141,0.0026075541973114014,0.0022826914209872484,0.005757656201931898,0.018677731266048995,3,3,4,4,3,4,3,4,3,3.5,4,51.398088455200195
"[48, 48, 48]",15.0,0.0002,4000,256,42,5141,0.0022634249180555344,0.0016511493595317006,0.004083219832498597,0.007317382499796713,3,3,4,4,3,3,3,4,3,3.375,4,50.27191090583801
"[48, 48, 48]",15.0,0.0002,4000,256,137,5141,0.0013913481961935759,0.0010789049556478858,0.005030753202100654,0.00817769999548969,3,3,3,4,3,3,3,4,3,3.25,4,50.34321355819702
"[48, 48, 48]",15.0,0.0002,4000,256,2024,5141,0.0014143247390165925,0.001096097519621253,0.005343347165544575,0.012674565125184546,3,3,4,4,3,3,4,3,3,3.375,4,50.15667128562927
"[48, 48, 48]",15.0,0.0002,4000,256,7,5141,0.0032136021181941032,0.0017345119267702103,0.003364231151624575,0.009419328762684717,3,4,4,4,3,4,3,4,3,3.625,4,50.305622577667236
"[48, 48, 48]",15.0,0.0002,4000,256,999,5141,0.002741841599345207,0.001714758574962616,0.003880533804803071,0.008637639735615982,3,3,5,4,3,4,5,4,3,3.875,5,50.15263271331787
"[48, 48, 48]",15.0,0.0002,4000,512,42,5141,0.001377701060846448,0.0011507554445415735,0.0028528406157760223,0.004888889121261402,4,4,3,4,3,3,3,4,3,3.5,4,51.250235080718994
"[48, 48, 48]",15.0,0.0002,4000,512,137,5141,0.0010869832476601005,0.0008892671321518719,0.006133789279214803,0.012656439974980307,3,3,3,4,3,3,3,3,3,3.125,4,51.65126872062683
"[48, 48, 48]",15.0,0.0002,4000,512,2024,5141,0.0010477289324626327,0.0008414804469794035,0.0018068276152478225,0.0030491949019894548,3,4,4,4,3,4,4,5,3,3.875,5,51.22652530670166
"[48, 48, 48]",15.0,0.0002,4000,512,7,5141,0.0014250477543100715,0.0012985431822016835,0.0032531149922361436,0.006568975840752696,3,3,4,4,3,4,4,4,3,3.625,4,51.21280026435852
"[48, 48, 48]",15.0,0.0002,4000,512,999,5141,0.0022209000308066607,0.0014451326569542289,0.003017862705066548,0.006797751843620363,4,4,4,5,3,4,3,4,3,3.875,5,51.26726794242859
"[48, 48, 48]",15.0,0.0002,4000,1024,42,5141,0.0011104419827461243,0.00095473846886307,0.0021022177005738944,0.0055497372131587935,4,4,3,4,3,5,4,4,3,3.875,5,51.35712027549744
"[48, 48, 48]",15.0,0.0002,4000,1024,137,5141,0.0007543924730271101,0.0006443735910579562,0.003038757180127654,0.005611725281680788,3,4,4,4,3,3,3,4,3,3.5,4,51.49423575401306
"[48, 48, 48]",15.0,0.0002,4000,1024,2024,5141,0.0009545544162392616,0.0007488101837225258,0.002090871340525322,0.004443901501314122,4,4,4,4,3,4,3,4,3,3.75,4,51.60821056365967
"[48, 48, 48]",15.0,0.0002,4000,1024,7,5141,0.0010595107451081276,0.0009751355391927063,0.002637576932827464,0.005591911734550473,3,4,4,4,3,4,4,4,3,3.75,4,51.454304695129395
"[48, 48, 48]",15.0,0.0002,4000,1024,999,5141,0.0014625353505834937,0.0011315640294924378,0.004874986425502451,0.010839030889141097,3,3,4,4,3,3,3,5,3,3.5,5,51.355207443237305
"[48, 48, 48]",20.0,5e-05,2000,256,42,5141,0.020731471478939056,0.014582324773073196,0.04268156951129499,0.12972349822041385,2,2,3,4,2,2,4,3,2,2.75,4,25.06661581993103
"[48, 48, 48]",20.0,5e-05,2000,256,137,5141,0.03861355781555176,0.019036676734685898,0.04308389253279459,0.11888072084902769,3,2,3,3,2,2,2,6,2,2.875,6,25.01647162437439
"[48, 48, 48]",20.0,5e-05,2000,256,2024,5141,0.04449757933616638,0.026332687586545944,0.1227878612108791,0.2920452421044273,2,1,2,2,2,2,2,3,1,2.0,3,25.176934480667114
"[48, 48, 48]",20.0,5e-05,2000,256,7,5141,0.017538689076900482,0.01654362678527832,0.04877521157972785,0.09564473023361206,2,2,3,3,2,2,3,3,2,2.5,3,24.995907068252563
"[48, 48, 48]",20.0,5e-05,2000,256,999,5141,0.01981588453054428,0.01824737712740898,0.054531360655718994,0.15945846761131782,2,2,2,3,3,2,3,4,2,2.625,4,25.26120638847351
"[48, 48, 48]",20.0,5e-05,2000,512,42,5141,0.018696408718824387,0.013259935192763805,0.03644396542175436,0.1197938871159585,2,2,3,3,3,2,3,3,2,2.625,3,25.825212001800537
"[48, 48, 48]",20.0,5e-05,2000,512,137,5141,0.026111800223588943,0.015841737389564514,0.05038531860401641,0.0989801895349135,2,2,3,3,2,2,2,3,2,2.375,3,25.770225048065186
"[48, 48, 48]",20.0,5e-05,2000,512,2024,5141,0.029929649084806442,0.02241143211722374,0.09988098538168211,0.2650581388516572,2,2,2,3,2,2,2,2,2,2.125,3,25.6565043926239
"[48, 48, 48]",20.0,5e-05,2000,512,7,5141,0.02081691101193428,0.01601381041109562,0.04657733671748738,0.1056384248419757,2,2,3,3,2,2,3,3,2,2.5,3,25.60726809501648
"[48, 48, 48]",20.0,5e-05,2000,512,999,5141,0.02394890785217285,0.017677007243037224,0.051293128201340195,0.16574285170865377,2,2,3,4,2,2,3,3,2,2.625,4,25.74541735649109
"[48, 48, 48]",20.0,5e-05,2000,1024,42,5141,0.014044507406651974,0.01096434984356165,0.03141683202959175,0.1142444559384481,3,2,3,3,2,2,3,3,2,2.625,3,25.950878143310547
"[48, 48, 48]",20.0,5e-05,2000,1024,137,5141,0.01873663254082203,0.014297444373369217,0.03698927224493469,0.07896976808224103,3,2,5,3,2,2,3,4,2,3.0,5,25.988999128341675
"[48, 48, 48]",20.0,5e-05,2000,1024,2024,5141,0.025148823857307434,0.019749309867620468,0.08339434754517708,0.2510658220811475,3,2,2,3,4,2,2,3,2,2.625,4,25.952495098114014
"[48, 48, 48]",20.0,5e-05,2000,1024,7,5141,0.015136136673390865,0.01287737488746643,0.042606972637662006,0.0988293224646686,3,2,4,3,2,2,3,3,2,2.75,4,25.667752981185913
"[48, 48, 48]",20.0,5e-05,2000,1024,999,5141,0.020388182252645493,0.01498415507376194,0.04271381610520304,0.14189251692989732,2,2,4,3,2,2,2,4,2,2.625,4,25.83967161178589
"[48, 48, 48]",20.0,0.0001,2000,256,42,5141,0.008279670029878616,0.007006852421909571,0.011268257187615973,0.0312156909696156,3,2,3,3,2,3,4,3,2,2.875,4,25.217746257781982
"[48, 48, 48]",20.0,0.0001,2000,256,137,5141,0.013522516936063766,0.00746633717790246,0.009481905200240373,0.019504279369440734,3,3,3,4,3,3,3,3,3,3.125,4,25.24225091934204
"[48, 48, 48]",20.0,0.0001,2000,256,2024,5141,0.013274271041154861,0.006930558942258358,0.01701800438933344,0.044496645068923354,3,2,3,4,3,2,3,3,2,2.875,4,25.466689109802246
"[48, 48, 48]",20.0,0.0001,2000,256,7,5141,0.007746661081910133,0.00680198147892952,0.012223852127616504,0.027908153802893316,2,3,3,3,3,3,4,3,2,3.0,4,25.270209074020386
"[48, 48, 48]",20.0,0.0001,2000,256,999,5141,0.008423973806202412,0.0075711533427238464,0.013364392914158483,0.0387291238896787,4,3,2,4,3,3,3,3,2,3.125,4,25.040947437286377
"[48, 48, 48]",20.0,0.0001,2000,512,42,5141,0.00836076121777296,0.005437612999230623,0.009403658231372118,0.031048072554705413,3,2,3,3,2,4,5,4,2,3.25,5,25.85740089416504
"[48, 48, 48]",20.0,0.0001,2000,512,137,5141,0.011410295031964779,0.006469283252954483,0.006758285328157543,0.013391081442962024,3,3,4,4,2,3,3,4,2,3.25,4,25.83968162536621
"[48, 48, 48]",20.0,0.0001,2000,512,2024,5141,0.008954939432442188,0.007532230578362942,0.018633508052224617,0.07432998890624816,2,3,3,3,3,2,3,3,2,2.75,3,25.608752965927124
"[48, 48, 48]",20.0,0.0001,2000,512,7,5141,0.00947560090571642,0.006196250673383474,0.01185544061478871,0.02240529128294686,3,3,3,3,2,3,4,3,2,3.0,4,25.610644340515137
"[48, 48, 48]",20.0,0.0001,2000,512,999,5141,0.010307913646101952,0.007929064333438873,0.016431617506314233,0.0373988150602455,4,3,3,3,2,2,3,3,2,2.875,4,25.673739671707153
"[48, 48, 48]",20.0,0.0001,2000,1024,42,5141,0.0053976159542799,0.0044295391999185085,0.007384569243847145,0.014819674242699097,4,3,4,4,3,3,3,4,3,3.5,4,25.64830183982849
"[48, 48, 48]",20.0,0.0001,2000,1024,137,5141,0.006661717779934406,0.005214271135628223,0.00598237672564355,0.01443559240217801,3,3,3,4,2,4,5,4,2,3.5,5,25.78020691871643
"[48, 48, 48]",20.0,0.0001,2000,1024,2024,5141,0.008554053492844105,0.00700526824221015,0.017183601634918718,0.06747447594840969,3,3,3,3,3,2,4,3,2,3.0,4,25.547317266464233
"[48, 48, 48]",20.0,0.0001,2000,1024,7,5141,0.006029604002833366,0.005394645035266876,0.005790425774392915,0.013459313124042502,4,3,3,5,3,3,3,4,3,3.5,5,25.748714208602905
"[48, 48, 48]",20.0,0.0001,2000,1024,999,5141,0.008796228095889091,0.0064978026784956455,0.013143518068763528,0.03461037513156528,3,3,3,3,3,3,2,4,2,3.0,4,25.753052711486816
"[48, 48, 48]",20.0,0.0002,2000,256,42,5141,0.003771701827645302,0.003331662155687809,0.0064905663737572766,0.012620644093149683,2,3,3,4,3,4,3,4,2,3.25,4,25.073177099227905
"[48, 48, 48]",20.0,0.0002,2000,256,137,5141,0.005980257876217365,0.0036484552547335625,0.003140659489891589,0.009459053783931658,3,4,3,4,3,4,4,4,3,3.625,4,25.193150520324707
"[48, 48, 48]",20.0,0.0002,2000,256,2024,5141,0.005192215088754892,0.002958204597234726,0.005905026393364467,0.008925962864056758,3,3,3,4,3,3,4,4,3,3.375,4,25.09891128540039
"[48, 48, 48]",20.0,0.0002,2000,256,7,5141,0.0038109661545604467,0.0035016473848372698,0.004421512498778904,0.011300580531794537,3,3,3,4,3,4,4,3,3,3.375,4,24.952597618103027
"[48, 48, 48]",20.0,0.0002,2000,256,999,5141,0.004517979919910431,0.003962509334087372,0.003200506721300642,0.006154675079473649,4,4,3,4,3,3,3,4,3,3.5,4,24.9490008354187
"[48, 48, 48]",20.0,0.0002,2000,512,42,5141,0.004546687006950378,0.002688114996999502,0.005664098515901753,0.013525412002909241,3,4,3,4,3,3,3,4,3,3.375,4,25.619696617126465
"[48, 48, 48]",20.0,0.0002,2000,512,137,5141,0.005443206988275051,0.003418758511543274,0.006554099097221818,0.014021906982236,3,3,4,4,3,3,4,4,3,3.5,4,25.850285053253174
"[48, 48, 48]",20.0,0.0002,2000,512,2024,5141,0.003875431604683399,0.003487148554995656,0.008284044962726316,0.014449465549273491,3,4,3,5,2,3,3,3,2,3.25,5,25.694376707077026
"[48, 48, 48]",20.0,0.0002,2000,512,7,5141,0.0041577862575650215,0.0029887650161981583,0.0026437000230038936,0.008072393170657654,3,4,3,4,4,4,3,5,3,3.75,5,25.77864909172058
"[48, 48, 48]",20.0,0.0002,2000,512,999,5141,0.004626956768333912,0.003496278775855899,0.00622243502605485,0.010414731979710844,3,4,3,3,3,3,3,4,3,3.25,4,25.593197345733643
"[48, 48, 48]",20.0,0.0002,2000,1024,42,5141,0.002722908044233918,0.0022537382319569588,0.0030313855526170968,0.008232089692609898,4,4,4,4,4,3,3,4,3,3.75,4,25.63485312461853
"[48, 48, 48]",20.0,0.0002,2000,1024,137,5141,0.0030288719572126865,0.002522273687645793,0.003544500466248958,0.007282216946921258,4,4,3,4,3,3,3,4,3,3.5,4,25.845410108566284
"[48, 48, 48]",20.0,0.0002,2000,1024,2024,5141,0.003562729572877288,0.0031876610592007637,0.00505398097322441,0.01918650345961324,3,4,3,4,6,3,4,4,3,3.875,6,25.816344738006592
"[48, 48, 48]",20.0,0.0002,2000,1024,7,5141,0.0031611935701221228,0.0027680753264576197,0.0036058971094118566,0.006712465571285162,3,3,4,4,3,4,4,4,3,3.625,4,25.885945320129395
"[48, 48, 48]",20.0,0.0002,2000,1024,999,5141,0.003698222804814577,0.002792506478726864,0.004379442971533449,0.009499320643609664,3,4,4,4,3,3,3,4,3,3.5,4,25.813926219940186
"[48, 48, 48]",20.0,5e-05,3000,256,42,5141,0.023615781217813492,0.008381339721381664,0.01550515800092854,0.06129840935712179,3,2,3,4,3,3,3,3,2,3.0,4,37.52761220932007
"[48, 48, 48]",20.0,5e-05,3000,256,137,5141,0.015176190063357353,0.00924026221036911,0.01818448835804414,0.04261039166722074,3,3,3,4,2,2,3,3,2,2.875,4,37.22848677635193
"[48, 48, 48]",20.0,5e-05,3000,256,2024,5141,0.014474972151219845,0.013160310685634613,0.04917199340882615,0.13862460224208392,2,2,2,3,3,2,2,3,2,2.375,3,37.870458126068115
"[48, 48, 48]",20.0,5e-05,3000,256,7,5141,0.014493750408291817,0.009512006305158138,0.013235546812285844,0.03148366635530148,3,3,3,3,4,3,4,3,3,3.25,4,37.33306527137756
"[48, 48, 48]",20.0,5e-05,3000,256,999,5141,0.011651955544948578,0.009222105145454407,0.023517087398280456,0.054404732897946353,2,2,2,3,3,2,3,3,2,2.5,3,37.41391730308533
"[48, 48, 48]",20.0,5e-05,3000,512,42,5141,0.008188052102923393,0.0071799661964178085,0.012840653293991786,0.047495956007028634,3,2,3,3,3,3,3,4,2,3.0,4,38.44397974014282
"[48, 48, 48]",20.0,5e-05,3000,512,137,5141,0.011183210648596287,0.00795130804181099,0.009627529124407322,0.020777704213917787,2,3,3,4,2,3,4,4,2,3.125,4,38.831263303756714
"[48, 48, 48]",20.0,5e-05,3000,512,2024,5141,0.012585610151290894,0.011000635102391243,0.03366976868075934,0.11491523641846037,3,2,3,3,3,2,3,3,2,2.75,3,38.64889597892761
"[48, 48, 48]",20.0,5e-05,3000,512,7,5141,0.011266456916928291,0.008961313404142857,0.02211105529427276,0.03951500861121257,2,3,3,3,2,3,3,3,2,2.75,3,38.582361459732056
"[48, 48, 48]",20.0,5e-05,3000,512,999,5141,0.012806934304535389,0.009242857806384563,0.021002856748679157,0.0549427751171259,3,3,3,4,2,2,3,3,2,2.875,4,38.47486925125122
"[48, 48, 48]",20.0,5e-05,3000,1024,42,5141,0.006886591203510761,0.005708592943847179,0.012089864503622576,0.03503272006248115,3,2,3,4,2,4,3,3,2,3.0,4,38.75095343589783
"[48, 48, 48]",20.0,5e-05,3000,1024,137,5141,0.010979428887367249,0.0072743454948067665,0.008539028005252993,0.018316842437165467,3,3,3,3,4,3,3,3,3,3.125,4,38.556113481521606
"[48, 48, 48]",20.0,5e-05,3000,1024,2024,5141,0.010914947837591171,0.009269456379115582,0.028195612533237293,0.11107711367979924,3,2,3,4,3,2,3,3,2,2.875,4,38.78743386268616
"[48, 48, 48]",20.0,5e-05,3000,1024,7,5141,0.007332536391913891,0.007085759192705154,0.01257126750566818,0.022807245089594946,3,3,4,3,2,3,3,3,2,3.0,4,38.621792793273926
"[48, 48, 48]",20.0,5e-05,3000,1024,999,5141,0.01126671489328146,0.007832556962966919,0.0183357134047215,0.05403639977584653,2,3,3,3,3,2,3,4,2,2.875,4,38.50996732711792
"[48, 48, 48]",20.0,0.0001,3000,256,42,5141,0.010585635900497437,0.0041917855851352215,0.004329535606683071,0.0098629012933854,3,3,4,4,3,4,3,4,3,3.5,4,37.488394260406494
"[48, 48, 48]",20.0,0.0001,3000,256,137,5141,0.006171957589685917,0.0038737542927265167,0.006177563175250399,0.02020278423595221,3,4,3,4,3,4,3,4,3,3.5,4,37.64849925041199
"[48, 48, 48]",20.0,0.0001,3000,256,2024,5141,0.005161045119166374,0.0040217200294137,0.0071339391046823155,0.011947079895081217,4,4,3,3,3,3,3,4,3,3.375,4,37.458186864852905
"[48, 48, 48]",20.0,0.0001,3000,256,7,5141,0.00666622631251812,0.004201069008558989,0.005795461489670646,0.01611625051513459,2,3,4,4,3,4,4,3,2,3.375,4,37.5044584274292
"[48, 48, 48]",20.0,0.0001,3000,256,999,5141,0.005371954292058945,0.004637750796973705,0.00857280319219448,0.014571381351722203,3,3,3,4,3,3,4,4,3,3.375,4,37.72042393684387
"[48, 48, 48]",20.0,0.0001,3000,512,42,5141,0.003545502433553338,0.0032454170286655426,0.004541102086000752,0.00996717838194947,3,3,3,4,3,3,4,4,3,3.375,4,38.91287684440613
"[48, 48, 48]",20.0,0.0001,3000,512,137,5141,0.004820810630917549,0.0037362701259553432,0.005963726056238264,0.014872106113628868,3,4,3,4,2,3,3,4,2,3.25,4,38.372275590896606
"[48, 48, 48]",20.0,0.0001,3000,512,2024,5141,0.004902409389615059,0.004076631739735603,0.006415104104496351,0.02826263542482458,3,3,5,4,3,3,3,4,3,3.5,5,38.42643475532532
"[48, 48, 48]",20.0,0.0001,3000,512,7,5141,0.004837387707084417,0.0038489368744194508,0.004654469899131757,0.014904968553508707,4,5,4,3,2,3,3,4,2,3.5,5,38.59824514389038
"[48, 48, 48]",20.0,0.0001,3000,512,999,5141,0.006214269436895847,0.004572130274027586,0.007730227134861781,0.023443467001729536,3,4,3,4,3,3,3,3,3,3.25,4,38.37929010391235
"[48, 48, 48]",20.0,0.0001,3000,1024,42,5141,0.003132784739136696,0.002568223048001528,0.004509152155666432,0.00909429626606103,3,4,3,4,3,3,3,4,3,3.375,4,38.66591262817383
"[48, 48, 48]",20.0,0.0001,3000,1024,137,5141,0.004008302930742502,0.003013199893757701,0.006072677436080965,0.010005005611127687,2,4,3,4,3,3,3,4,2,3.25,4,38.56306719779968
"[48, 48, 48]",20.0,0.0001,3000,1024,2024,5141,0.004376336000859737,0.0038386634550988674,0.005967431259848808,0.021212671312871734,4,3,4,4,4,3,3,4,3,3.625,4,38.70504832267761
"[48, 48, 48]",20.0,0.0001,3000,1024,7,5141,0.003149905940517783,0.0029763400088995695,0.0032363746991788235,0.008872720639751969,4,3,3,5,3,4,3,4,3,3.625,5,38.59318137168884
"[48, 48, 48]",20.0,0.0001,3000,1024,999,5141,0.005118147004395723,0.0036328977439552546,0.007082652954017918,0.020397810646329614,3,3,4,4,2,3,3,5,2,3.375,5,38.58905649185181
"[48, 48, 48]",20.0,0.0002,3000,256,42,5141,0.004248411860316992,0.0018780321115627885,0.0026149575784206133,0.007109088526497428,3,5,5,4,4,3,3,4,3,3.875,5,37.68571400642395
"[48, 48, 48]",20.0,0.0002,3000,256,137,5141,0.0025246087461709976,0.002108778804540634,0.0037631248481754804,0.007456639675457371,3,3,3,5,3,3,3,4,3,3.375,5,37.684598207473755
"[48, 48, 48]",20.0,0.0002,3000,256,2024,5141,0.0020021789241582155,0.001638768007978797,0.006009240631683172,0.011851938402866241,3,3,3,3,3,3,3,4,3,3.125,4,37.61798048019409
"[48, 48, 48]",20.0,0.0002,3000,256,7,5141,0.003127375151962042,0.00208375696092844,0.00406737513135338,0.0067880005317093395,3,3,3,4,3,3,4,4,3,3.375,4,37.66705107688904
"[48, 48, 48]",20.0,0.0002,3000,256,999,5141,0.002739284886047244,0.0025877265725284815,0.004489423625225053,0.0076625619485325164,3,3,4,4,3,3,3,4,3,3.375,4,37.81368017196655
"[48, 48, 48]",20.0,0.0002,3000,512,42,5141,0.0018415614031255245,0.0016761771403253078,0.003230821059072939,0.01059637513085094,4,4,4,4,3,3,4,4,3,3.75,4,38.67704176902771
"[48, 48, 48]",20.0,0.0002,3000,512,137,5141,0.0024254797026515007,0.0019779736176133156,0.005322203221220799,0.013135115102204647,4,3,4,6,2,3,3,4,2,3.625,6,38.398226261138916
"[48, 48, 48]",20.0,0.0002,3000,512,2024,5141,0.002377595752477646,0.0020454940386116505,0.0037370635499690014,0.008055248796716158,4,4,4,4,3,3,3,4,3,3.625,4,38.58153414726257
"[48, 48, 48]",20.0,0.0002,3000,512,7,5141,0.002263728529214859,0.0018052816158160567,0.005736319580328024,0.014525121066534266,3,3,3,4,3,3,3,4,3,3.25,4,38.31264352798462
"[48, 48, 48]",20.0,0.0002,3000,512,999,5141,0.0024988953955471516,0.002052009105682373,0.003002528214966444,0.00870384312988706,3,5,4,5,3,4,3,4,3,3.875,5,38.417688846588135
"[48, 48, 48]",20.0,0.0002,3000,1024,42,5141,0.001555044436827302,0.0013119536451995373,0.0018901306774340122,0.0032124451586094892,3,5,4,4,4,4,4,4,3,4.0,5,38.50370001792908
"[48, 48, 48]",20.0,0.0002,3000,1024,137,5141,0.0016610539751127362,0.0013541491935029626,0.0033169388340973634,0.008191215759336614,3,3,4,4,3,3,3,4,3,3.375,4,38.542911767959595
"[48, 48, 48]",20.0,0.0002,3000,1024,2024,5141,0.0021089380607008934,0.001786649925634265,0.0019707800470538392,0.006723002733986744,5,4,4,4,3,3,5,5,3,4.125,5,38.566572189331055
"[48, 48, 48]",20.0,0.0002,3000,1024,7,5141,0.0015725846169516444,0.0015725846169516444,0.004707212553216586,0.008304907980971185,3,3,3,4,3,3,3,4,3,3.25,4,38.60973525047302
"[48, 48, 48]",20.0,0.0002,3000,1024,999,5141,0.002211234997957945,0.0016147126443684101,0.0018513461967593495,0.005985008038325907,4,4,4,4,4,5,4,4,4,4.125,5,38.78335118293762
"[48, 48, 48]",20.0,5e-05,4000,256,42,5141,0.00870511308312416,0.005761898122727871,0.010730458139201947,0.033788417825357124,2,2,4,4,4,3,4,3,2,3.25,4,50.3750274181366
"[48, 48, 48]",20.0,5e-05,4000,256,137,5141,0.011445220559835434,0.0060934764333069324,0.013215289216871477,0.022223434405613054,2,4,3,4,2,3,3,3,2,3.0,4,50.30309581756592
"[48, 48, 48]",20.0,5e-05,4000,256,2024,5141,0.01238731574267149,0.007430957164615393,0.017905043175312357,0.06518055563091862,3,2,3,3,4,2,4,4,2,3.125,4,50.308170795440674
"[48, 48, 48]",20.0,5e-05,4000,256,7,5141,0.013333573937416077,0.006149244494736195,0.007727237906354663,0.021952491456291905,3,5,3,4,3,3,3,3,3,3.375,5,50.12178182601929
"[48, 48, 48]",20.0,5e-05,4000,256,999,5141,0.010550623759627342,0.006383661646395922,0.010622146238082853,0.0253263999169562,4,3,3,3,3,3,3,4,3,3.25,4,50.16953921318054
"[48, 48, 48]",20.0,5e-05,4000,512,42,5141,0.006456178147345781,0.00456921337172389,0.006534961704643614,0.020447953703639162,3,3,3,4,3,3,4,5,3,3.5,5,51.24915266036987
"[48, 48, 48]",20.0,5e-05,4000,512,137,5141,0.007215856574475765,0.005192250944674015,0.0036086295951663775,0.011212227616020188,3,4,3,4,4,4,4,4,3,3.75,4,51.50709342956543
"[48, 48, 48]",20.0,5e-05,4000,512,2024,5141,0.008409096859395504,0.0066755469888448715,0.013495210078206556,0.05178528813649874,4,3,3,4,3,2,3,4,2,3.25,4,51.43799114227295
"[48, 48, 48]",20.0,5e-05,4000,512,7,5141,0.007027353625744581,0.005929687526077032,0.011770500768088608,0.03178907248768603,3,4,3,4,3,4,3,3,3,3.375,4,51.52516984939575
"[48, 48, 48]",20.0,5e-05,4000,512,999,5141,0.009110739454627037,0.00623985193669796,0.014266094652580247,0.0339454559058399,2,3,3,3,3,2,3,3,2,2.75,3,51.28358459472656
"[48, 48, 48]",20.0,5e-05,4000,1024,42,5141,0.0047344728372991085,0.003653837600722909,0.006755874737500711,0.014147209046436965,3,3,3,4,2,3,4,4,2,3.25,4,51.47896671295166
"[48, 48, 48]",20.0,5e-05,4000,1024,137,5141,0.0058446479961276054,0.004708332009613514,0.00536156688566319,0.008184309551856755,4,3,3,4,3,3,3,4,3,3.375,4,51.31736660003662
"[48, 48, 48]",20.0,5e-05,4000,1024,2024,5141,0.007106755394488573,0.005716568790376186,0.010423511030280571,0.05351428391749693,3,3,4,4,3,2,3,5,2,3.375,5,51.48793387413025
"[48, 48, 48]",20.0,5e-05,4000,1024,7,5141,0.0071645574644207954,0.004742236342281103,0.006235866076433224,0.014805930037214948,3,3,4,3,3,3,3,3,3,3.125,4,51.376052141189575
"[48, 48, 48]",20.0,5e-05,4000,1024,999,5141,0.006088436581194401,0.005009293090552092,0.010422886282733695,0.031756121593100754,3,3,3,3,3,3,3,5,3,3.25,5,51.59623885154724
"[48, 48, 48]",20.0,0.0001,4000,256,42,5141,0.004215016961097717,0.002915007993578911,0.003379517969854327,0.011318824168898343,3,4,4,4,3,3,4,4,3,3.625,4,50.04798889160156
"[48, 48, 48]",20.0,0.0001,4000,256,137,5141,0.0045583732426166534,0.002642958890646696,0.004067479776065911,0.009681967655754754,3,4,3,4,4,3,3,4,3,3.5,4,50.21085166931152
"[48, 48, 48]",20.0,0.0001,4000,256,2024,5141,0.0038555182982236147,0.002578901359811425,0.005738754170390546,0.009806580536837238,3,3,3,3,3,3,4,4,3,3.25,4,50.24165463447571
"[48, 48, 48]",20.0,0.0001,4000,256,7,5141,0.005271803122013807,0.002868564799427986,0.0045530767342297825,0.008927767043702255,3,3,3,4,3,3,3,4,3,3.25,4,50.15795946121216
"[48, 48, 48]",20.0,0.0001,4000,256,999,5141,0.005076196510344744,0.0033154962584376335,0.006316224689912954,0.01082336754799094,3,3,3,4,3,3,3,4,3,3.25,4,49.82289266586304
"[48, 48, 48]",20.0,0.0001,4000,512,42,5141,0.003007852705195546,0.0022491945419460535,0.002686274497507932,0.00554096656924102,3,4,3,4,3,4,4,5,3,3.75,5,51.0993595123291
"[48, 48, 48]",20.0,0.0001,4000,512,137,5141,0.003279642201960087,0.0024564950726926327,0.004665342749965304,0.008274945829201762,3,3,3,5,3,4,3,4,3,3.5,5,51.207579612731934
"[48, 48, 48]",20.0,0.0001,4000,512,2024,5141,0.003525730688124895,0.0025775558315217495,0.0032851824331445916,0.011284257377578391,3,3,4,4,3,3,4,5,3,3.625,5,51.128199100494385
"[48, 48, 48]",20.0,0.0001,4000,512,7,5141,0.0029129027388989925,0.002594069577753544,0.0032116212107359023,0.008426827638027561,4,3,4,4,3,3,4,6,3,3.875,6,51.44734787940979
"[48, 48, 48]",20.0,0.0001,4000,512,999,5141,0.004874761216342449,0.0031056487932801247,0.004117943874299763,0.0086800583548217,3,4,3,4,4,3,3,4,3,3.5,4,51.25854301452637
"[48, 48, 48]",20.0,0.0001,4000,1024,42,5141,0.00207946402952075,0.0016477996250614524,0.003427482756697268,0.007909538925590062,3,4,3,4,3,3,3,5,3,3.5,5,52.136070013046265
"[48, 48, 48]",20.0,0.0001,4000,1024,137,5141,0.0025066391099244356,0.0019030279945582151,0.0040511536784873505,0.01176462951863893,3,3,4,4,3,4,4,4,3,3.625,4,51.75396800041199
"[48, 48, 48]",20.0,0.0001,4000,1024,2024,5141,0.0032211695797741413,0.0024373256601393223,0.002963847412269448,0.005549126507445023,3,3,4,4,4,3,4,4,3,3.625,4,51.51559042930603
"[48, 48, 48]",20.0,0.0001,4000,1024,7,5141,0.0027198176831007004,0.0020378853660076857,0.002792753766933297,0.0044483437350712595,3,3,3,4,3,4,4,4,3,3.5,4,51.544084548950195
"[48, 48, 48]",20.0,0.0001,4000,1024,999,5141,0.0027108003851026297,0.0022574528120458126,0.00455427820467492,0.015017457905922373,3,3,4,4,3,4,3,4,3,3.5,4,51.28996777534485
"[48, 48, 48]",20.0,0.0002,4000,256,42,5141,0.0017382025253027678,0.0013285381719470024,0.004287372401727625,0.008299869617368788,3,3,4,4,3,3,3,5,3,3.5,5,50.37690305709839
"[48, 48, 48]",20.0,0.0002,4000,256,137,5141,0.0020461413078010082,0.0014195278054103255,0.00346944791286354,0.006473469421988886,3,3,4,5,3,3,3,4,3,3.5,5,50.202999114990234
"[48, 48, 48]",20.0,0.0002,4000,256,2024,5141,0.0012503752950578928,0.0010500617790967226,0.004724310986814436,0.008146250609874313,4,3,3,4,3,3,3,4,3,3.375,4,50.059364557266235
"[48, 48, 48]",20.0,0.0002,4000,256,7,5141,0.0027054292149841785,0.0013929203851148486,0.005564350377515513,0.010329275641600591,3,3,3,4,3,3,3,5,3,3.375,5,50.161890745162964
"[48, 48, 48]",20.0,0.0002,4000,256,999,5141,0.002754796529188752,0.0018388938624411821,0.0020183284927004453,0.0049058794456240985,4,4,4,4,3,4,4,5,3,4.0,5,50.05369162559509
"[48, 48, 48]",20.0,0.0002,4000,512,42,5141,0.0014753970317542553,0.0011751336278393865,0.0041051780020760625,0.009652638754753298,3,3,4,4,3,3,3,4,3,3.375,4,50.919803619384766
"[48, 48, 48]",20.0,0.0002,4000,512,137,5141,0.0016285150777548552,0.001217939192429185,0.006257190417600401,0.010673134693973275,3,4,3,4,3,3,3,4,3,3.375,4,51.549705266952515
"[48, 48, 48]",20.0,0.0002,4000,512,2024,5141,0.0017757844179868698,0.0013675823574885726,0.004766075688507542,0.010800732196766031,4,3,3,4,3,4,3,3,3,3.375,4,50.95888638496399
"[48, 48, 48]",20.0,0.0002,4000,512,7,5141,0.0012195294257253408,0.0012195294257253408,0.0019017633858815991,0.005429642838387315,3,4,4,4,4,4,3,5,3,3.875,5,50.916130781173706
"[48, 48, 48]",20.0,0.0002,4000,512,999,5141,0.0019625453278422356,0.0013630585744976997,0.004057725761599049,0.006779823418838179,3,4,3,4,3,3,3,4,3,3.375,4,51.02885675430298
"[48, 48, 48]",20.0,0.0002,4000,1024,42,5141,0.0010307042393833399,0.0008654184639453888,0.0014767120700435597,0.0029666640985964274,3,4,3,4,4,4,4,5,3,3.875,5,51.604429721832275
"[48, 48, 48]",20.0,0.0002,4000,1024,137,5141,0.0010522801894694567,0.0008891927427612245,0.0034074165808141666,0.00684353419870035,3,4,3,5,3,3,3,4,3,3.5,5,51.7988224029541
"[48, 48, 48]",20.0,0.0002,4000,1024,2024,5141,0.001674534985795617,0.0011625159531831741,0.002603109546715758,0.00631637585940106,3,5,4,4,3,3,4,4,3,3.75,5,51.37652778625488
"[48, 48, 48]",20.0,0.0002,4000,1024,7,5141,0.0012255179462954402,0.0010240161791443825,0.003058949069104762,0.00612201709013848,3,3,3,4,3,4,3,5,3,3.5,5,51.23934602737427
"[48, 48, 48]",20.0,0.0002,4000,1024,999,5141,0.0012518723960965872,0.001054686028510332,0.0027622626542049187,0.007161954923170494,3,3,4,5,4,4,3,4,3,3.75,5,51.460752964019775
"[48, 48, 48]",25.0,5e-05,2000,256,42,5141,0.020906588062644005,0.017249610275030136,0.0532885636639699,0.18672754581509404,3,2,4,3,2,2,3,3,2,2.75,4,25.234144926071167
"[48, 48, 48]",25.0,5e-05,2000,256,137,5141,0.0384548120200634,0.0198450218886137,0.04598219578920865,0.12200171807031167,3,2,3,3,2,2,3,3,2,2.625,3,24.97574520111084
"[48, 48, 48]",25.0,5e-05,2000,256,2024,5141,0.049093957990407944,0.028673678636550903,0.11327413411456343,0.30843544097537584,2,1,3,3,2,2,2,2,1,2.125,3,25.07983636856079
"[48, 48, 48]",25.0,5e-05,2000,256,7,5141,0.019786888733506203,0.01944371685385704,0.0648516976925892,0.14237235657074626,2,2,4,3,2,2,2,3,2,2.5,4,25.127819776535034
"[48, 48, 48]",25.0,5e-05,2000,256,999,5141,0.02135494351387024,0.01939493417739868,0.06361487201823147,0.28886937944401414,3,2,2,3,3,2,3,3,2,2.625,3,24.99155306816101
"[48, 48, 48]",25.0,5e-05,2000,512,42,5141,0.0205753855407238,0.015692099928855896,0.05238222712400743,0.1679723905893136,2,2,3,4,2,2,5,3,2,2.875,5,25.63215923309326
"[48, 48, 48]",25.0,5e-05,2000,512,137,5141,0.022495340555906296,0.01672620326280594,0.038867862854795605,0.0872180818176277,3,2,2,3,2,2,3,4,2,2.625,4,25.534115314483643
"[48, 48, 48]",25.0,5e-05,2000,512,2024,5141,0.0324394553899765,0.02522960677742958,0.09999104307660944,0.27735691940492063,2,2,3,3,2,2,2,2,2,2.25,3,25.605106353759766
"[48, 48, 48]",25.0,5e-05,2000,512,7,5141,0.024327296763658524,0.01606273092329502,0.05791935606051432,0.1340866602275044,3,2,2,3,2,2,3,3,2,2.5,3,25.52222180366516
"[48, 48, 48]",25.0,5e-05,2000,512,999,5141,0.023391466587781906,0.01933610625565052,0.053874591946806515,0.26363599319386044,2,2,4,4,2,2,3,4,2,2.875,4,25.557557821273804
"[48, 48, 48]",25.0,5e-05,2000,1024,42,5141,0.016210027039051056,0.011748657561838627,0.042660695671494143,0.123466887705555,2,2,3,4,2,2,3,3,2,2.625,4,25.614821195602417
"[48, 48, 48]",25.0,5e-05,2000,1024,137,5141,0.01932307332754135,0.01511801965534687,0.04569375903685473,0.094680810369572,3,2,2,3,2,2,2,3,2,2.375,3,25.720174074172974
"[48, 48, 48]",25.0,5e-05,2000,1024,2024,5141,0.0256789680570364,0.020924173295497894,0.08621582143839417,0.24737809111470893,3,2,4,3,3,2,2,2,2,2.625,4,25.606891870498657
"[48, 48, 48]",25.0,5e-05,2000,1024,7,5141,0.016689952462911606,0.01575249619781971,0.0473640078162249,0.12728746863677248,2,2,3,3,3,2,3,3,2,2.625,3,25.70675778388977
"[48, 48, 48]",25.0,5e-05,2000,1024,999,5141,0.021684719249606133,0.016639357432723045,0.05173899426581452,0.2182214052071608,2,2,3,4,2,2,3,3,2,2.625,4,25.738200664520264
"[48, 48, 48]",25.0,0.0001,2000,256,42,5141,0.00878202635794878,0.00644324766471982,0.013706785158231571,0.04040908824842037,3,3,3,4,3,2,3,3,2,3.0,4,24.962401390075684
"[48, 48, 48]",25.0,0.0001,2000,256,137,5141,0.017533523961901665,0.008497615344822407,0.006535416884154773,0.015670688515955107,3,4,3,4,4,3,3,3,3,3.375,4,25.52716302871704
"[48, 48, 48]",25.0,0.0001,2000,256,2024,5141,0.012258216738700867,0.00793987512588501,0.019598623445813937,0.03863928167421186,2,2,4,3,3,2,3,3,2,2.75,4,25.652189016342163
"[48, 48, 48]",25.0,0.0001,2000,256,7,5141,0.008152457885444164,0.007548830006271601,0.019727712388703997,0.03977183935133617,2,3,3,4,2,2,3,3,2,2.75,4,25.19185471534729
"[48, 48, 48]",25.0,0.0001,2000,256,999,5141,0.009082143194973469,0.00801813043653965,0.02111475963912483,0.0808982011491312,3,3,3,3,2,2,3,3,2,2.75,3,25.412217617034912
"[48, 48, 48]",25.0,0.0001,2000,512,42,5141,0.008044845424592495,0.0057215276174247265,0.012491413739099122,0.03297001578912055,3,3,3,4,3,2,5,3,2,3.25,5,26.015294790267944
"[48, 48, 48]",25.0,0.0001,2000,512,137,5141,0.013805369846522808,0.008105291984975338,0.006887811180175009,0.016143086495561964,3,3,4,3,3,3,3,4,3,3.25,4,25.769361972808838
"[48, 48, 48]",25.0,0.0001,2000,512,2024,5141,0.008136812597513199,0.006767435930669308,0.01849098566983911,0.05310874221418639,3,2,3,4,3,2,3,3,2,2.875,4,25.79769802093506
"[48, 48, 48]",25.0,0.0001,2000,512,7,5141,0.010463781654834747,0.00712131941691041,0.010870074583983725,0.022880063719374902,2,3,4,3,3,3,3,3,2,3.0,4,25.77343726158142
"[48, 48, 48]",25.0,0.0001,2000,512,999,5141,0.010085314512252808,0.00807153806090355,0.01902317984322394,0.06226681524220397,2,3,3,4,3,2,3,3,2,2.875,4,25.66974377632141
"[48, 48, 48]",25.0,0.0001,2000,1024,42,5141,0.00593545101583004,0.004701429978013039,0.009269188642764459,0.025188726303807942,3,3,4,3,3,3,3,3,3,3.125,4,25.765440464019775
"[48, 48, 48]",25.0,0.0001,2000,1024,137,5141,0.007986042648553848,0.006436171010136604,0.00430261150009454,0.013059828600950157,4,3,4,5,3,4,3,3,3,3.625,5,25.7513906955719
"[48, 48, 48]",25.0,0.0001,2000,1024,2024,5141,0.007303254678845406,0.006101169623434544,0.011169541841612509,0.06141942496489522,3,3,4,4,3,2,3,4,2,3.25,4,25.69693660736084
"[48, 48, 48]",25.0,0.0001,2000,1024,7,5141,0.005669578909873962,0.00516721373423934,0.008987055236047868,0.018566340425818794,3,3,3,4,3,3,4,3,3,3.25,4,25.666540145874023
"[48, 48, 48]",25.0,0.0001,2000,1024,999,5141,0.008547963574528694,0.006631182506680489,0.012470651177888063,0.05757385298609156,3,4,3,4,3,2,4,3,2,3.25,4,25.81297731399536
"[48, 48, 48]",25.0,0.0002,2000,256,42,5141,0.004231549799442291,0.0031430486124008894,0.009227840741841508,0.020931441806765264,3,3,3,4,3,3,3,3,3,3.125,4,25.08495545387268
"[48, 48, 48]",25.0,0.0002,2000,256,137,5141,0.009184698574244976,0.0037676505744457245,0.006006973712897984,0.013865802373683808,3,4,3,4,3,4,3,4,3,3.5,4,25.102068185806274
"[48, 48, 48]",25.0,0.0002,2000,256,2024,5141,0.004970105364918709,0.003014104440808296,0.00784741563493124,0.017829883721054582,2,3,3,4,3,3,3,3,2,3.0,4,25.246809482574463
"[48, 48, 48]",25.0,0.0002,2000,256,7,5141,0.004187060985714197,0.0036837621591985226,0.0051042034643922155,0.0145409503664215,3,3,3,5,3,3,4,3,3,3.375,5,25.175644874572754
"[48, 48, 48]",25.0,0.0002,2000,256,999,5141,0.004562329035252333,0.004303048364818096,0.0072858932068699585,0.01608074650477317,3,4,3,4,3,3,3,4,3,3.375,4,25.230233907699585
"[48, 48, 48]",25.0,0.0002,2000,512,42,5141,0.004331828560680151,0.00276041217148304,0.008733488322888583,0.014659018395994882,3,3,4,4,3,3,3,3,3,3.25,4,25.706044912338257
"[48, 48, 48]",25.0,0.0002,2000,512,137,5141,0.007180317305028439,0.003871381748467684,0.007675052498578283,0.015426968545060472,3,3,3,4,2,3,4,3,2,3.125,4,25.73462224006653
"[48, 48, 48]",25.0,0.0002,2000,512,2024,5141,0.0032110095489770174,0.0031516519375145435,0.005985318220057104,0.012264731369103273,3,3,4,4,4,3,3,3,3,3.375,4,25.78387689590454
"[48, 48, 48]",25.0,0.0002,2000,512,7,5141,0.004627879709005356,0.003154580947011709,0.005128328043412064,0.020996101044057656,4,5,3,4,3,3,4,3,3,3.625,5,25.80650234222412
"[48, 48, 48]",25.0,0.0002,2000,512,999,5141,0.0048847743310034275,0.0035700430162250996,0.00538894368337499,0.009243857515433372,3,3,3,4,4,3,3,4,3,3.375,4,25.94745635986328
"[48, 48, 48]",25.0,0.0002,2000,1024,42,5141,0.0028192116878926754,0.0022940775379538536,0.003072836649054329,0.008196191710709963,3,3,4,4,3,4,3,5,3,3.625,5,25.863789796829224
"[48, 48, 48]",25.0,0.0002,2000,1024,137,5141,0.003740683663636446,0.0031178004574030638,0.003727728549602978,0.012193181935605639,3,4,3,4,4,4,5,3,3,3.75,5,26.122749090194702
"[48, 48, 48]",25.0,0.0002,2000,1024,2024,5141,0.0031782875303179026,0.0026216390542685986,0.0038304922930072526,0.008508449182049004,4,3,5,4,3,3,3,5,3,3.75,5,26.002079725265503
"[48, 48, 48]",25.0,0.0002,2000,1024,7,5141,0.002978269476443529,0.0027043898589909077,0.003911893036533596,0.012865728206252947,3,4,4,4,3,4,3,3,3,3.5,4,25.956029891967773
"[48, 48, 48]",25.0,0.0002,2000,1024,999,5141,0.003943229094147682,0.003192094387486577,0.004804256386787548,0.009379330752024974,3,3,3,5,3,3,3,4,3,3.375,5,25.84129524230957
"[48, 48, 48]",25.0,5e-05,3000,256,42,5141,0.028225991874933243,0.009053229354321957,0.02321345848314717,0.0615716676166124,3,3,3,3,2,2,3,3,2,2.75,3,38.13556694984436
"[48, 48, 48]",25.0,5e-05,3000,256,137,5141,0.01855737715959549,0.010427579283714294,0.014804124237161594,0.03254095402175039,3,2,4,3,3,3,3,4,2,3.125,4,38.229088306427
"[48, 48, 48]",25.0,5e-05,3000,256,2024,5141,0.016457632184028625,0.011944839730858803,0.04982424564262417,0.13612314381390145,2,2,3,3,3,2,2,3,2,2.5,3,38.29990267753601
"[48, 48, 48]",25.0,5e-05,3000,256,7,5141,0.01610080525279045,0.00927504152059555,0.028625816780151494,0.05258660869843248,3,2,4,3,2,2,3,3,2,2.75,4,37.97552704811096
"[48, 48, 48]",25.0,5e-05,3000,256,999,5141,0.012125177308917046,0.010923936031758785,0.03608988345470023,0.13625798599907485,2,3,2,3,2,2,3,3,2,2.5,3,38.43413424491882
"[48, 48, 48]",25.0,5e-05,3000,512,42,5141,0.009548678994178772,0.008035821840167046,0.017950510832447523,0.06620147078032532,3,3,3,4,3,2,3,3,2,3.0,4,38.85038495063782
"[48, 48, 48]",25.0,5e-05,3000,512,137,5141,0.0123056098818779,0.009289542213082314,0.010378461963942171,0.015826312244005165,3,3,3,3,2,3,3,4,2,3.0,4,38.560590744018555
"[48, 48, 48]",25.0,5e-05,3000,512,2024,5141,0.01372893899679184,0.012179754674434662,0.040361830530430055,0.13184705888517165,2,2,4,5,3,2,2,3,2,2.875,5,38.35329031944275
"[48, 48, 48]",25.0,5e-05,3000,512,7,5141,0.011030798777937889,0.00785677321255207,0.017830271660890233,0.03808774771994434,3,2,3,3,3,3,3,3,2,2.875,3,38.437215089797974
"[48, 48, 48]",25.0,5e-05,3000,512,999,5141,0.01165794674307108,0.00933082215487957,0.02160210808015606,0.11621345244044953,2,3,4,4,5,2,3,4,2,3.375,5,39.50521993637085
"[48, 48, 48]",25.0,5e-05,3000,1024,42,5141,0.007133724633604288,0.006009464152157307,0.009822074153781776,0.026095277529514193,3,3,3,5,3,3,4,3,3,3.375,5,38.766793966293335
"[48, 48, 48]",25.0,5e-05,3000,1024,137,5141,0.011830555275082588,0.008410915732383728,0.018668771162655973,0.03372596623514527,3,3,2,3,2,3,3,3,2,2.75,3,39.05375957489014
"[48, 48, 48]",25.0,5e-05,3000,1024,2024,5141,0.011112475767731667,0.009508087299764156,0.03321670898487769,0.09782216982136385,3,2,3,3,3,2,2,3,2,2.625,3,39.25898337364197
"[48, 48, 48]",25.0,5e-05,3000,1024,7,5141,0.007350672036409378,0.007350672036409378,0.01285103776019438,0.032238187991629905,3,3,3,3,3,3,3,4,3,3.125,4,39.156471252441406
"[48, 48, 48]",25.0,5e-05,3000,1024,999,5141,0.011950943619012833,0.008500136435031891,0.01884802363240846,0.08949254651957862,2,3,3,4,3,2,3,3,2,2.875,4,39.14366555213928
"[48, 48, 48]",25.0,0.0001,3000,256,42,5141,0.010720248334109783,0.003882630728185177,0.008186114111600903,0.022485277714235717,3,4,3,5,3,3,3,4,3,3.5,5,37.78756833076477
"[48, 48, 48]",25.0,0.0001,3000,256,137,5141,0.008456800132989883,0.004992755129933357,0.008622962947522569,0.024699369492353122,3,3,3,4,3,3,3,3,3,3.125,4,37.6558723449707
"[48, 48, 48]",25.0,0.0001,3000,256,2024,5141,0.005118501838296652,0.004426308907568455,0.00575555345915027,0.0114667893003702,3,3,4,3,3,4,3,3,3,3.25,4,37.74857568740845
"[48, 48, 48]",25.0,0.0001,3000,256,7,5141,0.006908305920660496,0.004435285925865173,0.0092721032799432,0.02039471717907829,3,3,3,5,3,3,3,3,3,3.25,5,37.549083948135376
"[48, 48, 48]",25.0,0.0001,3000,256,999,5141,0.00556569080799818,0.004864267073571682,0.01048234944042532,0.02576819158684702,3,3,3,4,3,3,3,3,3,3.125,4,37.593987703323364
"[48, 48, 48]",25.0,0.0001,3000,512,42,5141,0.003583284793421626,0.0032074586488306522,0.006857568389023227,0.015973662303165614,3,3,3,4,3,4,3,6,3,3.625,6,38.47097110748291
"[48, 48, 48]",25.0,0.0001,3000,512,137,5141,0.005651991348713636,0.0046962955966591835,0.0040034593177659655,0.007344644376012666,3,3,4,4,3,3,4,4,3,3.5,4,38.72721481323242
"[48, 48, 48]",25.0,0.0001,3000,512,2024,5141,0.0038566449657082558,0.003472641110420227,0.007432483794559226,0.012939311738164094,3,3,3,4,3,3,3,3,3,3.125,4,38.59551501274109
"[48, 48, 48]",25.0,0.0001,3000,512,7,5141,0.005168179981410503,0.004071512725204229,0.004795212759632489,0.016027362116496687,3,4,4,4,3,4,3,4,3,3.625,4,38.50890254974365
"[48, 48, 48]",25.0,0.0001,3000,512,999,5141,0.005152096040546894,0.004616773687303066,0.007884192977955968,0.014511893470896207,3,3,3,4,3,3,3,4,3,3.25,4,38.440088748931885
"[48, 48, 48]",25.0,0.0001,3000,1024,42,5141,0.003152817953377962,0.002639563288539648,0.0039867421790246264,0.009459557324332277,3,4,3,5,3,3,4,4,3,3.625,5,38.971372842788696
"[48, 48, 48]",25.0,0.0001,3000,1024,137,5141,0.005457588471472263,0.003622444812208414,0.002862277383386142,0.006951662169342999,3,3,4,4,4,4,3,4,3,3.625,4,38.82853841781616
"[48, 48, 48]",25.0,0.0001,3000,1024,2024,5141,0.003948015160858631,0.0032841921783983707,0.0037612487345967133,0.017960339201516833,4,4,3,4,4,3,4,5,3,3.875,5,38.82375359535217
"[48, 48, 48]",25.0,0.0001,3000,1024,7,5141,0.002871619537472725,0.002770822262391448,0.0031114326576500186,0.004954882409059685,3,4,3,4,3,3,3,4,3,3.375,4,38.77039194107056
"[48, 48, 48]",25.0,0.0001,3000,1024,999,5141,0.005109948106110096,0.0038710488006472588,0.0032068451877143456,0.011011343517681835,3,3,4,4,4,3,3,5,3,3.625,5,38.79801559448242
"[48, 48, 48]",25.0,0.0002,3000,256,42,5141,0.004618195816874504,0.0019924286752939224,0.005027211342721961,0.007550986433037803,3,4,3,4,3,3,3,4,3,3.375,4,38.48323059082031
"[48, 48, 48]",25.0,0.0002,3000,256,137,5141,0.003815661184489727,0.0023599236737936735,0.0037609966631847493,0.00977725351997694,4,4,3,4,3,4,3,4,3,3.625,4,38.5368173122406
"[48, 48, 48]",25.0,0.0002,3000,256,2024,5141,0.0021918185520917177,0.001689230790361762,0.00552314797306481,0.010735160922749013,3,3,3,3,3,4,4,4,3,3.375,4,38.427584171295166
"[48, 48, 48]",25.0,0.0002,3000,256,7,5141,0.003141554072499275,0.0021969664376229048,0.005131940744241406,0.01040953105375658,3,3,3,4,3,4,3,4,3,3.375,4,37.62019729614258
"[48, 48, 48]",25.0,0.0002,3000,256,999,5141,0.002806498669087887,0.002675933064892888,0.005258925205829209,0.009390276930318887,3,4,3,4,3,3,3,4,3,3.375,4,37.63228464126587
"[48, 48, 48]",25.0,0.0002,3000,512,42,5141,0.0018532355315983295,0.0016894605942070484,0.0024734359377772673,0.0063243344030585145,3,4,4,4,4,4,3,4,3,3.75,4,38.09272480010986
"[48, 48, 48]",25.0,0.0002,3000,512,137,5141,0.00274152890779078,0.0022333867382258177,0.003231033408665169,0.007982249322986823,4,3,4,5,3,3,3,4,3,3.625,5,38.51517605781555
"[48, 48, 48]",25.0,0.0002,3000,512,2024,5141,0.0018188122194260359,0.0017029428854584694,0.003010189913168714,0.015017749161644596,3,5,5,5,3,4,3,3,3,3.875,5,38.40422439575195
"[48, 48, 48]",25.0,0.0002,3000,512,7,5141,0.0022725644521415234,0.0018099431181326509,0.004549001245390233,0.009200747287473863,3,5,3,4,3,4,3,4,3,3.625,5,38.51110363006592
"[48, 48, 48]",25.0,0.0002,3000,512,999,5141,0.0023014754988253117,0.0020097289234399796,0.0051075277894029655,0.01063002388158996,3,3,3,4,3,3,3,4,3,3.25,4,38.22094178199768
"[48, 48, 48]",25.0,0.0002,3000,1024,42,5141,0.0015855201054364443,0.0013101669028401375,0.0019495542558620547,0.0076876988666833065,4,4,4,4,3,5,5,5,3,4.25,5,38.585888385772705
"[48, 48, 48]",25.0,0.0002,3000,1024,137,5141,0.0023614540696144104,0.0017467024736106396,0.004654140506596958,0.008800257076392518,3,3,3,4,4,3,4,4,3,3.5,4,38.40214967727661
"[48, 48, 48]",25.0,0.0002,3000,1024,2024,5141,0.0016863405471667647,0.0013475558953359723,0.0036874663464983846,0.00729878302198618,4,4,3,4,3,4,3,4,3,3.625,4,38.33279538154602
"[48, 48, 48]",25.0,0.0002,3000,1024,7,5141,0.001498259836807847,0.001498259836807847,0.002196643032726715,0.0047737036959934415,3,4,3,4,4,4,4,4,3,3.75,4,38.54977631568909
"[48, 48, 48]",25.0,0.0002,3000,1024,999,5141,0.0022624842822551727,0.0018123270710930228,0.003512117674526905,0.009325895165421637,3,3,3,5,4,4,3,4,3,3.625,5,38.51049327850342
"[48, 48, 48]",25.0,5e-05,4000,256,42,5141,0.009388627484440804,0.006293386220932007,0.017544857586882047,0.030446888425684257,2,3,3,4,3,3,3,3,2,3.0,4,50.4947235584259
"[48, 48, 48]",25.0,5e-05,4000,256,137,5141,0.014306205324828625,0.007275105454027653,0.004129290296454812,0.007519685133343418,3,3,3,5,4,4,3,4,3,3.625,5,50.12715196609497
"[48, 48, 48]",25.0,5e-05,4000,256,2024,5141,0.012667443603277206,0.007886629551649094,0.020981873682056375,0.06616263993043933,3,2,3,4,3,2,2,4,2,2.875,4,50.12494373321533
"[48, 48, 48]",25.0,5e-05,4000,256,7,5141,0.014814377762377262,0.00652164313942194,0.017896771483468396,0.0328406638305156,3,3,4,3,2,3,3,3,2,3.0,4,50.27614498138428
"[48, 48, 48]",25.0,5e-05,4000,256,999,5141,0.01081263367086649,0.007153310813009739,0.01817289942680469,0.06609754893192565,2,3,3,4,2,2,3,3,2,2.75,4,49.874711751937866
"[48, 48, 48]",25.0,5e-05,4000,512,42,5141,0.006952309049665928,0.004962814040482044,0.010142152314603792,0.03345581783164367,3,3,4,4,3,2,3,3,2,3.125,4,50.87502455711365
"[48, 48, 48]",25.0,5e-05,4000,512,137,5141,0.008692286908626556,0.006275300867855549,0.004724891663180392,0.012273243884830693,3,3,3,3,3,3,3,4,3,3.125,4,51.14823293685913
"[48, 48, 48]",25.0,5e-05,4000,512,2024,5141,0.008662457577884197,0.007137835491448641,0.0215986756482477,0.0686416655602437,3,3,3,4,2,2,3,3,2,2.875,4,51.18526768684387
"[48, 48, 48]",25.0,5e-05,4000,512,7,5141,0.0058209397830069065,0.005396075081080198,0.008757343090802845,0.022349599185807124,3,3,3,3,3,3,4,3,3,3.125,4,51.37002491950989
"[48, 48, 48]",25.0,5e-05,4000,512,999,5141,0.009440520778298378,0.006589781958609819,0.009553094259239217,0.05018108608232925,3,3,4,5,3,2,3,4,2,3.375,5,51.12094068527222
"[48, 48, 48]",25.0,5e-05,4000,1024,42,5141,0.004967773798853159,0.003911320120096207,0.0035905780708999618,0.013401509284000496,5,4,3,4,3,3,4,3,3,3.625,5,51.39453601837158
"[48, 48, 48]",25.0,5e-05,4000,1024,137,5141,0.006289293058216572,0.005312763154506683,0.009958953951415337,0.02583890004514031,3,4,3,4,2,4,3,4,2,3.375,4,51.805044651031494
"[48, 48, 48]",25.0,5e-05,4000,1024,2024,5141,0.007610611151903868,0.005608161445707083,0.014440488377176153,0.04756541542506697,3,3,3,4,4,2,3,3,2,3.125,4,51.358450412750244
"[48, 48, 48]",25.0,5e-05,4000,1024,7,5141,0.006533632054924965,0.004637165926396847,0.00632469430869548,0.011166423837367215,3,4,3,4,3,3,3,4,3,3.375,4,51.4434597492218
"[48, 48, 48]",25.0,5e-05,4000,1024,999,5141,0.00685713067650795,0.005315870512276888,0.008918569525379104,0.034163713838294946,3,3,4,3,3,2,3,4,2,3.125,4,51.1947181224823
"[48, 48, 48]",25.0,0.0001,4000,256,42,5141,0.003378294873982668,0.0027446013409644365,0.004992135240810049,0.013184663753252997,3,4,3,5,3,3,3,4,3,3.5,5,50.096959590911865
"[48, 48, 48]",25.0,0.0001,4000,256,137,5141,0.006450355052947998,0.0034910766407847404,0.008307624392923292,0.02895254839530651,3,4,3,4,4,3,4,3,3,3.5,4,50.31990051269531
"[48, 48, 48]",25.0,0.0001,4000,256,2024,5141,0.004688948392868042,0.002902575768530369,0.00532670998051925,0.01224541946034099,3,5,3,3,3,4,3,4,3,3.5,5,49.92043685913086
"[48, 48, 48]",25.0,0.0001,4000,256,7,5141,0.006878893356770277,0.003106475342065096,0.0050263820448877925,0.012850483621862783,3,3,3,5,3,3,3,3,3,3.25,5,50.36792969703674
"[48, 48, 48]",25.0,0.0001,4000,256,999,5141,0.0053606280125677586,0.0036132019013166428,0.007992042169532443,0.016507155705498405,3,4,3,4,3,3,3,3,3,3.25,4,49.997286558151245
"[48, 48, 48]",25.0,0.0001,4000,512,42,5141,0.0030146681237965822,0.0022048484534025192,0.00438736435851093,0.014802855431531212,4,4,3,4,3,4,3,5,3,3.75,5,51.23991632461548
"[48, 48, 48]",25.0,0.0001,4000,512,137,5141,0.004420806188136339,0.0029379460029304028,0.003932408728265439,0.008539862994348625,3,3,3,4,3,4,4,4,3,3.5,4,51.44471001625061
"[48, 48, 48]",25.0,0.0001,4000,512,2024,5141,0.002970232395455241,0.002291471930220723,0.003930679576140627,0.007640198986199856,4,3,3,4,3,3,3,4,3,3.375,4,51.49650502204895
"[48, 48, 48]",25.0,0.0001,4000,512,7,5141,0.002707861131057143,0.00261292839422822,0.003548428967072351,0.010521742222298082,3,4,4,4,3,4,3,4,3,3.625,4,51.30236744880676
"[48, 48, 48]",25.0,0.0001,4000,512,999,5141,0.004479126073420048,0.003171599702909589,0.004375878424834732,0.011251354520506183,4,3,3,4,3,4,3,5,3,3.625,5,51.3659884929657
"[48, 48, 48]",25.0,0.0001,4000,1024,42,5141,0.0021550715900957584,0.001704671303741634,0.00242671273447502,0.005237036912746218,3,4,4,5,3,4,4,4,3,3.875,5,51.187899351119995
"[48, 48, 48]",25.0,0.0001,4000,1024,137,5141,0.0027717468328773975,0.002275610575452447,0.0020720514325997595,0.008308240798454072,3,4,4,4,5,4,4,4,3,4.0,5,51.63370370864868
"[48, 48, 48]",25.0,0.0001,4000,1024,2024,5141,0.0030096150003373623,0.0021699066273868084,0.002109824284713198,0.004403658241210589,3,4,3,4,4,4,5,4,3,3.875,5,51.883795499801636
"[48, 48, 48]",25.0,0.0001,4000,1024,7,5141,0.0023955635260790586,0.0018632105784490705,0.002252605056927908,0.00603262752211216,4,4,4,5,3,4,3,4,3,3.875,5,52.112205028533936
"[48, 48, 48]",25.0,0.0001,4000,1024,999,5141,0.002968717599287629,0.002468427177518606,0.0025253153475738974,0.00629535207684836,4,4,4,4,3,4,3,4,3,3.75,4,51.29314112663269
"[48, 48, 48]",25.0,0.0002,4000,256,42,5141,0.0018379462417215109,0.0014860598603263497,0.003859069359940687,0.006616473473047582,3,3,5,4,4,4,3,4,3,3.75,5,50.423824071884155
"[48, 48, 48]",25.0,0.0002,4000,256,137,5141,0.0034242570400238037,0.0017121011624112725,0.005751186445634948,0.01188015536154608,3,3,3,4,3,3,3,3,3,3.125,4,49.999969720840454
"[48, 48, 48]",25.0,0.0002,4000,256,2024,5141,0.0015116215217858553,0.001084392424672842,0.004931737970885723,0.012609200592412575,5,3,4,4,3,3,3,3,3,3.5,5,50.03196930885315
"[48, 48, 48]",25.0,0.0002,4000,256,7,5141,0.0024762530811131,0.0015273303724825382,0.0029655744239447065,0.007654911067099906,3,3,4,4,3,4,4,4,3,3.625,4,49.866239070892334
"[48, 48, 48]",25.0,0.0002,4000,256,999,5141,0.0025826848577708006,0.0017898895312100649,0.0036548882995954693,0.008063484849623955,3,4,4,4,3,4,3,4,3,3.625,4,49.68418216705322
"[48, 48, 48]",25.0,0.0002,4000,512,42,5141,0.0016416420694440603,0.0011307757813483477,0.0027042384085185465,0.006627858193918509,4,4,5,4,3,4,5,4,3,4.125,5,51.29086780548096
"[48, 48, 48]",25.0,0.0002,4000,512,137,5141,0.002324010245501995,0.0015060892328619957,0.003068422398866044,0.006340483008330584,3,4,4,4,4,3,3,4,3,3.625,4,51.23978662490845
"[48, 48, 48]",25.0,0.0002,4000,512,2024,5141,0.0012562039773911238,0.0010339138098061085,0.0030097154482680785,0.008131382893703307,3,6,4,4,3,3,5,4,3,4.0,6,51.06221294403076
"[48, 48, 48]",25.0,0.0002,4000,512,7,5141,0.0012443820014595985,0.0012127794325351715,0.0034389489846722993,0.007603770205069722,3,4,4,4,4,4,3,4,3,3.75,4,51.0515570640564
"[48, 48, 48]",25.0,0.0002,4000,512,999,5141,0.0020307530649006367,0.001480062841437757,0.003906209362536969,0.008459635546952267,3,4,3,5,4,3,3,4,3,3.625,5,50.960617542266846
"[48, 48, 48]",25.0,0.0002,4000,1024,42,5141,0.0009860956342890859,0.0008541771094314754,0.002250933469623044,0.00528202044116069,4,4,4,4,3,4,5,4,3,4.0,5,51.16663646697998
"[48, 48, 48]",25.0,0.0002,4000,1024,137,5141,0.0012742436956614256,0.0011050563771277666,0.004153915801524202,0.008721755238967493,3,4,4,4,3,3,3,4,3,3.5,4,51.52975392341614
"[48, 48, 48]",25.0,0.0002,4000,1024,2024,5141,0.001334645668976009,0.0009469056385569274,0.0028873059851800744,0.007102650102424021,3,4,4,4,3,4,4,4,3,3.75,4,51.16476655006409
"[48, 48, 48]",25.0,0.0002,4000,1024,7,5141,0.0011693693231791258,0.000965264393016696,0.0024069171666844893,0.004780555952189966,3,4,3,5,3,4,3,5,3,3.75,5,51.42758870124817
"[48, 48, 48]",25.0,0.0002,4000,1024,999,5141,0.0014870852464810014,0.0012062171008437872,0.002946500436787278,0.0068571397256423534,3,4,4,4,3,4,3,5,3,3.75,5,50.781251192092896
