epoch,loss,clean_time,data_gen_time,total_time,cumulative_time
1,0.31137150526046753,0.17126035690307617,0.0054590702056884766,0.17671942710876465,0.17844915390014648
2,0.33566930890083313,0.011639595031738281,0.002653837203979492,0.014293432235717773,0.19283413887023926
3,0.3226260840892792,0.010327816009521484,0.002315521240234375,0.01264333724975586,0.20552444458007812
4,0.3549885153770447,0.010227203369140625,0.002307415008544922,0.012534618377685547,0.21810388565063477
5,0.3364718556404114,0.010189294815063477,0.002312183380126953,0.01250147819519043,0.2306501865386963
6,0.388780415058136,0.01044774055480957,0.0023148059844970703,0.01276254653930664,0.24345660209655762
7,0.3495814800262451,0.010239839553833008,0.00234222412109375,0.012582063674926758,0.25608205795288086
8,0.3544842004776001,0.010267496109008789,0.0023207664489746094,0.012588262557983398,0.2687203884124756
9,0.3344734013080597,0.010193586349487305,0.002284526824951172,0.012478113174438477,0.28124141693115234
10,0.4154707193374634,0.01024007797241211,0.002301454544067383,0.012541532516479492,0.2938253879547119
11,0.4424879252910614,0.010202169418334961,0.002273082733154297,0.012475252151489258,0.30636096000671387
12,0.3116180896759033,0.010252952575683594,0.0023088455200195312,0.012561798095703125,0.3189697265625
13,0.39761459827423096,0.010567188262939453,0.002294301986694336,0.012861490249633789,0.33187341690063477
14,0.3760386109352112,0.010293960571289062,0.0023260116577148438,0.012619972229003906,0.34453582763671875
15,0.36855876445770264,0.010172367095947266,0.002321481704711914,0.01249384880065918,0.3570713996887207
16,0.32488659024238586,0.010226011276245117,0.0022726058959960938,0.012498617172241211,0.3696150779724121
17,0.41563645005226135,0.010186910629272461,0.0023009777069091797,0.01248788833618164,0.38214564323425293
18,0.41552335023880005,0.010275840759277344,0.0022971630096435547,0.012573003768920898,0.3947610855102539
19,0.3222242593765259,0.010189294815063477,0.0023224353790283203,0.012511730194091797,0.4073154926300049
20,0.4295691251754761,0.010210990905761719,0.002321004867553711,0.01253199577331543,0.4198901653289795
21,0.41250813007354736,0.01020503044128418,0.0023267269134521484,0.012531757354736328,0.4324820041656494
22,0.3494124412536621,0.01022648811340332,0.0023927688598632812,0.012619256973266602,0.4451436996459961
23,0.31169480085372925,0.010224580764770508,0.002295255661010742,0.01251983642578125,0.4577062129974365
24,0.32986894249916077,0.01016545295715332,0.0022902488708496094,0.01245570182800293,0.4702036380767822
25,0.39182400703430176,0.010229349136352539,0.0022826194763183594,0.012511968612670898,0.4827578067779541
26,0.40241706371307373,0.010236501693725586,0.0022776126861572266,0.012514114379882812,0.4953131675720215
27,0.4620317816734314,0.010258674621582031,0.002265453338623047,0.012524127960205078,0.5078840255737305
28,0.33748772740364075,0.010187387466430664,0.002313375473022461,0.012500762939453125,0.5204265117645264
29,0.4282282888889313,0.010222911834716797,0.002324819564819336,0.012547731399536133,0.5330162048339844
30,0.38924306631088257,0.010271787643432617,0.0022993087768554688,0.012571096420288086,0.5456316471099854
31,0.4065353572368622,0.010174036026000977,0.0023229122161865234,0.0124969482421875,0.5581893920898438
32,0.3309482932090759,0.010216951370239258,0.002268552780151367,0.012485504150390625,0.5707173347473145
33,0.3704427480697632,0.010193824768066406,0.0022780895233154297,0.012471914291381836,0.5832319259643555
34,0.3543277084827423,0.01030111312866211,0.0022695064544677734,0.012570619583129883,0.595850944519043
35,0.33423054218292236,0.010177850723266602,0.0022852420806884766,0.012463092803955078,0.6083552837371826
36,0.3251124322414398,0.010204553604125977,0.0022983551025390625,0.012502908706665039,0.6209044456481934
37,0.4207361340522766,0.010228872299194336,0.002310514450073242,0.012539386749267578,0.6334857940673828
38,0.35099685192108154,0.010228157043457031,0.002341032028198242,0.012569189071655273,0.6460971832275391
39,0.3593808114528656,0.010227441787719727,0.002317667007446289,0.012545108795166016,0.658686637878418
40,0.33692091703414917,0.010202884674072266,0.002288818359375,0.012491703033447266,0.6712203025817871
41,0.30151987075805664,0.010280370712280273,0.0022733211517333984,0.012553691864013672,0.6838359832763672
42,0.32274994254112244,0.010270357131958008,0.002299070358276367,0.012569427490234375,0.6964471340179443
43,0.42146268486976624,0.010652780532836914,0.002325773239135742,0.012978553771972656,0.7094676494598389
44,0.36658066511154175,0.010192155838012695,0.002363920211791992,0.012556076049804688,0.7220661640167236
45,0.48810529708862305,0.010242462158203125,0.002327442169189453,0.012569904327392578,0.7346787452697754
46,0.3561534881591797,0.01052713394165039,0.002308368682861328,0.012835502624511719,0.7475564479827881
47,0.3367193937301636,0.010295867919921875,0.002266407012939453,0.012562274932861328,0.7601604461669922
48,0.382035493850708,0.01038980484008789,0.002240419387817383,0.012630224227905273,0.7728326320648193
49,0.3330240249633789,0.010471105575561523,0.0022339820861816406,0.012705087661743164,0.7855815887451172
50,0.35463517904281616,0.010530948638916016,0.002225637435913086,0.012756586074829102,0.7983789443969727
