omega_0,seed,n_params_total,final_loss,min_loss,mean_rel_err,max_rel_err,min_correct_digits,mean_correct_digits,max_correct_digits,elapsed_s
1.0,42,34177,0.0014954274520277977,0.0013016473967581987,0.009232669872053045,0.02015974837090242,2,3.0,4,81.56277799606323
1.0,43,34177,0.0010502918157726526,0.0008278330788016319,0.004522697376730561,0.011809349227910973,3,3.5,4,79.9173264503479
1.0,44,34177,0.0012597048189491034,0.0010796557180583477,0.0029708107836008708,0.005873220656686076,3,3.75,6,79.2562243938446
2.0,42,34177,0.0003645379329100251,0.000342746963724494,0.0017540197633489473,0.0040208292161456735,3,3.875,5,78.2908194065094
2.0,43,34177,0.00029488728614524007,0.00024416911765001714,0.0006801141202709474,0.0014762742012917112,4,4.25,5,78.38095188140869
2.0,44,34177,0.00025750126224011183,0.00023064920969773084,0.0008075186197530173,0.0021101165089804003,4,4.125,5,77.82389330863953
3.0,42,34177,0.0001635666994843632,0.00014794559683650732,0.003251930946055112,0.004740782943832599,3,3.5,4,78.59945559501648
3.0,43,34177,0.00011994187661912292,0.00010227944585494697,0.0003630552352596725,0.001075238998672081,4,4.75,5,77.32361459732056
3.0,44,34177,0.00014351357822306454,0.00011880476085934788,0.0054596301299672445,0.007857209619652156,3,3.25,4,79.09613299369812
5.0,42,34177,6.525478966068476e-05,5.53762074559927e-05,0.0008087641356740183,0.0018899877581721489,4,4.0,4,78.72846674919128
5.0,43,34177,5.0643353461055085e-05,3.8364010833902285e-05,0.0007928601045834534,0.00121091923059602,4,4.375,5,78.18703293800354
5.0,44,34177,6.476647104136646e-05,5.248813977232203e-05,0.0006020558592329597,0.001104477028032544,4,4.375,5,79.01284289360046
7.0,42,34177,3.844776438199915e-05,3.3438311220379546e-05,0.0025504122542872034,0.0034097580564719397,3,3.75,4,80.10117959976196
7.0,43,34177,4.0446459024678916e-05,2.6227566195302643e-05,0.0007455874384045901,0.001268295337407426,4,4.25,5,78.88279294967651
7.0,44,34177,3.3716223697410896e-05,2.954552837763913e-05,0.0008716434910418635,0.00198481770916839,3,4.125,5,77.21776676177979
10.0,42,34177,3.110163379460573e-05,2.3483589757233858e-05,0.0012762902438877759,0.0024699486602062655,3,4.0,5,79.21107125282288
10.0,43,34177,5.3912921430310234e-05,1.8069134966935962e-05,0.0014394713710267602,0.0032946045489657067,3,3.875,4,77.91491079330444
10.0,44,34177,2.9120466933818534e-05,2.2193549739313312e-05,0.000946393429313244,0.0019988082799849275,3,4.125,5,78.67531538009644
