omega_0,sigma_0,entry_width,n_blocks,lr,n_epochs,n_params_total,final_loss,min_loss,mean_rel_err,max_rel_err,min_correct_digits,mean_correct_digits,elapsed_s
12.0,3.0,64,3,0.0004,3000,99329,7.144326082197949e-05,6.419124838430434e-05,0.00028813587383511746,0.0006101986735369203,4,4.75,188.7622332572937
12.0,3.0,64,3,0.0004,7000,99329,3.021213888132479e-05,2.1740210286225192e-05,0.0001367814131609606,0.0002301996014904155,4,4.75,442.5314471721649
12.0,3.0,64,3,0.0004,10000,99329,1.7893407857627608e-05,1.672028702159878e-05,0.00022737583990313802,0.0005100167168053309,4,4.75,592.7784585952759
12.0,3.0,64,3,0.0005,3000,99329,5.453484118334018e-05,4.991676541976631e-05,0.00020058087338553168,0.0004990018066428862,4,4.875,188.4877896308899
12.0,3.0,64,3,0.0005,7000,99329,2.455333378748037e-05,1.9811752281384543e-05,4.2566546812421784e-05,0.00012090765670669742,5,5.375,404.2129807472229
12.0,3.0,64,3,0.0005,10000,99329,1.4261620890465565e-05,1.2949155461683404e-05,0.00024422847289044813,0.0005723794332871604,4,4.875,579.9935874938965
12.0,3.0,64,4,0.0004,3000,132225,6.195505557116121e-05,5.4203967010835186e-05,0.0002527418219611637,0.0012446911256155807,4,5.0,226.28281116485596
12.0,3.0,64,4,0.0004,7000,132225,2.6080411771545187e-05,2.28338067245204e-05,0.00014279668856624845,0.0004057526388880005,4,5.125,563.6912343502045
12.0,3.0,64,4,0.0004,10000,132225,2.388996654190123e-05,1.9306980902911164e-05,0.00016948269316575915,0.00029235277094193877,4,4.75,814.8241314888
12.0,3.0,64,4,0.0005,3000,132225,7.258851110236719e-05,6.643337110290304e-05,0.00023661184267975978,0.000596994759421088,4,4.625,244.06412434577942
12.0,3.0,64,4,0.0005,7000,132225,2.3541908376500942e-05,2.1525596821447834e-05,0.00015487273682123414,0.00028486378223324573,4,5.125,569.5834391117096
12.0,3.0,64,4,0.0005,10000,132225,2.485506411176175e-05,2.11326805583667e-05,0.00019937250270478659,0.0004265126942005271,4,4.875,800.8201215267181
12.0,5.0,64,3,0.0004,3000,99329,7.702114817220718e-05,6.040053995093331e-05,0.0001785998089683309,0.00048186022844698477,4,5.0,173.50479912757874
12.0,5.0,64,3,0.0004,7000,99329,2.6921108656097203e-05,2.1902973458054475e-05,0.0004601678470167287,0.0006736190225988965,4,4.25,406.6649935245514
12.0,5.0,64,3,0.0004,10000,99329,2.5615107006160542e-05,1.7365389794576913e-05,8.843677705316429e-05,0.00021971774613618202,5,5.125,589.8364248275757
12.0,5.0,64,3,0.0005,3000,99329,9.617670730222017e-05,6.788738392060623e-05,0.00046022271951119383,0.0009451620536069508,4,4.75,185.26784014701843
12.0,5.0,64,3,0.0005,7000,99329,2.902821870520711e-05,2.134251917595975e-05,0.00015893381473066636,0.0003631029847731824,4,5.0,405.01893496513367
12.0,5.0,64,3,0.0005,10000,99329,2.211150604125578e-05,2.0578119801939465e-05,0.0003874672323319064,0.0006273637745849766,4,4.25,577.0498037338257
12.0,5.0,64,4,0.0004,3000,132225,8.5628213128075e-05,6.448393105529249e-05,0.00026933853171609665,0.0005127484714065842,4,4.625,222.367329120636
12.0,5.0,64,4,0.0004,7000,132225,2.6205980248050764e-05,2.2943342628423125e-05,0.00014963425384789076,0.00032398564791099986,4,5.125,519.4642450809479
12.0,5.0,64,4,0.0004,10000,132225,1.9236738808103837e-05,1.6445726942038164e-05,0.00023747544124459377,0.0004258045936060203,4,4.75,740.4431161880493
12.0,5.0,64,4,0.0005,3000,132225,9.608688560547307e-05,8.261692710220814e-05,0.0004227017320886589,0.0010733534313394494,4,4.375,229.16303491592407
12.0,5.0,64,4,0.0005,7000,132225,4.0669419831829146e-05,3.4192191378679127e-05,0.00024830092155994225,0.0007790890193409668,4,5.125,525.0249798297882
12.0,5.0,64,4,0.0005,10000,132225,3.153348734485917e-05,2.5810069928411394e-05,0.00016559339738792344,0.0005044317451948165,5,5.0,790.9842555522919
15.0,3.0,64,3,0.0004,3000,99329,7.01286771800369e-05,6.130681867944077e-05,0.0002419162621529124,0.0004980986093667174,4,4.875,187.26453042030334
15.0,3.0,64,3,0.0004,7000,99329,3.527365333866328e-05,2.7670335839502513e-05,0.00019363220709280068,0.00044562049410120714,4,4.625,435.8686754703522
15.0,3.0,64,3,0.0004,10000,99329,2.6108200472663157e-05,2.265403418277856e-05,0.00017522923251124938,0.0005364568602806808,4,5.0,574.756432056427
15.0,3.0,64,3,0.0005,3000,99329,7.462622306775302e-05,6.835294334450737e-05,0.00011758492159877408,0.0003426305893863852,4,5.25,173.37271213531494
15.0,3.0,64,3,0.0005,7000,99329,3.9947437471710145e-05,2.729960579017643e-05,0.00017715513981435892,0.0005056726094057115,4,5.125,415.5190954208374
15.0,3.0,64,3,0.0005,10000,99329,2.78567495115567e-05,2.2934538719709963e-05,0.0004274389130068837,0.0008263592455311236,4,4.5,575.4437727928162
15.0,3.0,64,4,0.0004,3000,132225,0.00010018207103712484,8.453109330730513e-05,0.00035064049711767254,0.0010232688049956447,4,4.75,230.87380075454712
15.0,3.0,64,4,0.0004,7000,132225,3.844145612674765e-05,3.069031663471833e-05,0.0002466933278057864,0.00046042973685781586,4,4.625,523.4311318397522
15.0,3.0,64,4,0.0004,10000,132225,2.9866336262784898e-05,2.1893807570450008e-05,0.000215862300945518,0.0005754250974094642,4,4.75,750.0153636932373
15.0,3.0,64,4,0.0005,3000,132225,7.178882515290752e-05,6.559152825502679e-05,0.00036247085514192563,0.0008541520796723515,4,4.5,224.56218433380127
15.0,3.0,64,4,0.0005,7000,132225,2.96529324259609e-05,2.8674290661001578e-05,0.00016493132979090059,0.0003467259168535214,4,4.875,529.6812541484833
15.0,3.0,64,4,0.0005,10000,132225,3.8711186789441854e-05,3.09950191876851e-05,0.00020498404388870573,0.0004970296648888372,4,4.875,763.7113134860992
15.0,5.0,64,3,0.0004,3000,99329,5.926634185016155e-05,5.0033402658300474e-05,0.00018395390449771194,0.0005183516263439151,4,5.0,177.19217491149902
15.0,5.0,64,3,0.0004,7000,99329,2.9189650376792997e-05,2.1043093511252664e-05,0.00011007716516516641,0.0002360390592539784,5,5.125,436.8214726448059
15.0,5.0,64,3,0.0004,10000,99329,2.094591036438942e-05,1.862895987869706e-05,0.0002195356335532428,0.0004945530129001534,4,4.875,596.1796953678131
15.0,5.0,64,3,0.0005,3000,99329,9.059213334694505e-05,6.538930756505579e-05,0.000337542063717716,0.0008052721926800971,4,4.75,172.96221327781677
15.0,5.0,64,3,0.0005,7000,99329,3.715325510711409e-05,2.866188333427999e-05,0.00010266996830436505,0.0002704689360965046,4,5.0,403.70147466659546
15.0,5.0,64,3,0.0005,10000,99329,3.303635457996279e-05,2.4367152946069837e-05,0.00018667871609567922,0.0006030371645452998,5,5.125,576.4889049530029
15.0,5.0,64,4,0.0004,3000,132225,7.479365012841299e-05,6.697510252706707e-05,0.00027974086607801253,0.0005392409653509355,4,4.5,229.04015111923218
15.0,5.0,64,4,0.0004,7000,132225,2.7116118872072548e-05,2.3761725969961844e-05,0.0002147952270274012,0.0006885714464465877,4,4.875,546.9506874084473
15.0,5.0,64,4,0.0004,10000,132225,2.5593653845135123e-05,2.0269932065275498e-05,0.0002461228841807843,0.0007689635901297527,4,4.875,745.9602262973785
15.0,5.0,64,4,0.0005,3000,132225,7.648301107110456e-05,6.737603689543903e-05,0.0003978232333871598,0.0005858692079155523,4,4.375,222.30376958847046
15.0,5.0,64,4,0.0005,7000,132225,3.549315806594677e-05,3.0747185519430786e-05,0.00015329674690583005,0.000242139442972083,4,5.0,524.3701982498169
15.0,5.0,64,4,0.0005,10000,132225,3.3746047847671434e-05,2.570156539150048e-05,0.0003059387260233184,0.0004990063567345171,4,4.5,800.9322128295898
