width,depth,G,k,lr,epochs,n_params_total,final_loss,min_loss,mean_rel_err,max_rel_err,min_correct_digits,mean_correct_digits,elapsed_s
64,2,8,3,0.001,1500,55566,0.0002553650992922485,0.00022186970454640687,0.032847008103956056,0.09968559415848026,3,3.0,108.44361519813538
32,3,8,3,0.0005,4000,27854,0.00018325861310586333,0.0001517541822977364,0.02385652325853225,0.06991279871016409,2,2.75,388.52796030044556
32,3,8,3,0.0005,3000,27854,0.00022276905656326562,0.00019484231597743928,0.024124139095202734,0.07128887504736688,2,3.125,290.38147473335266
32,3,8,3,0.0005,8500,27854,5.9416648582555354e-05,5.457614315673709e-05,0.025561768395365326,0.06625210184380419,2,3.0,814.1690349578857
32,3,8,3,0.0005,5500,27854,0.00011120116687379777,9.4648014055565e-05,0.025669457244464868,0.07954524424561989,2,2.75,537.7735838890076
32,3,8,3,0.0005,7000,27854,8.278992027044296e-05,7.033664587652311e-05,0.02789524156384964,0.0748814710228338,2,2.75,673.4821825027466
32,3,8,3,0.0005,10000,27854,5.167646304471418e-05,4.399225872475654e-05,0.028174380789767556,0.07939708420621541,2,3.0,963.3015015125275
64,2,8,3,0.0005,2000,55566,0.0003163219371344894,0.0002678878663573414,0.028672392709157064,0.12082229368884667,2,3.0,143.23054242134094
64,2,5,3,0.0005,10000,41742,5.076261732028797e-05,3.299458330729976e-05,0.029049155285488668,0.06466010487511382,2,2.75,730.2310743331909
64,2,5,3,0.0005,8500,41742,5.771766882389784e-05,4.471301508601755e-05,0.02909618101837009,0.07066984193647853,2,2.875,600.1316034793854
64,2,8,3,0.002,4000,55566,5.873115878785029e-05,4.797732981387526e-05,0.029576423589254015,0.11740045395833423,2,3.125,290.5655572414398
32,2,8,3,0.001,3000,15502,0.0003529684036038816,0.00025025836657732725,0.029904384952337982,0.07830315562516925,2,2.875,209.95157527923584
32,2,8,3,0.001,4000,15502,0.0002388937136856839,0.0001865299855126068,0.030621046220893955,0.0819464296740355,2,2.75,288.5760507583618
32,3,5,3,0.001,10000,20942,3.7516685551963747e-05,3.2898809877224267e-05,0.03064428680628226,0.10388236996517887,2,2.875,965.9493319988251
64,2,8,3,0.002,5500,55566,3.886889317072928e-05,3.3728894777596e-05,0.030880438641681593,0.12340219090476377,2,2.875,408.5522315502167
32,3,8,3,0.0005,2000,27854,0.0003545566869433969,0.0003219307109247893,0.031594552089571876,0.07715073048327803,2,2.625,195.65044903755188
32,2,8,3,0.0005,1500,15502,0.001239476609043777,0.0008026706054806709,0.03188330785138271,0.05479116287388199,2,2.5,106.35454559326172
64,2,8,3,0.0005,1500,55566,0.00046422926243394613,0.00036846176953986287,0.03196973209584008,0.12698039518276372,2,2.875,117.18590569496155
32,2,8,3,0.002,1500,15502,0.0006188267143443227,0.0004240690905135125,0.032381475627570794,0.09444010955810574,2,2.875,105.36173009872437
32,3,8,3,0.001,1500,27854,0.00031589242280460894,0.0002932412317022681,0.032765261529793296,0.0858746298778173,2,2.5,147.99118757247925
16,3,8,3,0.001,10000,7790,0.00022840678866486996,0.00019734262605197728,0.03277821263919892,0.0710060264329384,2,2.75,967.1190557479858
64,2,8,3,0.002,7000,55566,3.2942629331955686e-05,2.492057319614105e-05,0.03330422458252259,0.12322996432159739,2,2.75,495.997763633728
32,3,8,3,0.002,4000,27854,8.54717000038363e-05,7.423895294778049e-05,0.03347211011351691,0.10857681619000693,2,2.875,387.3609039783478
32,2,8,3,0.0005,2000,15502,0.0007935854373499751,0.0005952334613539279,0.03359776937499999,0.08780836414111196,2,2.625,141.25471115112305
64,2,8,3,0.0005,3000,55566,0.0002960888668894768,0.0001552976027596742,0.03361920231177955,0.11121169909445414,2,2.75,213.72110152244568
64,2,12,3,0.002,3000,73998,7.09282758180052e-05,5.855360359419137e-05,0.034063502444668756,0.10926230994451307,2,2.75,233.12959146499634
64,2,12,3,0.001,3000,73998,8.8556669652462e-05,7.57301168050617e-05,0.034191788708857605,0.11200006653943295,2,2.875,233.13692426681519
64,3,12,3,0.001,8500,139662,1.7597583791939542e-05,1.4920509784133174e-05,0.0342644440991962,0.1064448868175719,2,2.875,933.929577589035
32,3,8,3,0.002,7000,27854,5.36634361196775e-05,4.6825029130559415e-05,0.034317535109030135,0.1024287378015216,2,3.0,678.0715982913971
32,2,8,3,0.002,4000,15502,0.00022570605506189167,0.00014825144899077713,0.03459216080379362,0.10264288233653523,2,2.875,283.4099419116974
64,2,8,3,0.002,8500,55566,2.7677462639985606e-05,1.9052342395298183e-05,0.034960681877026445,0.1211126382610396,2,2.625,607.3524329662323
64,2,8,3,0.001,5500,55566,6.087900692364201e-05,4.9963826313614845e-05,0.0351820853697466,0.11028616047315755,2,2.875,394.8031978607178
64,2,12,3,0.002,2000,73998,0.00010085279063787311,8.777500625001267e-05,0.03520048962359961,0.1096736552486482,2,2.875,154.00390791893005
32,3,8,3,0.001,4000,27854,0.00010219443356618285,9.16703138500452e-05,0.035314156360250475,0.10824253222963787,2,2.625,390.25722432136536
32,2,8,3,0.001,5500,15502,0.0001499139325460419,0.00013623113045468926,0.03531870299935322,0.08274535136009481,2,2.75,389.11860060691833
64,2,12,3,0.001,4000,73998,6.983669300097972e-05,5.9501508076209575e-05,0.0353338624408413,0.1104651491465166,2,2.875,309.26081109046936
64,2,8,3,0.002,2000,55566,0.00013852684060111642,0.00010554988693911582,0.03538469003083179,0.12822226485288124,2,2.75,142.39088129997253
32,3,8,3,0.002,10000,27854,3.616513276938349e-05,3.023103636223823e-05,0.03540138612861021,0.09917662789642273,2,2.75,965.2463147640228
64,2,8,3,0.002,3000,55566,8.598537533544004e-05,6.827992910984904e-05,0.035488147911024316,0.1352500596423705,2,2.875,218.40466713905334
64,2,8,3,0.002,10000,55566,1.965409319382161e-05,1.5236575563903898e-05,0.03565818618136134,0.11476918101374375,2,2.625,716.4811792373657
32,2,8,3,0.001,1500,15502,0.0009608006803318858,0.0005592127563431859,0.03568244430221296,0.06016410445149711,2,2.5,107.23222279548645
64,2,12,3,0.001,2000,73998,0.00014202421880327165,0.00012393244833219796,0.03569513844837681,0.09377486003009353,2,2.625,154.7427361011505
64,2,12,3,0.002,4000,73998,4.7217297833412886e-05,4.269841156201437e-05,0.035788156766816376,0.11531623060665748,2,2.75,307.57172536849976
32,3,8,3,0.002,8500,27854,4.4154741772217676e-05,3.801967977778986e-05,0.03596323093544307,0.095999917048809,2,2.75,831.0002582073212
32,2,8,3,0.0005,3000,15502,0.0005823328392580152,0.00041874387534335256,0.03601046584033731,0.07391734579849751,2,2.5,212.53403663635254
64,2,12,3,0.002,5500,73998,3.4112534194719046e-05,2.960235724458471e-05,0.03620644547596562,0.12035345524180169,2,2.625,440.7354300022125
32,3,8,3,0.002,3000,27854,0.0001144223497249186,0.0001036463218042627,0.036207849147623386,0.11184151129094627,2,2.625,288.745308637619
64,2,5,3,0.0005,7000,41742,7.283789454959333e-05,5.796859477413818e-05,0.03648848160297643,0.07376809821673037,2,2.625,501.45293641090393
64,2,8,3,0.001,3000,55566,0.00014259791350923479,0.00010294138337485492,0.03649411637584087,0.12104636276980403,2,2.75,215.40491795539856
64,3,12,3,0.0005,8500,139662,2.2702097339788452e-05,1.8771697796182707e-05,0.036573460834051955,0.09263864668669304,2,2.625,926.4362668991089
64,2,12,3,0.001,7000,73998,3.66092317563016e-05,3.0420851544477046e-05,0.036613874183590245,0.1169662436797963,2,2.875,539.053760766983
32,2,8,3,0.002,7000,15502,8.207564678741619e-05,7.36514339223504e-05,0.03664104260567472,0.10503029959334842,2,2.5,495.0591068267822
64,2,8,3,0.0005,5500,55566,9.204071830026805e-05,8.175239054253325e-05,0.036761399922440416,0.09873594983628083,2,2.75,392.4902684688568
32,3,8,3,0.001,5500,27854,6.93688853061758e-05,6.330614996841177e-05,0.03677979308060161,0.10860259902404193,2,2.875,530.2144093513489
64,2,12,3,0.001,5500,73998,5.2833107474725693e-05,4.213739521219395e-05,0.036781222616487474,0.11434147355354655,2,2.875,423.4190227985382
32,3,5,3,0.002,7000,20942,4.6743996790610254e-05,4.3254920456092805e-05,0.03681476174907678,0.0949205893511952,2,2.375,684.0372502803802
64,2,12,3,0.001,8500,73998,2.679338285815902e-05,2.3660748411202803e-05,0.03682807017982108,0.11432516745626328,2,2.75,657.7690916061401
32,2,8,3,0.0005,4000,15502,0.0004920317442156374,0.00029778238967992365,0.03699301181999585,0.08933234884698882,2,2.875,281.9490096569061
64,2,8,3,0.002,1500,55566,0.0001975197665160522,0.0001535467163193971,0.037114587344564284,0.14244673150299286,2,2.625,108.56565690040588
32,3,12,3,0.001,4000,37070,0.00010254866356262937,8.45667309476994e-05,0.03726486591777148,0.12808007876780397,2,2.875,385.86082768440247
64,3,12,3,0.002,8500,139662,1.5610035916324705e-05,1.24616080938722e-05,0.03736397910881108,0.11564425855080203,2,2.875,931.0692579746246
64,3,12,3,0.001,7000,139662,2.6133524443139322e-05,2.176338603021577e-05,0.03740017308243191,0.10438153134630322,2,2.875,766.1639158725739
64,2,12,3,0.001,10000,73998,2.309198498551268e-05,1.9776322005782276e-05,0.037428312708530094,0.11843417783939475,2,2.75,773.7772011756897
64,3,12,3,0.002,3000,139662,4.808838275494054e-05,4.641035775421187e-05,0.03750499721954519,0.10447489724239359,2,2.75,327.65770840644836
64,3,8,3,0.002,7000,104846,2.1668809495167807e-05,1.7857770217233337e-05,0.03758361845166952,0.12095451046074125,2,2.5,685.9065907001495
64,3,8,3,0.002,8500,104846,1.4828860912530217e-05,1.3456388842314482e-05,0.03763354627848637,0.12393756625699252,2,2.625,837.3790786266327
64,3,12,3,0.0005,4000,139662,6.256418419070542e-05,5.662659532390535e-05,0.03781372708536744,0.08727649506280612,2,2.625,447.7304251194
32,3,8,3,0.0005,1500,27854,0.000583624467253685,0.0004448319086804986,0.03793699076739223,0.08517095851560968,2,2.625,144.8486568927765
64,3,12,3,0.0005,1500,139662,0.00019264401635155082,0.00017849319556262344,0.03798879399967624,0.10103819109695247,2,2.75,163.7922785282135
64,3,12,3,0.002,4000,139662,4.0173887100536376e-05,3.6008903407491744e-05,0.03808064900016179,0.11030585111921082,2,2.875,436.3971471786499
64,3,12,3,0.001,10000,139662,1.4742101484443992e-05,1.2207007785036694e-05,0.03829014567595372,0.11016528373137138,2,2.75,1093.035790681839
64,3,12,3,0.0005,2000,139662,0.00014370153076015413,0.00012802006676793098,0.03831064260211339,0.09391909232107074,2,2.5,217.47859120368958
32,2,8,3,0.002,3000,15502,0.00030730440630577505,0.00022746181639377028,0.03831076136379342,0.11909914707351296,2,2.625,212.8471794128418
32,3,12,3,0.002,1500,37070,0.00018939204164780676,0.00016219308599829674,0.03833557338605793,0.09878456330852091,2,2.625,145.43177199363708
64,3,12,3,0.002,1500,139662,0.00012296908244024962,0.00010733025555964559,0.038415346868554974,0.10287523195996395,2,2.625,164.23683166503906
32,3,12,3,0.002,7000,37070,4.290348442737013e-05,3.525339707266539e-05,0.038442634949411754,0.118130006409303,2,2.625,680.2270836830139
64,2,8,3,0.0005,4000,55566,0.00015181524213403463,0.0001189065515063703,0.03848701343026679,0.10677859319920312,2,2.5,283.943541765213
32,2,8,3,0.001,2000,15502,0.0004818189481738955,0.0003900006995536387,0.03851706020053196,0.07349286817420311,2,2.5,138.9214906692505
64,3,12,3,0.002,2000,139662,8.221632742788643e-05,7.65793229220435e-05,0.03858679435741438,0.10377326556694058,2,2.75,218.9837291240692
64,2,12,3,0.002,10000,73998,1.6627274817437865e-05,1.4723415006301366e-05,0.03861671931181832,0.11781306058499234,2,2.625,771.7299118041992
64,3,12,3,0.0005,5500,139662,4.4808213715441525e-05,3.603531149565242e-05,0.03862745036911863,0.0951590888139284,2,2.625,601.910450220108
32,3,8,3,0.001,2000,27854,0.00021812964405398816,0.00021468035993166268,0.03864779100048284,0.10126758156563477,2,2.625,192.7299520969391
64,2,12,3,0.002,7000,73998,2.2506712411995977e-05,2.0940644390066154e-05,0.0386552569368099,0.12351266874308264,2,2.625,567.9775879383087
64,2,12,3,0.001,1500,73998,0.00023067831352818757,0.0001783424522727728,0.038685753874843826,0.10650418299084695,2,2.75,115.97033452987671
64,2,8,3,0.001,7000,55566,3.877251947415061e-05,3.362339339219034e-05,0.038802498709290464,0.11831610403654856,2,2.875,495.2276954650879
32,2,8,3,0.002,2000,15502,0.00034493886050768197,0.00029363625799305737,0.03884917597274485,0.10657958204833211,2,2.625,140.74493432044983
64,3,12,3,0.001,5500,139662,3.849114727927372e-05,2.9875563996029086e-05,0.0388584941107251,0.1116489774151598,2,2.625,607.1585211753845
64,2,12,3,0.002,1500,73998,0.0001540861267130822,0.00012179039913462475,0.03887830856362233,0.11325082898996261,2,2.625,115.74838900566101
64,3,8,3,0.002,5500,104846,3.143540379824117e-05,2.434039197396487e-05,0.03898416103677898,0.123481135680008,2,2.625,540.1746413707733
64,2,12,3,0.0005,7000,73998,4.7761852329131216e-05,4.5537952246377245e-05,0.03927825244011528,0.10087831314891987,2,2.75,542.0272903442383
32,3,12,3,0.002,5500,37070,6.137508898973465e-05,4.685710882768035e-05,0.03931321868691079,0.11768722264128244,2,2.625,525.5975573062897
64,3,12,3,0.0005,7000,139662,2.9790033295284957e-05,2.70010314125102e-05,0.0393259364915696,0.09069434642744963,2,2.625,765.3329660892487
16,3,8,3,0.001,8500,7790,0.0002455067296978086,0.00022593713947571814,0.03942402562220476,0.07959109205339025,2,2.5,820.5683171749115
64,1,12,3,0.001,2000,8334,0.0031916331499814987,0.0019046547822654247,0.039633144728644765,0.08476178632045576,2,2.875,94.1032464504242
32,3,12,3,0.001,2000,37070,0.00017342306091450155,0.0001632110506761819,0.0396704039106088,0.12141082892016819,2,3.0,195.10700678825378
64,3,8,3,0.002,10000,104846,1.3555845725932159e-05,1.1509180694702081e-05,0.03969825270390047,0.11978703033346542,2,2.5,980.5161461830139
32,3,12,3,0.001,8500,37070,4.3211199226789176e-05,3.7950663681840524e-05,0.03974260773979201,0.15385760454149006,2,2.75,820.9779484272003
32,3,12,3,0.0005,8500,37070,5.9098416386405006e-05,4.522872404777445e-05,0.0398097278447602,0.13461429352833307,2,2.75,817.2177667617798
64,2,12,3,0.0005,4000,73998,0.00011192174861207604,8.98688449524343e-05,0.03989256365122436,0.10816911839716317,2,2.5,310.32755398750305
16,1,5,3,0.002,4000,1198,0.006298338994383812,0.005026000551879406,0.040109176006667385,0.0831801292337681,2,2.625,185.75848078727722
64,3,12,3,0.0005,10000,139662,1.7155094610643573e-05,1.4324094081530347e-05,0.04013838659776164,0.09392778137131087,2,2.625,1091.6890680789948
32,3,12,3,0.001,3000,37070,0.00012748043809551746,0.0001126754650613293,0.04024955931836875,0.13472957139958663,2,2.875,290.6005434989929
16,3,8,3,0.002,3000,7790,0.0005725760711356997,0.0004690526984632015,0.040252207959564454,0.1705352488996202,2,2.75,287.27457427978516
64,2,12,3,0.0005,5500,73998,6.951748218853027e-05,6.0794300225097686e-05,0.04039156702827375,0.10676184229147069,2,2.5,427.72986364364624
64,3,5,3,0.002,2000,78734,9.161297202808782e-05,7.789598021190614e-05,0.0404035295108588,0.13780664822996788,2,2.75,191.7542064189911
64,3,12,3,0.0005,3000,139662,8.13227379694581e-05,7.654549699509516e-05,0.04040900183222433,0.09864683062082095,2,2.5,326.9126079082489
32,3,8,3,0.002,5500,27854,6.545340875163674e-05,5.672861880157143e-05,0.04045368688278729,0.10031699659680171,2,2.5,535.7602326869965
32,3,12,3,0.002,10000,37070,3.053433829336427e-05,2.567826959420927e-05,0.040664213936471606,0.12958090541586295,2,2.5,967.5583600997925
64,2,12,3,0.002,8500,73998,2.1019728592364118e-05,1.7953589122043923e-05,0.04072029271104328,0.1309090920472619,2,2.625,660.7891755104065
32,3,8,3,0.001,10000,27854,3.843889135168865e-05,3.487355206743814e-05,0.040765905022397915,0.12579056999022,2,2.625,970.155773639679
32,2,8,3,0.002,10000,15502,5.6459943152731284e-05,4.978059951099567e-05,0.040788075627415994,0.12519398363683357,2,2.625,702.6816573143005
64,3,12,3,0.002,5500,139662,2.5178011128446087e-05,2.3659666112507693e-05,0.04106050058381115,0.11033601774955223,2,2.375,601.6523311138153
64,2,12,3,0.0005,8500,73998,4.180047835689038e-05,3.2815158192534e-05,0.04109761669116505,0.10306968584892429,2,2.625,662.2608485221863
64,2,12,3,0.0005,10000,73998,2.684576975298114e-05,2.546886207710486e-05,0.04109963014638625,0.10430852880161173,2,2.625,775.7328777313232
64,3,12,3,0.002,7000,139662,1.9562636225600727e-05,1.7205595213454217e-05,0.04110988934751087,0.11888613772877003,2,2.625,770.2457404136658
64,3,12,3,0.001,4000,139662,4.8310786951333284e-05,4.1946328565245494e-05,0.04112050554104709,0.10247512644097809,2,2.5,438.53381061553955
16,3,8,3,0.002,10000,7790,0.00022085188538767397,0.00017708129598759115,0.041327944851772956,0.12993938729159027,2,2.5,978.8141541481018
64,2,8,3,0.001,10000,55566,2.662103361217305e-05,2.0600866264430806e-05,0.041329771045051644,0.13722739291757152,2,2.875,757.7380242347717
64,2,8,3,0.001,2000,55566,0.00016966124530881643,0.00015603707288391888,0.04150553363397054,0.1314380907887912,2,2.5,143.63570737838745
16,2,5,3,0.001,7000,3534,0.001231690403074026,0.0007116546621546149,0.0417353863773391,0.13869846636878275,2,2.5,498.50119614601135
32,2,12,3,0.002,4000,20622,0.00013476761523634195,0.00010369421215727925,0.04174653756880988,0.1395800957756132,2,2.625,283.39029121398926
64,2,8,3,0.001,8500,55566,4.3982494389638305e-05,2.5684727006591856e-05,0.04184222933985928,0.11821814132059665,2,2.5,602.1307380199432
32,3,5,3,0.002,10000,20942,3.168558396282606e-05,2.9285094569786452e-05,0.04191411622752291,0.09331203875232585,2,2.375,974.2344605922699
64,3,5,3,0.002,3000,78734,5.56591221538838e-05,5.119213892612606e-05,0.042068340423770126,0.1303998157884321,2,2.375,289.93085622787476
32,3,8,3,0.002,2000,27854,0.00018266282859258354,0.00015374300710391253,0.042201685053525506,0.11140156985638282,2,2.75,194.49377250671387
32,3,12,3,0.002,3000,37070,0.00011824782995972782,9.532629337627441e-05,0.04220901397866083,0.11137322428224566,2,2.625,297.3742344379425
32,2,12,3,0.002,3000,20622,0.0001438643375877291,0.00012937269639223814,0.04222870457590989,0.1271009454626269,2,2.75,213.58228635787964
32,3,8,3,0.001,7000,27854,6.11929499427788e-05,5.39190077688545e-05,0.042259595623108,0.12371268761504671,2,2.625,683.7484798431396
64,3,12,3,0.002,10000,139662,1.2115851859562099e-05,1.02250733107212e-05,0.04252381242137732,0.12937523977114274,2,2.625,1092.9487957954407
16,3,8,3,0.0005,4000,7790,0.0010452225105836987,0.0007918429328128695,0.0426223944088209,0.1334559544856752,2,2.5,384.5750803947449
32,3,8,3,0.001,8500,27854,4.756835551233962e-05,4.0317969251191244e-05,0.04264946505092369,0.11924026186921033,2,2.375,818.5708301067352
64,3,12,3,0.001,1500,139662,0.000151532469317317,0.0001311675296165049,0.04283646341906435,0.10883959142919847,2,2.5,163.4723415374756
32,3,12,3,0.002,4000,37070,7.69482139730826e-05,6.463938916567713e-05,0.04284954429574031,0.1209149049335195,2,2.625,384.23822689056396
64,3,8,3,0.002,4000,104846,3.7483561754925177e-05,3.277161158621311e-05,0.04291698952426619,0.12924134337798043,2,2.625,392.3965015411377
32,2,12,3,0.002,10000,20622,4.141500539844856e-05,3.67008033208549e-05,0.0429461132383567,0.13694446426097107,2,2.625,707.3358523845673
32,3,12,3,0.001,7000,37070,5.621513628284447e-05,4.88596415380016e-05,0.043158768011465475,0.14387387238999375,2,2.625,680.4448928833008
64,1,12,3,0.0005,3000,8334,0.0028049927204847336,0.0019722587894648314,0.043167600394800616,0.08265432523237977,2,2.5,138.42487573623657
64,3,12,3,0.001,3000,139662,6.62884340272285e-05,6.0644604673143476e-05,0.04317438094133524,0.10731944840300041,2,2.5,328.2157094478607
64,2,8,3,0.001,4000,55566,8.653226541355252e-05,7.407129305647686e-05,0.0433419623943715,0.12727446506502546,2,2.625,304.2021048069
32,3,5,3,0.001,7000,20942,6.41411606920883e-05,5.539581979974173e-05,0.04341972886337881,0.1049585864005693,2,2.625,674.12175989151
32,3,12,3,0.001,10000,37070,3.643643140094355e-05,3.127568925265223e-05,0.043494641116477106,0.15175472412749413,2,2.5,965.9528610706329
64,3,5,3,0.002,10000,78734,1.3303435480338521e-05,1.1904817256436218e-05,0.04361493848856724,0.10356894533291154,2,2.625,968.6871011257172
64,2,12,3,0.0005,3000,73998,0.00017263332847505808,0.00013767971540801227,0.04365634268303287,0.1051089577591455,2,2.375,230.11941409111023
64,2,12,3,0.0005,2000,73998,0.00024165312061086297,0.000208642624784261,0.04390919431180376,0.10455533458262334,2,2.625,155.74401807785034
32,3,5,3,0.002,8500,20942,4.07066909247078e-05,3.660751463030465e-05,0.04406393203594838,0.09290415507778159,2,2.375,814.8075747489929
64,2,5,3,0.0005,2000,41742,0.00036377046490088105,0.00033777242060750723,0.044248755801341744,0.09185400955444493,2,2.625,140.1430163383484
32,2,12,3,0.001,7000,20622,7.351538079092279e-05,6.589536496903747e-05,0.04438110050723907,0.14376353820229554,2,2.625,494.64290833473206
32,2,12,3,0.002,7000,20622,6.158369069453329e-05,5.6342858442803845e-05,0.04441990220087159,0.12541011825849457,2,2.5,499.6070783138275
64,3,12,3,0.001,2000,139662,0.0001016014430206269,9.749339369591326e-05,0.04455872784782579,0.10538415661982478,2,2.375,219.056325674057
32,3,12,3,0.002,8500,37070,3.735918289748952e-05,2.999356911459472e-05,0.04458999094639497,0.11742244301431828,2,2.25,827.883944272995
64,3,8,3,0.001,8500,104846,1.8113811165676452e-05,1.6156483980012126e-05,0.0446067765517962,0.1357434890133626,2,2.5,833.1140232086182
32,2,12,3,0.002,1500,20622,0.0002546392206568271,0.00023118869285099208,0.04475380236588289,0.13697252167976015,2,2.625,106.48791241645813
64,2,5,3,0.001,8500,41742,3.242313687223941e-05,2.7291540391161107e-05,0.04480595853032769,0.14304206171914755,2,2.5,597.5392327308655
32,3,8,3,0.002,1500,27854,0.0002490503538865596,0.00021653302246704698,0.04486902160748659,0.12497942042196956,2,2.5,141.24670720100403
32,2,8,3,0.0005,5500,15502,0.0002363413223065436,0.00022064840595703572,0.04493066292702386,0.12463455906849989,2,2.5,389.021183013916
32,2,8,3,0.002,5500,15502,9.419328125659376e-05,8.975513628683984e-05,0.04497006826379333,0.1089123980545947,2,2.5,394.5924644470215
32,3,12,3,0.002,2000,37070,0.0001557281648274511,0.00012560351751744747,0.04502161526537997,0.1269650065913582,2,2.5,193.84588193893433
16,3,8,3,0.0005,5500,7790,0.0006303879199549556,0.00053413026034832,0.045028519301420114,0.10565001537828084,2,2.5,542.0970437526703
64,3,8,3,0.001,10000,104846,1.494510615884792e-05,1.2846574463765137e-05,0.04505174496496247,0.13394641274139096,2,2.5,977.063538312912
32,3,5,3,0.0005,10000,20942,6.473882967839018e-05,5.163118476048112e-05,0.04506190797351286,0.1407772309968739,2,2.25,963.6709551811218
32,3,5,3,0.001,8500,20942,5.82321772526484e-05,4.35344991274178e-05,0.04519556141647459,0.11512630346408519,2,2.375,825.3013882637024
32,3,12,3,0.001,5500,37070,7.429777906509116e-05,5.936291563557461e-05,0.045220777410293754,0.14592960036367203,2,2.5,528.6554083824158
32,2,12,3,0.001,5500,20622,9.580170444678515e-05,8.465386054012924e-05,0.0453836167370163,0.13237104893957086,2,2.625,389.56215357780457
32,2,12,3,0.002,8500,20622,4.7412715503014624e-05,4.336248821346089e-05,0.04541906418432819,0.1417500189853795,2,2.5,603.3973395824432
16,1,5,3,0.0005,8500,1198,0.006413667928427458,0.005173898302018642,0.04542489401292491,0.09536786331787703,2,2.5,387.0807764530182
32,2,12,3,0.001,8500,20622,5.416510975919664e-05,4.932727097184397e-05,0.04550304523597419,0.1422532586426615,2,2.5,604.433310508728
32,3,12,3,0.0005,10000,37070,4.955314943799749e-05,3.864417158183642e-05,0.04573455899799674,0.15426800385373293,2,2.5,964.7696003913879
32,2,12,3,0.0005,8500,20622,8.504626021021977e-05,7.84435251262039e-05,0.045787958758464475,0.1403104018934654,2,2.75,605.6073172092438
64,3,5,3,0.001,1500,78734,0.00016868620878085494,0.00014241358439903706,0.0458263956186911,0.19152370785622658,2,2.875,144.32391595840454
64,3,5,3,0.002,8500,78734,1.635370972508099e-05,1.3197731277614366e-05,0.04593869004891031,0.11953863388460538,2,2.5,812.4290475845337
32,3,5,3,0.002,5500,20942,6.492785178124905e-05,5.583889287663624e-05,0.04611006630940616,0.09796177810106142,2,2.5,534.1988837718964
32,3,5,3,0.0005,8500,20942,7.64937067287974e-05,6.804591976106167e-05,0.04612364784221385,0.15571868942782957,2,2.5,832.3181324005127
64,2,5,3,0.001,10000,41742,2.8444039344321936e-05,2.1925610781181604e-05,0.04646149441622361,0.13660219738701146,2,2.625,702.0736691951752
64,3,5,3,0.002,5500,78734,2.7526702979230322e-05,2.477287853253074e-05,0.046557107218855955,0.1198619181816277,2,2.375,530.0929553508759
64,3,5,3,0.002,1500,78734,0.00012185967352706939,0.00011413305037422106,0.04664423821484543,0.14060186620759363,2,2.5,143.11638879776
64,3,8,3,0.001,5500,104846,3.4360251447651535e-05,3.101557740592398e-05,0.04669337496835358,0.14430463855730918,2,2.5,541.4334502220154
64,2,8,3,0.0005,10000,55566,4.5780514483340085e-05,3.125675721094012e-05,0.046694332975380344,0.1390123044345437,2,2.5,708.2645983695984
64,2,5,3,0.001,4000,41742,0.00010259936971124262,7.808999362168834e-05,0.04675890499227752,0.12414168258126004,2,2.375,282.64124393463135
64,3,8,3,0.001,7000,104846,2.3760376279824413e-05,2.1994086637278087e-05,0.04685902306912794,0.13810478988660263,2,2.625,686.3852460384369
64,3,5,3,0.002,7000,78734,1.9272058125352487e-05,1.7402453522663563e-05,0.046867244373647386,0.11570183061638242,2,2.5,672.9606709480286
32,2,8,3,0.001,7000,15502,0.00011206822819076478,0.0001017903778119944,0.047241905689167134,0.11141622597538865,2,2.375,491.68053555488586
64,3,8,3,0.001,4000,104846,5.1138824346708134e-05,4.2515937821008265e-05,0.04730816560067536,0.1401547683317803,2,2.625,393.52713537216187
64,2,8,3,0.0005,8500,55566,5.795487959403545e-05,4.142578472965397e-05,0.04731635482888106,0.13366693169968666,2,2.375,608.3439035415649
16,2,8,3,0.001,3000,4686,0.0017487041186541319,0.001105808885768056,0.0473432846864632,0.132268040933527,2,2.375,211.11248779296875
32,3,12,3,0.001,1500,37070,0.0002432979381410405,0.00022412245743907988,0.047491020969408944,0.1376879157854084,2,2.5,144.2537293434143
64,3,5,3,0.001,10000,78734,1.4237879440770485e-05,1.2161891390860546e-05,0.04750925358238522,0.14438473635836588,2,2.375,960.3659882545471
32,3,12,3,0.0005,3000,37070,0.00020050673629157245,0.00017158979608211666,0.04752908300419625,0.15211001415650358,2,2.625,289.2699387073517
64,3,8,3,0.001,3000,104846,6.927629874553531e-05,6.352855416480452e-05,0.04758570032284824,0.13897509542011563,2,2.5,294.7804653644562
64,2,5,3,0.002,10000,41742,1.9069473637500778e-05,1.538241485832259e-05,0.0475916497806216,0.12835864184700543,2,2.625,693.7574129104614
32,3,12,3,0.0005,4000,37070,0.00013904704246670008,0.00012899230932816863,0.04762095322972861,0.1608283945602877,2,2.5,386.50147676467896
16,3,8,3,0.002,8500,7790,0.00021471496438607574,0.00019990664441138506,0.04771068682023383,0.15936407969559546,2,2.5,818.4680187702179
32,2,12,3,0.002,5500,20622,7.603819540236145e-05,6.513645348604769e-05,0.047789448867756434,0.15452458138062403,2,2.5,386.87705302238464
32,2,12,3,0.0005,5500,20622,0.00015518598956987262,0.00012661880464293063,0.047870246510598305,0.15841719308802465,2,2.5,393.86672616004944
32,2,12,3,0.001,10000,20622,4.767927384818904e-05,4.424975486472249e-05,0.04792128420999784,0.14914341511550358,2,2.5,712.0071592330933
32,2,8,3,0.002,8500,15502,6.994423165451735e-05,5.8481098676566035e-05,0.04792355851075286,0.135824199640139,2,2.25,600.8706789016724
32,3,12,3,0.0005,5500,37070,9.216148464474827e-05,8.178925781976432e-05,0.047939327930577806,0.1663418210029642,2,2.5,529.6669747829437
32,2,12,3,0.001,3000,20622,0.00020567909814417362,0.00017029036825988442,0.048098511115489975,0.13839434048644877,2,2.375,212.39689135551453
32,3,5,3,0.001,5500,20942,8.375032484764233e-05,7.623399142175913e-05,0.04813139446867228,0.10415593680571983,2,2.375,531.943963766098
16,3,8,3,0.001,4000,7790,0.0007344360346905887,0.0005376507760956883,0.04828568532997434,0.14980033991486408,2,2.625,390.356995344162
64,2,5,3,0.001,7000,41742,4.119451477890834e-05,3.59118748747278e-05,0.048561717924836406,0.1413776338319815,2,2.75,507.78590512275696
32,3,8,3,0.001,3000,27854,0.00013540293730329722,0.0001286341284867376,0.04867970232318716,0.141577564021046,2,2.375,294.21262979507446
64,2,8,3,0.0005,7000,55566,5.931022315053269e-05,5.078732647234574e-05,0.048753269796348725,0.12448694228922642,2,2.25,495.8420035839081
16,2,12,3,0.001,10000,6222,0.0004549114091787487,0.0003810825292021036,0.048958022357010314,0.0954942105977013,2,2.75,709.3403980731964
64,3,5,3,0.002,4000,78734,4.3272259063087404e-05,3.815745731117204e-05,0.04899257802128475,0.14478235390616218,2,2.25,387.92532086372375
32,2,12,3,0.0005,10000,20622,7.633651694050059e-05,6.81726451148279e-05,0.04902018365778403,0.15939660674579062,2,2.625,716.8420598506927
64,2,5,3,0.0005,5500,41742,0.0001059928399627097,8.530213381163776e-05,0.04907032420155967,0.11422934958527456,2,2.625,390.27502632141113
16,3,8,3,0.002,7000,7790,0.00023368673282675445,0.00022172776516526937,0.04928326542225195,0.12589317675540881,2,2.375,670.1084370613098
64,3,8,3,0.0005,8500,104846,2.3974898795131594e-05,2.0651412341976538e-05,0.04929009142636221,0.13612932757314403,2,2.375,838.5662806034088
64,2,12,3,0.0005,1500,73998,0.0003518665034789592,0.0002847554278559983,0.04930682556496755,0.11204426187916891,2,2.125,116.54040694236755
32,2,12,3,0.001,1500,20622,0.000346137210726738,0.00030518643325194716,0.04937826349517141,0.13702307881293752,2,2.375,107.52631378173828
64,1,12,3,0.001,1500,8334,0.00562420766800642,0.002224292140454054,0.049380536445627676,0.07602549733814087,2,2.375,70.09036660194397
64,3,8,3,0.002,2000,104846,8.595616964157671e-05,7.568576984340325e-05,0.049516925997308274,0.12869771337057345,2,2.375,195.67496395111084
64,2,5,3,0.0005,3000,41742,0.00024637134629301727,0.00020207357010804117,0.049624873478627124,0.10365236899445458,2,2.625,212.35391354560852
64,3,8,3,0.002,3000,104846,5.796508048661053e-05,4.9033340474125e-05,0.04966150159612906,0.13681791156783146,2,2.25,294.18666315078735
64,1,12,3,0.002,5500,8334,0.0008458852535113692,0.0006306625436991453,0.04983113418815606,0.095333910727283,2,2.25,252.0666205883026
64,3,8,3,0.0005,1500,104846,0.00022115561296232045,0.00020158919505774975,0.04984499807000912,0.13929736332473855,2,2.25,145.16841578483582
64,3,8,3,0.0005,7000,104846,3.211558214388788e-05,2.82195360341575e-05,0.05003973546987385,0.13975509726833016,2,2.375,686.4977722167969
64,3,8,3,0.0005,10000,104846,1.7716158254188485e-05,1.6176161807379685e-05,0.05004357622366634,0.1384354876300875,2,2.375,985.7085690498352
64,3,8,3,0.001,1500,104846,0.00014418698265217245,0.00013664459402207285,0.05018846168159423,0.13895120737299974,2,2.5,146.87610983848572
32,2,8,3,0.001,8500,15502,0.00010953383025480434,8.355114550795406e-05,0.05023158773391509,0.11944599528923472,2,2.25,606.6688456535339
32,3,5,3,0.002,4000,20942,9.624612721381709e-05,8.427887223660946e-05,0.050277629825526804,0.13807938528092198,2,2.5,388.9217150211334
32,2,12,3,0.002,2000,20622,0.00020502132247202098,0.00017680195742286742,0.05074853014851252,0.13731397570142717,2,2.5,141.63889288902283
64,3,8,3,0.0005,5500,104846,4.570970486383885e-05,4.1304803744424134e-05,0.05078489128917531,0.14560071051580342,2,2.375,539.1955854892731
64,3,5,3,0.001,2000,78734,0.00012031548249069601,0.00010621748515404761,0.05087690276221467,0.21048151622356429,2,3.0,191.04337239265442
64,3,5,3,0.001,8500,78734,1.689386772341095e-05,1.5021210856502876e-05,0.05089819238462454,0.15893641941316788,2,2.375,809.280665397644
32,2,8,3,0.001,10000,15502,8.809439168544486e-05,6.87326755723916e-05,0.05093724826053165,0.11208099940558834,2,2.25,709.5245566368103
16,3,8,3,0.001,3000,7790,0.0008599223801866174,0.0006627344992011786,0.05099415184890105,0.10715435481044251,2,2.5,289.02289748191833
32,2,12,3,0.0005,7000,20622,0.00010670961637515575,9.994800348067656e-05,0.05112112540283974,0.17273814589760897,2,2.375,501.1304636001587
32,2,12,3,0.001,2000,20622,0.00038970381137914956,0.0002490658953320235,0.05121247770814444,0.1409774168959665,2,2.75,144.25056314468384
64,3,8,3,0.0005,3000,104846,9.321518882643431e-05,8.529222395736724e-05,0.051380432188406676,0.15091820802290248,2,2.25,294.9655034542084
32,3,12,3,0.0005,7000,37070,7.759336585877463e-05,6.371462222887203e-05,0.051480132696348636,0.173988457410804,2,2.625,680.7064321041107
16,3,8,3,0.0005,8500,7790,0.0003669827710837126,0.0003139462205581367,0.05151311984230116,0.09872967125305529,2,2.375,819.8450849056244
32,3,12,3,0.0005,2000,37070,0.0002598374558147043,0.00024991785176098347,0.051531329018696864,0.15763303365770215,2,2.625,193.92255806922913
16,3,8,3,0.002,5500,7790,0.00032579555409029126,0.00025331394863314927,0.0515794673120007,0.14574560844430512,2,2.375,525.372980594635
32,3,12,3,0.0005,1500,37070,0.00039414409548044205,0.0003668263088911772,0.05172740002441656,0.14053263953762488,2,2.25,144.5307116508484
32,2,12,3,0.0005,3000,20622,0.0003022095770575106,0.000241406392888166,0.05173961442811178,0.180367884585479,2,2.5,213.60480260849
16,3,12,3,0.002,7000,10350,0.0001596745860297233,0.00014184265455696732,0.05184117525616622,0.13946751573308935,2,2.5,670.7235591411591
64,2,5,3,0.001,3000,41742,0.00014077030937187374,0.00012135641009081155,0.051890649957382406,0.12799502793862555,2,2.375,209.17768478393555
64,3,5,3,0.001,7000,78734,2.0476865756791085e-05,1.8593007553135976e-05,0.05189153368167441,0.1686765948253969,2,2.625,670.8813502788544
64,1,12,3,0.0005,1500,8334,0.007130539044737816,0.0029949196614325047,0.0519043709253877,0.12656719625592336,2,2.25,69.53476762771606
64,3,8,3,0.001,2000,104846,0.0001054067543009296,0.00010021858906839043,0.05192858727641404,0.14789518231736726,2,2.375,196.34371280670166
64,1,12,3,0.001,3000,8334,0.0019287727773189545,0.001410972443409264,0.052202611282230846,0.12413854409921031,2,2.5,137.70798778533936
32,2,8,3,0.0005,8500,15502,0.0001401016634190455,0.000119808639283292,0.052400636528866576,0.12364863001207876,2,2.375,605.0481703281403
32,3,5,3,0.002,1500,20942,0.00039992821984924376,0.00026562719722278416,0.05265696798953594,0.13846991903786546,2,2.625,144.88392114639282
64,3,5,3,0.001,3000,78734,7.237019599415362e-05,6.012873200234026e-05,0.05273606368012917,0.20894589544744643,2,2.625,288.61920142173767
64,3,5,3,0.001,5500,78734,3.120933615718968e-05,2.759437484201044e-05,0.05281718303127316,0.18081785704727948,2,2.375,529.8397278785706
32,2,12,3,0.001,4000,20622,0.00018327576981391758,0.00013460629270412028,0.053056168852407916,0.16929386910627314,2,2.375,283.05736231803894
16,2,12,3,0.001,5500,6222,0.0007227096939459443,0.0005771369906142354,0.05320306738668844,0.11648884011219346,2,2.5,391.1303241252899
16,3,8,3,0.001,5500,7790,0.0004464483354240656,0.0003691136953420937,0.05321814291998678,0.1134867741569098,2,2.5,528.3798241615295
64,1,12,3,0.0005,2000,8334,0.00421962421387434,0.0029598211403936148,0.05367404226278092,0.07973832010832106,2,2.25,93.19894552230835
64,3,8,3,0.0005,4000,104846,7.280497811734676e-05,6.211677100509405e-05,0.05374652645865228,0.15279320599740526,2,2.375,394.489958524704
16,2,12,3,0.002,1500,6222,0.0012187784304842353,0.0010152969043701887,0.05400978318837811,0.13770798482821858,2,2.25,105.42015099525452
16,2,8,3,0.002,7000,4686,0.0006415194948203862,0.00047303622704930604,0.054188353536816655,0.18632838032748542,2,2.375,491.08149433135986
64,3,8,3,0.0005,2000,104846,0.0001470766874263063,0.00013708104961551726,0.054274926036720725,0.1498013770022719,2,2.25,196.11474919319153
16,1,8,3,0.0005,7000,1582,0.008072363212704659,0.004598117433488369,0.05455638432775732,0.10508837519854074,2,2.375,323.7150499820709
16,2,5,3,0.001,8500,3534,0.0007099383510649204,0.0006463658646680415,0.05462648400912011,0.12626195242439317,2,2.375,596.385899066925
32,2,12,3,0.0005,2000,20622,0.0005735582089982927,0.00038746470818296075,0.05480961283462999,0.16249881860202656,2,2.5,141.59207773208618
64,1,12,3,0.0005,4000,8334,0.0025436547584831715,0.001564194681122899,0.054916047881895566,0.09705574249981132,2,2.5,184.3804578781128
64,3,8,3,0.002,1500,104846,0.00012785004219040275,0.00011630663357209414,0.05523927302494359,0.14005289551600714,2,2.25,147.68807125091553
32,2,12,3,0.0005,4000,20622,0.0003018179559148848,0.0001855104637797922,0.055362100235069045,0.19695813756694924,2,2.5,287.615834236145
64,2,5,3,0.002,8500,41742,2.303403744008392e-05,1.9824943592539057e-05,0.0554389171683612,0.157030464851735,2,2.5,650.1454403400421
32,3,5,3,0.0005,5500,20942,0.00012951201642863452,0.00012006863835267723,0.05579860853764481,0.15249430058884697,2,2.375,528.5247986316681
16,3,8,3,0.0005,10000,7790,0.0003391100326552987,0.0002737565082497895,0.0558493037443026,0.18421370304422588,2,2.375,962.5184416770935
32,3,5,3,0.0005,7000,20942,9.601229976397008e-05,8.850930316839367e-05,0.055980648450994354,0.1516537552595291,2,2.25,676.8961625099182
64,2,5,3,0.001,5500,41742,7.111998274922371e-05,5.453605263028294e-05,0.056070616265113,0.1538663052909449,2,2.25,384.7528896331787
32,2,8,3,0.0005,10000,15502,0.00011192495003342628,9.471790690440685e-05,0.05617901764695688,0.1343394408395534,2,2.25,707.0438044071198
32,2,12,3,0.0005,1500,20622,0.0005831699818372726,0.000511265592649579,0.056236314200979555,0.14819909495875977,2,2.25,106.96410346031189
64,3,5,3,0.001,4000,78734,4.897350299870595e-05,4.3286516302032396e-05,0.05643355884983791,0.20331997391920809,2,2.625,386.6697633266449
64,2,5,3,0.002,2000,41742,0.0001508577261120081,0.00014104877482168376,0.056474488400427326,0.13567554577345775,2,2.25,140.24779891967773
64,3,5,3,0.0005,10000,78734,1.849508043960668e-05,1.562577745062299e-05,0.05662084195827839,0.21588029751553336,2,2.625,959.0039627552032
32,2,8,3,0.0005,7000,15502,0.0001706603798083961,0.0001600256800884381,0.056800455130153096,0.13326628619108322,2,2.25,497.1190686225891
16,3,8,3,0.001,1500,7790,0.0016922990325838327,0.0013432791456580162,0.05692890549388067,0.14163829383923235,2,2.25,146.25392818450928
64,2,5,3,0.0005,1500,41742,0.0005361780640669167,0.00048207820509560406,0.05701218488541877,0.10926219840010774,2,2.5,102.81898593902588
32,3,5,3,0.002,2000,20942,0.00021679731435142457,0.00018077914137393236,0.05701525897206492,0.14190945849780548,2,2.375,194.54297709465027
16,3,8,3,0.0005,3000,7790,0.0011906956788152456,0.0010206965962424874,0.05761840218570223,0.1054552671807318,2,2.25,293.55741691589355
16,2,8,3,0.001,1500,4686,0.002421221463009715,0.0019504777155816555,0.05778185308286712,0.12453026171054364,2,2.375,110.0283682346344
32,3,5,3,0.001,4000,20942,0.0001401395711582154,0.0001079676003428176,0.05778592140972745,0.13877121331464004,2,2.25,387.1556980609894
64,2,5,3,0.0005,4000,41742,0.00016811209206935018,0.00013898045290261507,0.05816656995068021,0.11233494997672588,2,2.375,282.9964511394501
16,2,12,3,0.001,8500,6222,0.0006058297585695982,0.00047638302203267813,0.05829150841506993,0.10343297476493366,2,2.25,600.0095279216766
64,3,5,3,0.0005,8500,78734,2.5838218789431266e-05,2.0532885173452087e-05,0.05843011753825109,0.2304641389082247,2,2.625,819.8117513656616
64,1,12,3,0.001,4000,8334,0.0018950357334688306,0.0011719244066625834,0.05865027319932221,0.1144922122611005,2,2.25,187.53858256340027
32,3,5,3,0.002,3000,20942,0.0001471188006689772,0.00011714092397596687,0.0590461029204223,0.16320465137168352,2,2.5,291.93829679489136
32,2,5,3,0.002,7000,11662,7.392160478048027e-05,6.605037197005004e-05,0.059123490358725043,0.13381928544576868,2,2.25,498.2484908103943
16,3,8,3,0.0005,7000,7790,0.0004832991398870945,0.00041654770029708743,0.059491862232372954,0.1313775192029095,2,2.375,681.7860949039459
64,1,12,3,0.001,7000,8334,0.0010966523550450802,0.0007209700415842235,0.05952335562014426,0.15431188736651183,2,2.375,323.157710313797
16,3,8,3,0.001,7000,7790,0.00031193788163363934,0.0002849218435585499,0.059537544767445015,0.15088664227625476,2,2.375,677.8241512775421
16,2,8,3,0.002,3000,4686,0.001184897730126977,0.0008466494036838412,0.06024662071854974,0.15717481620714338,2,2.375,214.40377187728882
64,3,5,3,0.0005,7000,78734,2.9773473215755075e-05,2.6463962058187462e-05,0.06032327697037982,0.24476922350815308,2,2.625,670.4493882656097
32,2,5,3,0.002,8500,11662,6.135624425951391e-05,5.3769294027006254e-05,0.060426884638835304,0.14254952928861622,2,2.0,602.7779393196106
32,3,5,3,0.001,3000,20942,0.0001975728227989748,0.0001674406521487981,0.060804888342117655,0.15233975946528217,2,2.5,288.7321574687958
16,2,5,3,0.001,5500,3534,0.0013384593185037374,0.0009682366508059204,0.06104866062905647,0.2046522713095538,2,2.5,384.8740611076355
16,3,12,3,0.002,5500,10350,0.00023632134252693504,0.0002230351383332163,0.06121815533321666,0.13751043369172958,2,2.25,528.7555747032166
32,3,5,3,0.0005,2000,20942,0.0006449412321671844,0.0004367705842014402,0.06129549518295857,0.15365830507183725,2,2.375,190.55801677703857
16,2,8,3,0.001,2000,4686,0.002306243870407343,0.0015520204324275255,0.06165352667824327,0.16413488560789655,2,2.25,140.84511518478394
64,3,5,3,0.0005,5500,78734,4.195624933345243e-05,3.565687802620232e-05,0.062345509337670836,0.2536478726440892,2,2.375,527.9520125389099
32,1,12,3,0.002,5500,4174,0.001770439324900508,0.0015409253537654877,0.0626641675722655,0.1311709426030338,2,2.25,254.60603737831116
64,3,5,3,0.0005,3000,78734,8.938877726905048e-05,8.548593905288726e-05,0.06269289702191813,0.25399196204815283,2,2.625,285.2249038219452
16,2,12,3,0.002,5500,6222,0.00044998645898886025,0.0003445368492975831,0.06306912181597535,0.09323524372992253,2,2.25,388.8275399208069
16,2,12,3,0.002,7000,6222,0.00029622443253174424,0.00026851819711737335,0.06319084119827059,0.13894752851564102,2,2.25,501.0308313369751
64,2,5,3,0.002,3000,41742,0.00011223007459193468,8.673925185576081e-05,0.06333547753383933,0.13870406523931533,2,2.25,211.53107261657715
64,2,5,3,0.002,5500,41742,5.2730792958755046e-05,4.119097866350785e-05,0.06334422085413285,0.15087645701375374,2,2.25,403.3223624229431
16,2,8,3,0.0005,3000,4686,0.002776417415589094,0.0019285123562440276,0.06361660008351472,0.09941719472658546,2,2.25,211.6427776813507
64,2,5,3,0.001,1500,41742,0.0003405643510632217,0.00029463955434039235,0.06385302198651312,0.11222385955549374,2,2.125,104.25059461593628
64,3,5,3,0.0005,4000,78734,6.338160892482847e-05,5.2937379223294556e-05,0.06417677880970701,0.26560134408860914,2,2.5,380.43192195892334
16,3,5,3,0.002,1500,5870,0.0013905036030337214,0.0010703979060053825,0.0641998297925545,0.12690122993389127,2,2.125,143.51087021827698
64,1,12,3,0.0005,10000,8334,0.0007869440596550703,0.0006518254522234201,0.06460995940256009,0.11467787527777426,2,2.25,462.3059186935425
64,2,5,3,0.002,7000,41742,2.9394712328212336e-05,2.640033017087262e-05,0.0650382083055938,0.17278466345772403,2,2.375,531.0489583015442
16,2,8,3,0.002,5500,4686,0.000722668191883713,0.0005291257402859628,0.06510468424219107,0.23431274693718918,2,2.5,387.9985806941986
16,3,12,3,0.002,1500,10350,0.0010798682924360037,0.0006854946259409189,0.06551313556054958,0.1657832303089652,2,2.25,143.03157377243042
64,2,5,3,0.001,2000,41742,0.00020475918427109718,0.0001875769521575421,0.06559476873223898,0.16341487045237332,2,2.25,135.8685872554779
32,1,12,3,0.002,1500,4174,0.003658644389361143,0.0027935770340263844,0.0658829438929399,0.1126625364427473,2,2.0,65.47308707237244
64,1,12,3,0.002,8500,8334,0.0005435151397250593,0.0004689657362177968,0.06597805054525155,0.12351770297123085,2,2.25,389.72465467453003
32,1,12,3,0.0005,1500,4174,0.006516261957585812,0.00436834990978241,0.06626984194468344,0.1451980262929928,2,2.375,66.6798403263092
16,3,8,3,0.0005,1500,7790,0.002829225966706872,0.0022016693837940693,0.06654698638656516,0.12537922987137612,2,2.25,147.58989453315735
16,2,12,3,0.0005,5500,6222,0.0012043812312185764,0.0009092417312785983,0.0668368574654814,0.15325803193972073,2,2.0,402.03702187538147
64,2,5,3,0.002,4000,41742,7.057537004584447e-05,5.8599845942808315e-05,0.06684584467460339,0.1562895687331952,2,2.25,283.22390580177307
32,2,5,3,0.002,10000,11662,5.9770653024315834e-05,4.838444510824047e-05,0.06702234433223304,0.158200271418331,2,2.125,713.5112273693085
64,3,5,3,0.0005,2000,78734,0.0001668437907937914,0.00014288707461673766,0.06707716390652277,0.24325259091854015,2,2.5,190.42287373542786
64,2,5,3,0.002,1500,41742,0.000210807760595344,0.00017993987421505153,0.06708822823626605,0.16461448119508157,2,2.125,104.95563268661499
16,3,8,3,0.0005,2000,7790,0.0020310538820922375,0.0015569112729281187,0.06735483901069697,0.14938741095022787,2,2.125,193.55319380760193
64,1,12,3,0.0005,5500,8334,0.0014621556038036942,0.0009579147445037961,0.06748209139083507,0.13598512950411187,2,2.125,255.44621014595032
16,2,12,3,0.0005,10000,6222,0.0007902906509116292,0.0005005892599001527,0.06758885388652554,0.16110009189908747,2,2.125,703.7279891967773
16,3,12,3,0.002,3000,10350,0.0004403522179927677,0.0003402954898774624,0.0680894245396699,0.15506987913670026,2,2.375,290.80672693252563
32,2,5,3,0.002,1500,11662,0.0006355969817377627,0.00038215634413063526,0.06817040465099967,0.2224714207073502,2,2.125,105.88873314857483
16,3,12,3,0.0005,8500,10350,0.00032899569487199187,0.00027023337315768003,0.06868059544355617,0.10505205039952258,2,2.125,816.917022228241
32,3,5,3,0.0005,1500,20942,0.0009516782592982054,0.0006320064421743155,0.06893001082755552,0.13865204269258952,2,2.25,143.9189224243164
32,1,5,3,0.0005,5500,2382,0.0028187534771859646,0.0019888863898813725,0.06893020327149584,0.235181888100602,2,2.375,251.76599192619324
16,1,8,3,0.0005,4000,1582,0.008206094615161419,0.005851544439792633,0.06916843614821311,0.21705021724848675,2,2.5,180.23078536987305
16,3,12,3,0.002,2000,10350,0.0007697338005527854,0.0006244236137717962,0.06927462248051014,0.17111987349279456,2,2.125,193.6474573612213
32,3,5,3,0.001,1500,20942,0.0005108286859467626,0.0003810812486335635,0.06964923394651747,0.2078942078775729,2,2.375,144.55913162231445
32,2,5,3,0.001,7000,11662,0.00013554241741076112,0.00010321970330551267,0.06989963236624047,0.1354448220542572,2,2.125,493.7258462905884
64,1,12,3,0.002,10000,8334,0.0005569764180108905,0.0004517188062891364,0.06994712243028885,0.17912076299030244,2,2.25,459.6213037967682
32,2,5,3,0.001,8500,11662,8.171424269676208e-05,7.445650408044457e-05,0.07065727437637502,0.16092419550958215,2,2.125,598.4180161952972
16,1,8,3,0.0005,3000,1582,0.008015148341655731,0.006402070168405771,0.07069164072028722,0.09718665754989864,2,2.25,136.9799289703369
16,2,12,3,0.001,3000,6222,0.001006211619824171,0.0008772679721005261,0.07102727033072159,0.15284742374098745,2,2.0,209.06476259231567
64,1,12,3,0.002,3000,8334,0.0013284224551171064,0.0010893637081608176,0.07185419870129311,0.13915191882314357,2,2.125,136.72624516487122
16,2,12,3,0.002,2000,6222,0.0013068830594420433,0.0009160855552181602,0.07207133138658818,0.1336159348107787,2,2.25,139.476172208786
16,2,12,3,0.002,8500,6222,0.0002938897523563355,0.00025166873820126057,0.07241113865602437,0.14612498622982992,2,2.25,600.6674056053162
16,2,12,3,0.0005,8500,6222,0.0008450573077425361,0.0006533162668347359,0.0732245077906382,0.22876401800042692,2,2.25,596.771831035614
16,2,12,3,0.001,4000,6222,0.0009622886427678168,0.0007356636924669147,0.07329884099359389,0.12688240644367318,2,2.0,278.9891972541809
16,3,12,3,0.002,10000,10350,0.000114739581476897,0.00010810240200953558,0.07336438363517292,0.1655026981651584,2,2.125,954.2855987548828
16,2,8,3,0.002,4000,4686,0.0007756511913612485,0.0006458148127421737,0.07377238796122351,0.17558292148966315,2,2.375,285.4289884567261
16,2,8,3,0.0005,1500,4686,0.004053597804158926,0.0031635407358407974,0.07405384840192032,0.19773237565455865,2,2.25,106.08796215057373
16,3,12,3,0.001,3000,10350,0.0007300832658074796,0.0005894305068068206,0.07412474154658107,0.19332094217449924,2,2.25,282.3520953655243
64,3,5,3,0.0005,1500,78734,0.00023972042254172266,0.00020804654923267663,0.07417347330300163,0.26830842549603157,2,2.25,143.49426436424255
16,3,12,3,0.0005,10000,10350,0.000331764982547611,0.00023969866742845625,0.07478990010754749,0.12011441360165379,2,2.125,963.246399641037
64,1,12,3,0.001,10000,8334,0.0005212270771153271,0.0004731740045826882,0.07511123836444444,0.12013285693987878,2,2.25,459.91468477249146
32,3,5,3,0.0005,4000,20942,0.0002153661334887147,0.00018756452482193708,0.07515500779272609,0.1631689011302668,2,2.25,380.49379873275757
16,3,8,3,0.002,2000,7790,0.0008961673593148589,0.0007246223976835608,0.07519350787985485,0.20385266290345416,2,2.25,190.5526773929596
64,1,12,3,0.002,2000,8334,0.0020195171236991882,0.0012585436925292015,0.07528771314199831,0.14724778751040263,2,2.25,92.86509156227112
32,1,12,3,0.0005,5500,4174,0.002465971279889345,0.0022513060830533504,0.07581752707084487,0.14555990674226485,2,2.375,248.58139514923096
16,2,12,3,0.001,7000,6222,0.0006626048125326633,0.000523123424500227,0.0758273891659885,0.1268478297289728,2,2.25,498.7136616706848
32,3,5,3,0.001,2000,20942,0.00031162973027676344,0.00027463852893561125,0.07586370904356242,0.20549107809375486,2,2.25,194.32186317443848
16,2,8,3,0.002,1500,4686,0.0020149312913417816,0.0016178748337551951,0.07589555573346352,0.18787013689141527,2,2.125,106.53822374343872
16,2,12,3,0.0005,1500,6222,0.00305153988301754,0.002339156810194254,0.07595073018409945,0.1393875697375583,2,2.0,104.28518486022949
64,1,12,3,0.001,5500,8334,0.001470969058573246,0.0010131290182471275,0.0761807926228081,0.17143063372929856,2,2.0,252.83827304840088
16,2,12,3,0.001,1500,6222,0.001591249369084835,0.0014036358334124088,0.07638144839380627,0.1696027135049598,2,2.125,105.09837102890015
16,2,8,3,0.001,10000,4686,0.0006239501526579261,0.0004271659126970917,0.07639974506620893,0.17909411133096134,2,2.125,710.678558588028
16,2,8,3,0.002,10000,4686,0.0005289801629260182,0.000408876221626997,0.07696390385068178,0.20233279729264544,2,2.125,699.9128878116608
32,2,5,3,0.002,2000,11662,0.00037890917155891657,0.0003252153692301363,0.07722917590546041,0.23052626086719263,2,2.125,145.64905500411987
16,2,8,3,0.002,8500,4686,0.0004905947716906667,0.00041875377064570785,0.07726591856187173,0.1954759158441267,2,2.25,596.7217791080475
32,2,5,3,0.001,5500,11662,0.00014881842071190476,0.00012286992568988353,0.07729972379005394,0.18257318637103942,2,2.125,392.19895935058594
16,3,12,3,0.002,4000,10350,0.00032240169821307063,0.0002662082843016833,0.07736929049041326,0.18495513645262646,2,2.0,384.5035648345947
32,2,5,3,0.001,10000,11662,8.132631774060428e-05,6.564169598277658e-05,0.07737466595691893,0.1619626423427565,2,2.125,708.6332039833069
32,2,5,3,0.001,2000,11662,0.0004858165921177715,0.0004063790838699788,0.07785377890263878,0.2022404101149022,2,2.125,142.4873912334442
16,3,12,3,0.002,8500,10350,0.00017673210822977126,0.00014838410424999893,0.07819150202931828,0.14339275142462177,2,2.125,820.1705255508423
16,3,12,3,0.001,8500,10350,0.00021611081319861114,0.0001992654288187623,0.07868995316349758,0.12317633008498108,2,2.0,813.9616732597351
64,1,12,3,0.002,1500,8334,0.003831629641354084,0.0016431157710030675,0.07878362357702716,0.1672130655210221,2,2.125,68.54006266593933
32,2,5,3,0.001,1500,11662,0.0010240604169666767,0.0006224798271432519,0.07899045491176353,0.1748527129827787,2,2.125,107.70374941825867
16,2,8,3,0.001,5500,4686,0.0009761779801920056,0.0006913440302014351,0.07910141197232767,0.19132941201356726,2,2.25,391.94539046287537
16,3,5,3,0.001,1500,5870,0.0017132041975855827,0.0012817539973184466,0.079298106080452,0.1705726524999341,2,2.0,143.29508209228516
64,1,12,3,0.0005,7000,8334,0.0013517115730792284,0.0008891926845535636,0.07931112922064625,0.15015401397589015,2,2.25,321.84584879875183
32,3,5,3,0.0005,3000,20942,0.0003219824575353414,0.00026252595125697553,0.08048761423180362,0.16593999868387763,2,2.125,285.90876150131226
32,2,5,3,0.002,4000,11662,0.00019830130622722208,0.00012336311920080334,0.08049141597953934,0.21029949906884027,2,2.0,283.186559677124
32,2,5,3,0.002,3000,11662,0.00022133596939966083,0.00021336102508939803,0.08108257364414907,0.23014646012669285,2,2.125,210.90360951423645
16,2,12,3,0.002,3000,6222,0.0006528609083034098,0.0005993754020892084,0.08115539233071027,0.1686801798209806,2,2.0,210.4400680065155
16,3,12,3,0.001,2000,10350,0.0008529130136594176,0.0007267702603712678,0.08138643102830916,0.15002189822337392,2,2.0,189.16419124603271
16,1,12,3,0.002,3000,2094,0.007017606403678656,0.005288059823215008,0.08153110729524359,0.20139583275198997,2,2.375,137.2256419658661
32,1,12,3,0.001,1500,4174,0.004883104469627142,0.00343241891823709,0.0820705085609419,0.19121533239871052,2,2.25,67.99398851394653
16,1,5,3,0.0005,4000,1198,0.010404737666249275,0.007799078244715929,0.08243954841252729,0.18625664611266424,2,2.125,186.63959574699402
16,3,8,3,0.002,4000,7790,0.0005709913675673306,0.0004235518863424659,0.08301080293768939,0.25210794757640065,2,2.25,384.31708908081055
32,2,5,3,0.0005,8500,11662,0.00012757861986756325,0.00011374522000551224,0.08325459517619124,0.2321968141652082,2,2.125,605.7125833034515
16,2,8,3,0.0005,2000,4686,0.0034987609833478928,0.0025395492557436228,0.0834661834786101,0.15532524088882613,2,2.125,143.48566579818726
16,3,12,3,0.001,1500,10350,0.001460957108065486,0.000977087882347405,0.0836373623769592,0.2385430124588637,2,2.375,142.1853470802307
16,2,12,3,0.001,2000,6222,0.001528706168755889,0.0011836576741188765,0.08393683624268741,0.12000781783376677,2,2.125,142.37468004226685
32,2,5,3,0.002,5500,11662,9.881737059913576e-05,9.183501242659986e-05,0.08407266154912568,0.19029910071066616,2,2.125,393.89724230766296
32,1,12,3,0.002,2000,4174,0.0033103451132774353,0.002466808771714568,0.08447946472793778,0.22789033089995442,2,2.375,88.53747916221619
64,1,12,3,0.002,7000,8334,0.0008329535485245287,0.0005418757791630924,0.08496117673132873,0.1547013191661018,2,2.0,324.3562614917755
32,1,12,3,0.0005,4000,4174,0.004229363985359669,0.002556838095188141,0.0850448745572425,0.320290109996489,2,2.375,180.75896000862122
16,3,12,3,0.0005,7000,10350,0.0003936718567274511,0.00034871979732997715,0.085081530262561,0.14597626228967517,2,2.125,677.1947238445282
16,2,12,3,0.0005,3000,6222,0.0018048655474558473,0.0012621586211025715,0.08670495353836201,0.16410928921419848,2,2.125,212.46416306495667
64,1,12,3,0.0005,8500,8334,0.0009031888912431896,0.0007255017408169806,0.08671603212331505,0.1748951359634676,2,2.125,393.18110632896423
16,2,12,3,0.0005,7000,6222,0.0007805203786119819,0.000645321502815932,0.08686167811844904,0.13307546056079506,2,2.0,496.2488603591919
32,1,5,3,0.001,3000,2382,0.00319445738568902,0.0022342377342283726,0.08773518781620493,0.15854023505777157,2,2.375,137.69100856781006
32,1,12,3,0.002,3000,4174,0.0031987542752176523,0.0021176855079829693,0.08833412608036684,0.2109712308705143,2,2.125,134.78905820846558
16,1,8,3,0.001,3000,1582,0.007317076437175274,0.005945755168795586,0.08845512554363921,0.18004805482359185,2,2.125,139.870591878891
64,1,5,3,0.0005,1500,4750,0.004721165634691715,0.003352526808157563,0.09004977495717131,0.1205911325960754,2,2.25,68.96269941329956
16,2,12,3,0.002,4000,6222,0.0006706335116177797,0.0004760865413118154,0.09091626369124155,0.1533213357524742,2,2.0,282.2075583934784
16,3,12,3,0.0005,3000,10350,0.0008687004446983337,0.0007033649599179626,0.09094069163735066,0.14926484648121469,2,2.0,286.9285671710968
64,1,8,3,0.0005,8500,6286,0.0010035787709057331,0.0006599185289815068,0.09123234430573246,0.16398995287550547,2,2.125,383.2491223812103
32,2,5,3,0.0005,10000,11662,0.00011423641990404576,8.902717672754079e-05,0.09172616425444265,0.20195570390009332,2,2.0,711.7827718257904
32,2,5,3,0.001,3000,11662,0.0003088537196163088,0.0002574233803898096,0.09178393630588633,0.23916375577832022,2,2.0,217.4446063041687
64,1,8,3,0.001,8500,6286,0.0007653763168491423,0.0005443355767056346,0.09323290926062595,0.18714451205863614,2,2.125,386.73258209228516
16,1,12,3,0.0005,2000,2094,0.008855142630636692,0.006715833209455013,0.09336996159550365,0.2011298315941143,2,2.0,90.0924825668335
16,2,12,3,0.0005,4000,6222,0.001526483567431569,0.0010827034711837769,0.09386870112306146,0.15535038325111766,2,2.0,287.4974286556244
16,1,8,3,0.001,4000,1582,0.007361953612416983,0.004932496231049299,0.09400549541718241,0.28214028048346707,2,2.5,184.1324803829193
16,3,5,3,0.002,3000,5870,0.0005823003593832254,0.0004744994221255183,0.09447158307767849,0.21443101052167549,2,2.0,291.35790371894836
16,2,5,3,0.001,10000,3534,0.0008503885474056005,0.0005537781398743391,0.09467148943376671,0.17741311448521052,2,2.125,709.2754354476929
16,3,5,3,0.001,3000,5870,0.00077490892726928,0.000636836513876915,0.09556571675408784,0.13515668148342228,2,2.125,288.76331901550293
32,1,12,3,0.001,3000,4174,0.0032445816323161125,0.0023656797129660845,0.09675397080747576,0.23239577495206037,2,2.375,138.63310408592224
64,1,12,3,0.002,4000,8334,0.001546802232041955,0.0009961467003449798,0.09677818683332044,0.18058902649522635,2,2.125,184.49586820602417
16,1,8,3,0.0005,5500,1582,0.00874667800962925,0.00487276166677475,0.09683066008354255,0.23606966510184588,2,2.25,252.73533606529236
16,3,5,3,0.002,5500,5870,0.0003254396724514663,0.0002733824076130986,0.09762235146208087,0.20903930520614078,2,2.125,533.1499893665314
16,2,8,3,0.001,8500,4686,0.0005495175719261169,0.0004922123625874519,0.09789532728387906,0.2230552331991187,2,2.25,605.0627925395966
16,2,8,3,0.001,7000,4686,0.0007797470316290855,0.0006385979941114783,0.09805992422609197,0.1699866452144551,2,2.25,498.0969862937927
16,2,8,3,0.0005,5500,4686,0.0016966068651527166,0.001123291440308094,0.09829665914135846,0.19518400695921212,2,2.0,395.2526831626892
16,2,8,3,0.0005,4000,4686,0.00186848733574152,0.0015454362146556377,0.09835299578699834,0.1639934904655986,2,2.0,285.3191568851471
16,1,12,3,0.0005,1500,2094,0.010627232491970062,0.008190575055778027,0.09904424118248936,0.16882833747166948,2,2.0,66.47050929069519
32,1,8,3,0.002,4000,3150,0.0020756125450134277,0.0016143504763022065,0.09925486762751158,0.21540491968575706,2,2.375,180.94596314430237
64,1,12,3,0.001,8500,8334,0.0007682311115786433,0.0005886161816306412,0.09942807874270919,0.1733819615287229,2,2.125,395.4922368526459
16,3,12,3,0.001,4000,10350,0.0005042380071245134,0.00039259716868400574,0.09952398144786678,0.1513468614749919,2,2.0,385.36656641960144
32,1,8,3,0.001,5500,3150,0.0023185615427792072,0.001623665215447545,0.1001328952013083,0.2165868260807391,2,2.125,252.3235366344452
32,1,12,3,0.0005,2000,4174,0.005866297986358404,0.004231196828186512,0.1007720926352676,0.2493921520080754,2,2.125,90.70534324645996
16,2,12,3,0.0005,2000,6222,0.002388365101069212,0.0018382883863523602,0.10100997585500397,0.16534717709807423,2,2.0,142.39029669761658
64,1,8,3,0.001,2000,6286,0.002207625424489379,0.0018108796793967485,0.10183011399861054,0.3486421737269469,2,2.25,102.7835373878479
32,2,5,3,0.0005,7000,11662,0.00016527065599802881,0.00014321025810204446,0.10183197284897541,0.2793321882520402,2,2.0,497.59132075309753
16,3,5,3,0.002,8500,5870,0.00022229459136724472,0.00019309896742925048,0.10194568773597616,0.17228910385313753,2,2.125,823.4949803352356
16,3,12,3,0.001,5500,10350,0.0003850000211969018,0.00033228512620553374,0.10242135698686838,0.17708319455728147,2,2.0,535.4730339050293
32,2,5,3,0.001,4000,11662,0.0003080998721998185,0.00017696956638246775,0.1027456940007159,0.22871465352686635,2,2.0,286.9350781440735
16,3,5,3,0.002,7000,5870,0.00030157004948705435,0.00023386253451462835,0.1033295587877294,0.2119552586441692,2,2.0,675.9094619750977
16,1,5,3,0.001,7000,1198,0.009565791115164757,0.005062004551291466,0.10346016500334596,0.20420339952569116,2,2.25,315.91638588905334
64,1,8,3,0.001,5500,6286,0.0011403013486415148,0.0007802856853231788,0.10372671106713564,0.3093671690649879,2,2.375,251.80881667137146
32,1,8,3,0.002,1500,3150,0.003560320008546114,0.002909413306042552,0.10393346156574929,0.22805936213272923,2,2.125,67.79490566253662
64,1,8,3,0.0005,10000,6286,0.0013990456936880946,0.0007237305399030447,0.10459605837879,0.25152135257861474,2,2.25,455.4637897014618
64,1,8,3,0.002,5500,6286,0.0008678092854097486,0.0006098799640312791,0.10468418366679837,0.18069615482151197,2,2.25,281.84242153167725
16,3,12,3,0.001,7000,10350,0.00033254997106269,0.0002505916927475482,0.10506847902751658,0.20979858549037403,2,2.0,672.33154296875
64,1,8,3,0.002,1500,6286,0.002259662840515375,0.001689087599515915,0.10530857689028349,0.2621031717775508,2,2.125,67.21682691574097
16,3,5,3,0.002,2000,5870,0.0010725684696808457,0.0007478210609406233,0.1055387030125521,0.16120894689206722,2,2.0,192.00059247016907
16,2,5,3,0.0005,5500,3534,0.002305725123733282,0.001436225138604641,0.1060795023753419,0.26866326549453257,2,2.125,390.3351101875305
16,3,5,3,0.001,4000,5870,0.0005859819939360023,0.0004735772090498358,0.10651008694105307,0.19571053871633826,2,2.0,384.76717376708984
32,1,5,3,0.001,1500,2382,0.004086103290319443,0.0035880610812455416,0.10689289987764446,0.17994112194068143,2,2.125,68.30878520011902
32,1,5,3,0.002,3000,2382,0.0026178285479545593,0.0019138059578835964,0.10745335202883809,0.19875052036808927,2,2.25,134.2380359172821
32,1,5,3,0.0005,2000,2382,0.00600237213075161,0.003934057895094156,0.10815148773466188,0.22899949297912073,2,2.125,90.64305782318115
32,1,5,3,0.001,2000,2382,0.004884336143732071,0.0030736965127289295,0.10953491629991217,0.2204216525195523,2,2.25,89.75438666343689
32,2,5,3,0.0005,1500,11662,0.0018231587018817663,0.000996099435724318,0.10965762704371443,0.23855670481558544,2,2.0,107.99936628341675
16,1,12,3,0.002,4000,2094,0.00618515582755208,0.005161056760698557,0.10986298296119651,0.247313635596397,2,2.125,184.66472148895264
64,1,8,3,0.002,7000,6286,0.0005605300539173186,0.0005250171525403857,0.10996553942415112,0.2558722945727788,2,2.125,485.7104461193085
32,1,8,3,0.002,3000,3150,0.0021436214447021484,0.0018364607822149992,0.11066394888218532,0.17794084787997805,2,2.0,136.9214744567871
16,1,12,3,0.002,1500,2094,0.007353772409260273,0.006099862977862358,0.11102742813130355,0.26016538797079275,2,2.25,68.47219848632812
16,1,5,3,0.0005,3000,1198,0.01172027736902237,0.008302541449666023,0.11157062447470528,0.26984523949711237,2,2.0,137.3760540485382
16,3,5,3,0.001,2000,5870,0.0013938467018306255,0.0010088726412504911,0.11210277609778613,0.2116163439594346,2,2.0,193.36014032363892
16,1,5,3,0.002,3000,1198,0.009009335190057755,0.006139271892607212,0.11219951408275922,0.321226740072669,2,2.0,135.44710397720337
64,1,8,3,0.001,1500,6286,0.002909816801548004,0.0023738876916468143,0.11280683093356318,0.3090446629105551,2,2.0,74.77214074134827
16,1,5,3,0.001,1500,1198,0.010762164369225502,0.008703415282070637,0.11312407906673046,0.21236339458321804,2,2.125,68.68896150588989
16,3,12,3,0.001,10000,10350,0.00022447035007644445,0.00016154482727870345,0.11369696321268699,0.21155424050566743,2,2.0,956.8704106807709
16,1,8,3,0.001,10000,1582,0.0068686166778206825,0.003896004520356655,0.11398404833877358,0.2616549360703351,2,2.125,459.5707859992981
32,1,8,3,0.001,4000,3150,0.0024274743627756834,0.001882388023659587,0.11445339543436259,0.21958582332918847,2,2.125,179.0951805114746
32,1,12,3,0.002,7000,4174,0.00176983792334795,0.0013731829822063446,0.11530204148708222,0.3150218180824811,2,2.125,317.1890232563019
32,1,8,3,0.002,8500,3150,0.0012628250988200307,0.0010251225903630257,0.11531085389601983,0.21703920126409532,2,2.125,390.3133909702301
16,1,12,3,0.002,8500,2094,0.004376769065856934,0.0035801981575787067,0.11547224085745755,0.33185671782616455,2,2.25,392.61810636520386
64,1,8,3,0.001,10000,6286,0.0008413139148615301,0.0004476504400372505,0.11550749590167037,0.366048172279649,2,2.125,452.6892511844635
16,2,8,3,0.001,4000,4686,0.001088587800040841,0.000984078273177147,0.11590798633720109,0.25353918425792754,2,2.0,286.0480182170868
16,3,5,3,0.002,10000,5870,0.00021672120783478022,0.00017112010391429067,0.11597989058654896,0.21826319739482766,2,2.125,954.550940990448
32,2,5,3,0.0005,3000,11662,0.0004785167402587831,0.0004340957384556532,0.1162985472612397,0.23381286964697098,2,2.0,212.70874404907227
16,1,12,3,0.0005,3000,2094,0.008122071623802185,0.005650657694786787,0.11766737939769316,0.23712762853815295,2,2.0,134.01149034500122
16,1,8,3,0.001,7000,1582,0.007572472095489502,0.004534558393061161,0.11825871650098468,0.2263594998388225,2,2.125,321.5642488002777
64,1,8,3,0.001,4000,6286,0.001503253006376326,0.001013030530884862,0.11901040113132859,0.28055654452395107,2,2.0,199.71132135391235
32,2,5,3,0.0005,4000,11662,0.000553395482711494,0.00029751614783890545,0.1205892979705,0.3057611087262908,2,2.0,281.34879875183105
16,2,8,3,0.0005,10000,4686,0.0009372419444844127,0.0007108293939381838,0.12216905092611594,0.22528222920117677,2,2.0,702.8681735992432
32,2,5,3,0.0005,2000,11662,0.0009048192296177149,0.0007309855427592993,0.12230514542868973,0.2663756757094176,2,2.0,144.1190960407257
16,2,5,3,0.002,1500,3534,0.002350232331082225,0.0016759168356657028,0.12533143010550896,0.28826602807833546,2,2.125,106.93356013298035
32,1,5,3,0.0005,3000,2382,0.0038456516340374947,0.002843302208930254,0.12535134345839608,0.24753027533360653,2,2.0,136.44050073623657
32,2,5,3,0.0005,5500,11662,0.00021325550915207714,0.00019927346147596836,0.1259227322889878,0.3491529473170965,2,2.0,386.4804232120514
16,1,12,3,0.001,3000,2094,0.006941013969480991,0.005430528894066811,0.12598872019441118,0.2667463932908332,2,2.125,134.19882702827454
64,1,8,3,0.002,10000,6286,0.0006892976816743612,0.00039221197948791087,0.1283951874772751,0.28492621421380493,2,2.125,492.38197898864746
64,1,8,3,0.002,8500,6286,0.0006522979238070548,0.0004678181139752269,0.12865879724392387,0.2531744658430588,2,2.125,558.1538715362549
64,1,8,3,0.0005,7000,6286,0.0009619892807677388,0.0008185231126844883,0.1289375424205284,0.25135181275325996,2,2.0,315.33980560302734
16,2,5,3,0.001,1500,3534,0.0035913875326514244,0.0026341136544942856,0.12981057175646743,0.2579257977136735,2,2.0,106.29457116127014
32,1,12,3,0.002,8500,4174,0.001857216702774167,0.0013010051334276795,0.13008289446552423,0.34964528951478296,2,2.0,394.45663046836853
32,1,8,3,0.0005,5500,3150,0.0026222439482808113,0.0019951004069298506,0.13353999961684648,0.3732599536326463,2,2.0,254.37192106246948
64,1,8,3,0.0005,1500,6286,0.00452809315174818,0.003748352639377117,0.13383189491175437,0.3278792353527911,2,2.0,68.05629253387451
16,3,5,3,0.0005,2000,5870,0.0022913911379873753,0.0015427202451974154,0.13617286420021782,0.2971419827019773,2,2.0,189.48581194877625
64,1,8,3,0.001,3000,6286,0.0016253330977633595,0.0011691381223499775,0.1399679812421742,0.2619960714806546,2,2.0,154.89396810531616
16,1,5,3,0.0005,1500,1198,0.014761436730623245,0.011924175545573235,0.1402139970877758,0.2889238918622409,2,2.0,68.85673308372498
16,3,5,3,0.0005,1500,5870,0.0025989466812461615,0.0020266608335077763,0.14076352105506978,0.25828715260181434,2,2.0,143.74572730064392
16,3,5,3,0.0005,3000,5870,0.0012169064721092582,0.0009908268693834543,0.14134800774875253,0.25507620385504887,2,2.0,294.7438304424286
16,2,5,3,0.002,2000,3534,0.0020504314452409744,0.0014386235270649195,0.14274253261737946,0.3225954082954492,2,2.125,142.10056567192078
16,1,5,3,0.002,5500,1198,0.00782984308898449,0.005188819020986557,0.1437643958969866,0.2761580281752301,2,2.125,249.81659245491028
32,1,5,3,0.002,5500,2382,0.002017116639763117,0.001363447168841958,0.14416625470726707,0.23108259805868495,2,2.0,249.6073498725891
32,1,8,3,0.0005,2000,3150,0.007231899071484804,0.0040934039279818535,0.14442428668925017,0.28912134489586694,2,2.0,91.5137882232666
32,1,5,3,0.0005,4000,2382,0.003302921773865819,0.0024474316742271185,0.1693001134523971,0.3643743631959032,2,2.0,181.47516250610352
16,1,12,3,0.0005,8500,2094,0.004833196755498648,0.0036594015546143055,0.18149485634512796,0.44193602539086474,2,2.0,389.4282112121582
16,1,8,3,0.0005,1500,1582,0.010428912937641144,0.008292453363537788,0.05111095484248518,0.14376017899834279,1,2.25,69.6437578201294
16,2,8,3,0.002,2000,4686,0.0015878932317718863,0.0012090227100998163,0.0545968391205652,0.18247134014036243,1,2.5,143.37324166297913
16,1,8,3,0.002,2000,1582,0.008655557408928871,0.005175235215574503,0.07103481502822188,0.28560779259692365,1,2.5,93.29051375389099
64,1,5,3,0.002,3000,4750,0.0015797254163771868,0.0010144327534362674,0.0739243135594959,0.17323394596825012,1,2.125,137.0448818206787
16,1,8,3,0.0005,2000,1582,0.013542325235903263,0.008674060925841331,0.07632869312125982,0.18044391847596125,1,2.25,92.48807954788208
64,1,5,3,0.0005,2000,4750,0.004124642349779606,0.0025978649500757456,0.0769034042113633,0.13365238370587254,1,2.25,92.01099991798401
16,1,8,3,0.002,1500,1582,0.007491949945688248,0.006270077545195818,0.07742646184625365,0.15280683834332945,1,2.25,67.03206610679626
64,1,5,3,0.001,3000,4750,0.0015964662889018655,0.0010628866730257869,0.07794877171503282,0.2422638048617674,1,2.5,143.00686645507812
16,2,5,3,0.001,4000,3534,0.001411997014656663,0.0011177430860698223,0.07842896444647426,0.17823800540054865,1,2.25,284.38240122795105
32,1,12,3,0.002,4000,4174,0.002814565785229206,0.0016692390199750662,0.07896396111308354,0.2798130649701243,1,2.25,182.65027594566345
16,1,8,3,0.002,4000,1582,0.006413002032786608,0.004317258484661579,0.08152950873624393,0.1749687911980118,1,2.5,183.71481609344482
32,1,5,3,0.0005,7000,2382,0.002609443850815296,0.0016732846852391958,0.08199366059815721,0.26691157582136227,1,2.375,319.44628047943115
32,1,5,3,0.0005,1500,2382,0.005640328861773014,0.00472335796803236,0.08213391545290659,0.1250317383255722,1,2.0,69.21539664268494
32,1,8,3,0.002,2000,3150,0.004421123769134283,0.002440165262669325,0.08352233157236748,0.2793504398980825,1,2.375,91.49918174743652
32,1,12,3,0.001,2000,4174,0.003885661717504263,0.002864421810954809,0.08448396806518338,0.18740465282165464,1,2.25,90.81182050704956
16,3,8,3,0.001,2000,7790,0.0013495979364961386,0.0010764211183413863,0.08856151135053117,0.13817843093867657,1,2.0,194.02912998199463
16,2,5,3,0.0005,2000,3534,0.004712794441729784,0.0029110044706612825,0.08923769861067068,0.20365688899551235,1,2.25,141.2166233062744
64,1,5,3,0.002,5500,4750,0.0010562206152826548,0.0005979234701953828,0.09056432699175034,0.2857540714489442,1,2.25,397.81441044807434
32,1,8,3,0.001,2000,3150,0.0052910433150827885,0.003328469581902027,0.09087393340906916,0.20220582415866487,1,2.0,90.83726096153259
16,1,8,3,0.002,3000,1582,0.008389602415263653,0.006473117507994175,0.09126778912067861,0.16932180788120485,1,2.0,134.45380663871765
16,2,12,3,0.002,10000,6222,0.00034974582376889884,0.00024807010777294636,0.09226133522598057,0.15452497200489215,1,1.875,714.8901119232178
32,1,8,3,0.001,1500,3150,0.004267500713467598,0.003420306136831641,0.09258399449839073,0.1734433821380061,1,2.0,68.84783625602722
16,2,5,3,0.0005,3000,3534,0.002810138277709484,0.0021363203413784504,0.09557853346138132,0.250285277577922,1,2.125,211.18433022499084
16,1,5,3,0.001,10000,1198,0.007499723695218563,0.004587889648973942,0.09698198936907759,0.17945997430334265,1,2.125,456.561181306839
32,1,5,3,0.002,4000,2382,0.002127728657796979,0.0015732641331851482,0.09716220143296392,0.24412641331099943,1,2.125,182.6046657562256
16,3,12,3,0.0005,5500,10350,0.00046760583063587546,0.00040052944677881896,0.09727789637178155,0.14680300339640964,1,1.875,531.602010011673
32,1,12,3,0.001,7000,4174,0.0020222587045282125,0.0015302387764677405,0.09757223515079759,0.25958220849494285,1,2.125,320.2085237503052
64,1,8,3,0.002,3000,6286,0.0011751726269721985,0.0010239273542538285,0.09759739103920131,0.2747560025346325,1,2.0,138.8565697669983
64,1,5,3,0.001,2000,4750,0.002846749499440193,0.001606692560017109,0.0981560988913413,0.16459940460684216,1,2.0,96.37822794914246
64,1,8,3,0.0005,4000,6286,0.0020705796778202057,0.0014287409139797091,0.09823743280489092,0.1802334736906913,1,2.0,182.03920555114746
16,2,5,3,0.002,4000,3534,0.0010413702111691236,0.000849898555316031,0.09876898803189565,0.29304891759315427,1,2.0,280.96387791633606
16,2,5,3,0.002,10000,3534,0.0006475525442510843,0.00042183889308944345,0.09891088441314418,0.2570151796271025,1,2.25,705.0484662055969
16,1,8,3,0.0005,10000,1582,0.006228161044418812,0.004021398723125458,0.09897762335505697,0.30639948368702724,1,2.25,456.1152877807617
16,3,5,3,0.0005,10000,5870,0.000383973412681371,0.00027335842605680227,0.09901980856122669,0.18006070452725226,1,2.0,966.2527122497559
32,1,12,3,0.0005,8500,4174,0.0030515724793076515,0.0018565560458227992,0.09960574629681217,0.1876975879702708,1,1.875,389.17926478385925
16,1,8,3,0.001,1500,1582,0.009808650240302086,0.007944363169372082,0.09960591714826525,0.3357654091020575,1,2.125,68.5089008808136
16,2,8,3,0.0005,7000,4686,0.001107140677049756,0.0008981043938547373,0.10003722809132494,0.16239640486367002,1,1.875,493.6273612976074
64,1,5,3,0.001,1500,4750,0.0031599649228155613,0.0022831528913229704,0.10024292156752276,0.18252478349271994,1,2.0,74.42144346237183
64,1,8,3,0.0005,5500,6286,0.0019216140499338508,0.0011870720190927386,0.1027264269261409,0.20436935666764802,1,1.875,251.0588915348053
64,1,5,3,0.0005,3000,4750,0.0021922956220805645,0.0015914374962449074,0.10450162882361315,0.18136655758460754,1,2.25,138.0222954750061
16,3,5,3,0.0005,8500,5870,0.00042202166514471173,0.0003071637183893472,0.10461732057482422,0.1903397433252957,1,2.0,816.9367520809174
16,2,5,3,0.0005,1500,3534,0.005083560943603516,0.00377389183267951,0.1047176915762124,0.21238137456388964,1,2.125,106.07991766929626
32,1,12,3,0.001,4000,4174,0.003043079748749733,0.001821865327656269,0.10492068340316829,0.2894259963292522,1,2.125,181.35873198509216
16,1,8,3,0.001,2000,1582,0.01013043150305748,0.005865116603672504,0.10609945791294205,0.32335797247145365,1,2.125,91.46978259086609
16,3,5,3,0.0005,5500,5870,0.0007872243877500296,0.000505595002323389,0.10773294681663875,0.21248107597461263,1,2.0,530.9713246822357
32,1,12,3,0.0005,7000,4174,0.002392034512013197,0.0017583970911800861,0.10817229226337169,0.22840495048933268,1,2.0,317.4944257736206
16,2,5,3,0.002,3000,3534,0.0012451093643903732,0.0011305492371320724,0.10829088892834476,0.23323270449014566,1,2.125,214.36880564689636
16,1,8,3,0.001,5500,1582,0.00895707681775093,0.005143206100910902,0.10873549758529454,0.3490985860601519,1,2.125,253.10200238227844
32,1,12,3,0.0005,3000,4174,0.004385815002024174,0.00307312048971653,0.10877005588865991,0.2392464380152383,1,2.0,134.6155068874359
16,3,5,3,0.001,7000,5870,0.0003563151985872537,0.00026335305301472545,0.10906165938583814,0.22416356921669284,1,2.125,674.831748008728
32,1,8,3,0.0005,1500,3150,0.006129727698862553,0.005236348137259483,0.1101971315004234,0.17002063495938272,1,1.875,69.12259078025818
64,1,8,3,0.002,4000,6286,0.001126511488109827,0.0006900549051351845,0.11191101656162311,0.24076418039979997,1,2.0,181.1488742828369
16,3,12,3,0.0005,1500,10350,0.0023619108833372593,0.0014701859327033162,0.1119650982477312,0.18071085257437625,1,1.875,146.0001926422119
16,2,5,3,0.0005,4000,3534,0.002557225525379181,0.0017273420235142112,0.11237123176923047,0.24728724296702168,1,2.375,286.671865940094
16,2,5,3,0.001,3000,3534,0.0017058922676369548,0.0014984268927946687,0.11287944747570781,0.31440964012535516,1,2.0,210.0659897327423
16,1,5,3,0.0005,5500,1198,0.009533129632472992,0.006408219691365957,0.11452253299531735,0.25514184931640566,1,2.0,252.48714900016785
16,3,12,3,0.0005,2000,10350,0.0012273055035620928,0.000990982516668737,0.1155719545453557,0.19195054141499057,1,1.875,191.5196557044983
64,1,5,3,0.001,4000,4750,0.0010705797467380762,0.0008383771637454629,0.11589186184403405,0.2984057058396067,1,2.0,198.64171028137207
32,1,8,3,0.002,5500,3150,0.0016549662686884403,0.0013409929815679789,0.11613413199495107,0.2270476357553754,1,2.25,252.9107255935669
16,1,5,3,0.001,4000,1198,0.008834216743707657,0.006485012359917164,0.11640025862006351,0.2086859947527577,1,2.125,185.02747440338135
16,3,5,3,0.002,4000,5870,0.0004911141586489975,0.00037407796480692923,0.11681148633698146,0.2598941335548773,1,1.875,387.1680028438568
64,1,5,3,0.001,5500,4750,0.000925020722206682,0.0006343649001792073,0.11754747307192592,0.22380384065171888,1,2.25,279.5857124328613
16,1,5,3,0.002,1500,1198,0.008046433329582214,0.006151985377073288,0.11821684171030293,0.2166975375736846,1,2.125,72.13179421424866
16,2,8,3,0.0005,8500,4686,0.0009226056281477213,0.0007910735439509153,0.11864978394459319,0.19499218229544787,1,1.875,601.3118360042572
32,1,5,3,0.001,8500,2382,0.0014846620615571737,0.0012412660289555788,0.11870230596351052,0.27080694741161665,1,2.25,383.9756324291229
64,1,5,3,0.002,10000,4750,0.0006714116898365319,0.0004033283912576735,0.12050718315126999,0.2094247373397759,1,1.875,482.60999155044556
64,1,8,3,0.002,2000,6286,0.0018235112074762583,0.0013032500864937901,0.12085283178763175,0.27512164591935145,1,2.0,89.9000551700592
16,3,5,3,0.001,5500,5870,0.00048396733473055065,0.00035166426096111536,0.1211178121674448,0.2433858743005631,1,2.0,534.8558812141418
32,1,5,3,0.001,4000,2382,0.0026636342518031597,0.001976410625502467,0.12181579118749912,0.20479486617264747,1,2.0,185.65305161476135
16,3,5,3,0.0005,7000,5870,0.0004807115183211863,0.0003976446168962866,0.12190881519842395,0.21482329584101884,1,1.875,674.1975491046906
16,1,5,3,0.001,8500,1198,0.005544288083910942,0.004542573355138302,0.12198072884023713,0.22707042202641886,1,2.125,394.639390707016
16,1,8,3,0.002,10000,1582,0.005800764076411724,0.0033412682823836803,0.122662072917921,0.2761763517376208,1,2.0,459.4645276069641
16,1,12,3,0.0005,10000,2094,0.007953382097184658,0.004900682717561722,0.12405210844698214,0.22513855179108538,1,2.0,453.1546890735626
32,1,5,3,0.001,10000,2382,0.0020641544833779335,0.0011609827633947134,0.12497002867094852,0.29499573750122876,1,2.125,462.6409947872162
16,1,5,3,0.001,3000,1198,0.011495649814605713,0.008085568435490131,0.1257696859048804,0.2661152985762223,1,1.875,139.6672282218933
16,3,5,3,0.001,8500,5870,0.0003172404249198735,0.0002445915015414357,0.12709407097420836,0.20808741963863803,1,2.125,811.9930400848389
64,1,5,3,0.002,1500,4750,0.0021546506322920322,0.0017055673524737358,0.12744928235086458,0.2717438122781932,1,2.0,67.62448310852051
16,3,12,3,0.0005,4000,10350,0.0006178702460601926,0.0005429937154985964,0.1275148098924539,0.19687374078331035,1,1.875,383.5635805130005
32,1,8,3,0.001,3000,3150,0.0028475946746766567,0.0022328319028019905,0.12813033312679953,0.32060757962927844,1,2.0,136.00739693641663
64,1,8,3,0.0005,2000,6286,0.0036857635714113712,0.0026708352379500866,0.13029045343901427,0.27891934788911527,1,1.875,90.10160183906555
16,3,5,3,0.0005,4000,5870,0.0009389850310981274,0.0007157418876886368,0.13182678861091224,0.2669752963017835,1,1.875,386.7965958118439
64,1,8,3,0.001,7000,6286,0.0007341825403273106,0.0005820975638926029,0.13197410048317773,0.24296785800175086,1,1.875,321.008891582489
32,1,5,3,0.002,8500,2382,0.0014473905321210623,0.0012083249166607857,0.1322435606606494,0.27527781360447345,1,1.875,389.0204668045044
64,1,5,3,0.002,2000,4750,0.0018473344389349222,0.001106181414797902,0.13228369276711224,0.2707808506326774,1,2.125,94.21650457382202
16,3,8,3,0.002,1500,7790,0.0012424341402947903,0.0009746624855324626,0.13256111311087349,0.32527418390198404,1,2.0,146.22503399848938
64,1,8,3,0.0005,3000,6286,0.002529640682041645,0.0020079868845641613,0.13315047137662409,0.295958133411292,1,1.875,135.27806520462036
32,1,12,3,0.001,8500,4174,0.002061374019831419,0.0013911983696743846,0.1333134958438439,0.36930308512368787,1,2.0,385.74412536621094
64,1,5,3,0.002,4000,4750,0.0009822433348745108,0.0008183816680684686,0.1360389410241769,0.21487710828856452,1,1.875,210.78105878829956
16,1,5,3,0.002,2000,1198,0.010564850643277168,0.005451113451272249,0.1372162957883295,0.2693000157337834,1,1.875,92.12598633766174
32,1,8,3,0.0005,4000,3150,0.003402763046324253,0.002504306845366955,0.13749802786749896,0.26752178530690923,1,1.875,183.810533285141
16,1,5,3,0.0005,2000,1198,0.01631993055343628,0.01006305031478405,0.14040342368303685,0.2941981820655803,1,1.75,89.56469011306763
64,1,5,3,0.001,8500,4750,0.0005173112731426954,0.0004774628905579448,0.1405090830267824,0.21539118474281005,1,2.0,396.54507517814636
16,1,12,3,0.0005,4000,2094,0.005875207018107176,0.00499636260792613,0.140635292228526,0.26080046548593055,1,2.125,183.3431544303894
16,3,5,3,0.001,10000,5870,0.000309832306811586,0.0002330391580471769,0.14116280743810775,0.21295131102587653,1,2.125,959.1937146186829
32,1,12,3,0.001,5500,4174,0.0016691156197339296,0.001593255903571844,0.14211253235658786,0.35515054671882085,1,2.0,247.98823237419128
16,1,8,3,0.0005,8500,1582,0.0053511629812419415,0.004173302557319403,0.14217444330429535,0.26702556587050896,1,1.875,385.10819125175476
16,2,5,3,0.001,2000,3534,0.003562185214832425,0.002159135416150093,0.14599282721902296,0.28505300723701965,1,1.875,138.07832145690918
16,1,12,3,0.002,5500,2094,0.006084463559091091,0.004312607459723949,0.14803598308428983,0.3586952900097772,1,2.0,254.47955298423767
16,1,12,3,0.001,5500,2094,0.005925255827605724,0.004519921261817217,0.1481807671509076,0.20951045121256015,1,1.875,251.7581512928009
16,1,5,3,0.0005,7000,1198,0.011141532100737095,0.006059296429157257,0.1497760870733195,0.3438437945262248,1,2.0,321.0481629371643
64,1,5,3,0.0005,4000,4750,0.001866679172962904,0.001333160325884819,0.15185724759858563,0.3003193702744973,1,2.0,184.1413996219635
16,1,5,3,0.001,2000,1198,0.013515697792172432,0.00744282454252243,0.15198495592587422,0.23230124583630993,1,1.75,91.730064868927
16,1,12,3,0.001,4000,2094,0.005529974587261677,0.004385571926832199,0.15243017410744125,0.34678954320518507,1,2.125,179.063227891922
16,1,8,3,0.001,8500,1582,0.004710872657597065,0.003987492062151432,0.15463026083655035,0.3220473889616317,1,1.875,390.251993894577
16,1,8,3,0.002,5500,1582,0.006514875218272209,0.004319924861192703,0.1551780514693899,0.551311702030835,1,2.25,250.54233765602112
32,1,12,3,0.001,10000,4174,0.0018253372982144356,0.001428305869922042,0.1559605334285211,0.2895529694632328,1,2.0,450.74042105674744
16,1,12,3,0.001,1500,2094,0.007800559978932142,0.006224715616554022,0.15724631490150864,0.2954070365486729,1,1.875,68.35241293907166
16,1,12,3,0.002,7000,2094,0.003828813787549734,0.0037942067719995975,0.15747664214835774,0.36405775207259244,1,1.75,323.53599071502686
32,1,8,3,0.001,8500,3150,0.0015971320681273937,0.001149694318883121,0.15763256358277508,0.3894245845350174,1,1.875,389.66856718063354
32,1,5,3,0.002,1500,2382,0.0029571889899671078,0.0026225997135043144,0.15947314099223864,0.23910827443307894,1,2.0,67.07280921936035
32,1,8,3,0.002,7000,3150,0.0021760547533631325,0.0012937928549945354,0.1602216635450505,0.30943977510283177,1,1.625,320.90690994262695
16,2,5,3,0.002,8500,3534,0.0005529053159989417,0.0004639412509277463,0.16024723758284035,0.4037472202103134,1,1.75,596.4376773834229
16,2,5,3,0.0005,7000,3534,0.0020221902523189783,0.0011708304518833756,0.16072358088667937,0.47685828908604866,1,1.875,494.6521408557892
32,1,8,3,0.002,10000,3150,0.001797426724806428,0.0010337961139157414,0.1614845234929636,0.40340431555646794,1,2.25,455.3658494949341
16,1,12,3,0.002,10000,2094,0.006828879006206989,0.004170084372162819,0.16221076341215163,0.42356125594802924,1,1.875,457.55580043792725
16,1,5,3,0.0005,10000,1198,0.008561752736568451,0.005280904471874237,0.16346738854819912,0.4157462998023009,1,1.75,449.55896162986755
64,1,5,3,0.001,10000,4750,0.000685736071318388,0.00042790855513885617,0.16422903858657317,0.296024016491076,1,2.0,465.1434807777405
32,1,8,3,0.0005,3000,3150,0.004355606622993946,0.0031983410008251667,0.1652798243494243,0.32048513848793203,1,1.75,135.38277912139893
32,1,5,3,0.002,10000,2382,0.00219935504719615,0.0011610107030719519,0.16618569114653395,0.3036970522354004,1,2.0,454.9750225543976
32,1,5,3,0.002,7000,2382,0.0021617719903588295,0.0013123704120516777,0.168330116349484,0.32478667761756247,1,1.875,318.1464831829071
16,2,5,3,0.0005,10000,3534,0.0015206701355054975,0.000915217213332653,0.17125821687138928,0.3533681092521509,1,1.875,713.9288375377655
16,1,5,3,0.002,10000,1198,0.006188815925270319,0.0034770462661981583,0.17204047817751933,0.30484230064602796,1,1.75,463.055472612381
32,1,12,3,0.0005,10000,4174,0.0019820258021354675,0.001539435237646103,0.17340598995950243,0.39347101970742315,1,1.75,451.7497527599335
64,1,5,3,0.001,7000,4750,0.0007900878554210067,0.0005507973255589604,0.17347344195916223,0.3008470755691645,1,2.0,335.5405812263489
64,1,5,3,0.002,8500,4750,0.0005562135484069586,0.0004233305808156729,0.17442356010606372,0.31444760199329774,1,2.0,406.30898928642273
32,1,5,3,0.001,5500,2382,0.002238504821434617,0.0016854165587574244,0.17542841563992495,0.30265641690974104,1,1.875,250.3709056377411
32,1,5,3,0.001,7000,2382,0.0022724466398358345,0.0014166994951665401,0.17553167250901378,0.3417839695928529,1,1.75,321.0734169483185
16,1,8,3,0.002,8500,1582,0.004849923774600029,0.003659631125628948,0.17560469116889643,0.5546667772271286,1,2.0,388.4368314743042
16,2,5,3,0.002,5500,3534,0.0011032316833734512,0.0007525019464083016,0.1764629807315779,0.25106864690416175,1,1.875,393.1167838573456
64,1,5,3,0.0005,7000,4750,0.0012090522795915604,0.0008506876183673739,0.1781001459548197,0.32693379664860256,1,2.0,334.2828109264374
16,1,5,3,0.002,7000,1198,0.007183648645877838,0.003976193256676197,0.17939357476539364,0.3567198702858526,1,1.5,318.85084533691406
32,1,5,3,0.0005,8500,2382,0.001897490699775517,0.0014971635537222028,0.17989555286064562,0.27874603507348694,1,1.75,385.0457901954651
16,2,5,3,0.002,7000,3534,0.0008747423416934907,0.0005574006354436278,0.18112594362094792,0.3939738919309519,1,2.0,500.08353090286255
64,1,5,3,0.0005,5500,4750,0.0015005797613412142,0.001019244664348662,0.18313303524487215,0.29613628186410473,1,1.875,252.80370330810547
32,1,5,3,0.0005,10000,2382,0.0025090519338846207,0.0013735995162278414,0.18381452674647042,0.2590329699317937,1,1.75,454.15375089645386
32,1,8,3,0.0005,8500,3150,0.001722582965157926,0.0013858608435839415,0.1875791485831909,0.5033013141015978,1,1.875,389.3687376976013
32,1,8,3,0.001,10000,3150,0.001986631192266941,0.0011055772192776203,0.18781670406781173,0.29547543929644,1,1.875,456.6897325515747
16,1,8,3,0.002,7000,1582,0.005747773218899965,0.0038732385728508234,0.18792368733438994,0.566875458485789,1,2.0,323.35747361183167
32,1,8,3,0.0005,7000,3150,0.0028859153389930725,0.0015792630147188902,0.18801715722328394,0.47074032418558526,1,1.875,320.71065616607666
16,1,12,3,0.002,2000,2094,0.0054825423285365105,0.004834556020796299,0.18870965669660983,0.36202755257598945,1,1.875,92.03861856460571
32,1,5,3,0.002,2000,2382,0.0037133146543055773,0.0023875506594777107,0.19222078498776257,0.33332523500294126,1,1.75,88.5462634563446
16,1,5,3,0.001,5500,1198,0.008786525577306747,0.0055971331894397736,0.19434494331566643,0.42365667690021247,1,1.75,251.93848848342896
32,1,12,3,0.002,10000,4174,0.0014974626246839762,0.0011444485280662775,0.19520522126270975,0.4212322379240303,1,2.0,459.8993196487427
16,1,12,3,0.001,2000,2094,0.006690268870443106,0.005636063404381275,0.19565213844241736,0.3118690550143677,1,1.75,91.8977358341217
16,1,12,3,0.0005,5500,2094,0.006849927827715874,0.004882968030869961,0.19602775729977176,0.3100828001221526,1,1.875,247.63443279266357
16,2,5,3,0.0005,8500,3534,0.001256573828868568,0.0010114556644111872,0.20273913237518906,0.5113142154577632,1,1.875,605.7885777950287
32,1,8,3,0.001,7000,3150,0.002143914345651865,0.0012772404588758945,0.20331627681828932,0.2954324982718797,1,1.875,320.363352060318
16,1,5,3,0.002,8500,1198,0.0040933601558208466,0.003253770526498556,0.20637329253134687,0.4692992351736844,1,1.625,395.7005021572113
32,1,8,3,0.0005,10000,3150,0.0017336190212517977,0.0010348112555220723,0.20955898350466765,0.36687718419728216,1,1.875,454.6982669830322
16,1,12,3,0.001,8500,2094,0.005417419597506523,0.004240021575242281,0.21611261692540512,0.40593882821532556,1,1.75,385.61255979537964
64,1,5,3,0.002,7000,4750,0.0007185574504546821,0.0005013963091187179,0.221537868081587,0.42928349553949674,1,1.625,336.50687432289124
16,1,12,3,0.001,10000,2094,0.005000461358577013,0.0037156562320888042,0.22319553616616358,0.44573280680196087,1,1.625,451.1648187637329
64,1,5,3,0.0005,8500,4750,0.0009261806262657046,0.0006783320568501949,0.22528124373267255,0.3501411854792723,1,1.625,392.7044007778168
64,1,5,3,0.0005,10000,4750,0.0010668515460565686,0.0005886490689590573,0.23302645028728208,0.3919983486660934,1,1.75,458.2451663017273
16,1,12,3,0.001,7000,2094,0.003924762364476919,0.0034539084881544113,0.26389061851119583,0.5216607553202117,1,1.75,313.2378318309784
16,1,12,3,0.0005,7000,2094,0.004999496042728424,0.0043983981013298035,0.2682125531268861,0.4106827839956768,1,1.375,317.4272882938385
