omega_0,seed,n_params_total,final_loss,min_loss,mean_rel_err,max_rel_err,min_correct_digits,mean_correct_digits,elapsed_s
10.0,42,34177,3.110163379460573e-05,2.3483589757233858e-05,0.0012762902438877759,0.0024699486602062655,3,4.0,80.40092301368713
10.0,43,34177,5.3912921430310234e-05,1.8069134966935962e-05,0.0014394713710267602,0.0032946045489657067,3,3.875,79.49298000335693
10.0,44,34177,2.9120466933818534e-05,2.2193549739313312e-05,0.000946393429313244,0.0019988082799849275,3,4.125,77.16482543945312
20.0,42,34177,4.272576188668609e-05,3.210214345017448e-05,0.0028848950560285257,0.006208139483776008,3,3.625,75.17905020713806
20.0,43,34177,5.228825466474518e-05,2.3751301341690123e-05,0.000990582004630729,0.00285483327123104,3,4.125,76.78552842140198
20.0,44,34177,7.625641592312604e-05,5.1819075451930985e-05,0.0026967694223344594,0.005096985852316936,3,3.75,77.42121815681458
30.0,42,34177,0.00025874600396491587,0.0002385437546763569,0.003614601459789184,0.0074931280723261155,3,3.5,70.40335988998413
30.0,43,34177,0.0003806036547757685,0.00018054024258162826,0.003644213921126586,0.007490870437832792,3,3.5,70.62285900115967
30.0,44,34177,0.0005863868282176554,0.0005040830001235008,0.0067187581922368116,0.014900260298114273,3,3.125,70.36288404464722
40.0,42,34177,0.0013805453199893236,0.0011955967638641596,0.014575085123547021,0.022550765522282724,2,3.0,70.65151381492615
40.0,43,34177,0.0014916588552296162,0.0011013334151357412,0.0028439414115005797,0.010355162972184369,3,3.75,70.95469856262207
40.0,44,34177,0.013991102576255798,0.01106460765004158,0.03245019414718512,0.0589949184352206,2,2.375,71.28747272491455
50.0,42,34177,0.005951908882707357,0.004208086058497429,0.009767405882000202,0.02079836257447657,2,3.0,71.9775710105896
50.0,43,34177,0.0030991979874670506,0.0023058862425386906,0.006123998322350044,0.01265994434833615,3,3.25,71.26673555374146
50.0,44,34177,0.00630847318097949,0.004855452571064234,0.038469963753984295,0.06894460272214968,2,2.5,71.61079120635986
