n_pieces,lr,tau_start,tau_end,seed,I1,I2,I3,I4,I5,I6,I7,I8,min_dig,mean_dig,max_dig,mean_rel_err,max_rel_err,final_loss,min_loss,elapsed_s,n_weights
10,0.002,1.0,0.01,42,6,5,5,6,5,5,5,6,5,5.38,6,4.360101e-05,9.688635e-05,2.800814e-10,3.411994e-11,726.28,200
10,0.002,1.0,0.01,137,6,6,5,4,6,6,5,6,4,5.50,6,2.473814e-04,1.781333e-03,1.013619e-08,8.541085e-13,729.98,200
10,0.002,1.0,0.01,2024,6,7,7,6,7,6,6,6,6,6.38,7,8.643556e-06,2.088135e-05,1.026525e-11,3.769110e-12,743.62,200
10,0.002,1.0,0.01,999,5,5,5,5,5,5,5,5,5,5.00,5,2.725908e-04,6.240594e-04,4.821163e-09,5.203518e-12,743.90,200
10,0.002,1.0,0.01,7,4,6,4,4,4,6,5,6,4,4.88,6,4.278508e-04,1.219657e-03,1.548655e-08,7.572970e-13,727.57,200
14,0.0005,1.0,0.01,42,4,4,5,5,5,5,5,5,4,4.75,5,2.060723e-04,3.554351e-04,9.349142e-09,7.521664e-12,738.13,280
14,0.0005,1.0,0.01,137,6,6,5,5,5,7,6,5,5,5.62,7,4.492353e-05,1.453700e-04,1.780111e-10,3.624337e-12,731.57,280
14,0.0005,1.0,0.01,2024,4,4,4,4,4,4,5,4,4,4.12,5,2.456967e-03,7.899503e-03,2.653695e-07,5.918877e-14,730.53,280
14,0.0005,1.0,0.01,999,6,7,7,6,6,7,7,7,6,6.62,7,4.272028e-06,1.182200e-05,2.668657e-12,2.252781e-13,729.07,280
14,0.0005,1.0,0.01,7,6,5,5,6,6,6,6,6,5,5.75,6,3.440748e-05,8.515278e-05,1.681905e-10,8.894274e-14,727.13,280
16,0.001,1.0,0.01,42,4,5,5,5,4,5,5,5,4,4.75,5,2.086578e-04,6.389380e-04,7.757548e-09,2.950230e-11,734.75,320
